BLANK ODE2 and toluene1 ex284,,BLANK ODE2 and toluene2,,BLANK ODE2 and toluene1 em330,,BLANK ODE2 and toluene1 ex287,,BLANK ODE2 and toluene1 ex300,,BLANK ODE2 and toluene1 em350,,
Wavelength (nm),Intensity (a.u.),Wavelength (nm),Intensity (a.u.),Wavelength (nm),Intensity (a.u.),Wavelength (nm),Intensity (a.u.),Wavelength (nm),Intensity (a.u.),Wavelength (nm),Intensity (a.u.),
300,-0.9886016846,290,0.6592102051,220,1.710361481,296.9200134,-1.744056702,310,-0.9528245926,220,6.209679604,
300.9299927,-3.093307495,291.0700073,-9.392471313,220.9299927,-1.894954681,297.8399963,-2.226356506,311.0700073,0.2725715637,220.9299927,4.74767971,
302.0299988,-8.143875122,292,-14.84356689,222.0299988,-0.7025547028,298.9200134,-3.559005737,312,2.06828022,222.0299988,1.792358398,
302.9599915,-11.17539978,293.0700073,-16.80839539,222.9600067,-2.02720356,299.8399963,-3.735759735,313.0700073,2.945416451,222.9600067,1.407877922,
304.0599976,-13.94233704,294,-15.91009521,224.0599976,-0.375617981,300.9299927,-6.693702698,314,3.415143013,224.0599976,1.313202858,
305,-18.22242737,295.0700073,-19.23390961,225,-2.012827873,301.8699951,-5.040943146,315.0700073,4.69120121,225,-1.042695999,
305.9299927,-18.52249908,296,-23.71429443,225.9299927,-3.913330078,302.9599915,-6.504631042,316,5.226231575,225.9299927,-0.8404006958,
307.0299988,-23.55226135,297.0700073,-26.29766083,227.0299988,-3.713347435,303.8999939,-6.7628479,317.0700073,5.909443855,227.0299988,-1.382390022,
307.9599915,-25.64024353,298,-30.21080017,227.9600067,-3.222424507,304.8399963,-7.713409424,318,6.114251137,227.9600067,-3.477347374,
309.0599976,-28.08370972,299.0700073,-34.32518768,229.0599976,-3.03669548,305.9299927,-8.061767578,319.0700073,8.360747337,229.0599976,-2.921685219,
310,-29.45608521,300,-37.39444733,230,-3.482303619,306.8699951,-7.519535065,320,9.517027855,230,-3.167859077,
311.0700073,-29.32891846,300.9299927,-40.29111481,230.9299927,-4.29755497,307.9599915,-9.044223785,320.9299927,12.50967884,230.9299927,-2.344073296,
312,-30.25424194,302.0299988,-44.09962463,232.0299988,-3.599117756,308.8999939,-7.577453613,322.0299988,15.98057842,232.0299988,-2.022848129,
313.0700073,-33.8942337,302.9599915,-47.09487915,232.9600067,-3.641365051,309.8399963,-6.180866241,322.9599915,20.21011734,232.9600067,-1.581581116,
314,-35.21858215,304.0599976,-50.02347565,234.0599976,-4.06192112,310.9200134,-5.390224457,324.0599976,24.52884674,234.0599976,-1.334915161,
315.0700073,-38.52601624,305,-53.35192871,235,-2.682256699,311.8399963,-3.975669861,325,28.74855804,235,-0.556968689,
316,-39.31825256,305.9299927,-57.80852509,235.9299927,-2.596713066,312.9200134,-2.194202423,325.9299927,33.8342514,235.9299927,-1.184908867,
317.0700073,-40.8866272,307.0299988,-60.72433472,237.0299988,-1.731077194,313.8399963,-1.368480682,327.0299988,39.30160141,237.0299988,0.1376428604,
318,-41.1541214,307.9599915,-60.99260712,237.9600067,-1.978393555,314.9200134,-0.692237854,327.9599915,44.48794556,237.9600067,-0.2356081009,
319.0700073,-38.44782257,309.0599976,-62.46334839,239.0599976,-0.9913606644,315.8399963,0.8435783386,329.0599976,50.14955902,239.0599976,-0.8544492722,
320,-37.69259644,310,-65.32829285,240,-1.490044594,316.9200134,0.06750869751,330,52.27148438,240,-0.2912731171,
320.9299927,-32.92939758,311.0700073,-65.6812439,240.9299927,-1.67730999,317.8399963,2.299659729,331.0700073,53.94681549,240.9299927,0.4578914642,
322.0299988,-31.18281555,312,-66.7250061,242.0299988,-1.68607235,318.9200134,4.886013031,332,53.15245056,242.0299988,0.03742790222,
322.9599915,-25.91692352,313.0700073,-70.35031128,242.9600067,-1.501245499,319.8399963,9.107563019,333.0700073,56.602211,242.9600067,1.12334919,
324.0599976,-23.3182373,314,-71.55497742,244.0599976,-1.786624908,320.9299927,15.41639328,334,57.55528259,244.0599976,0.4647350311,
325,-21.72668457,315.0700073,-73.09586334,245,-1.200130463,321.8699951,22.34153366,335.0700073,57.67523193,245,1.308020592,
325.9299927,-21.36743927,316,-75.25640869,245.9299927,-1.566565514,322.9599915,29.16424179,336,56.89602661,245.9299927,1.309610367,
327.0299988,-21.391922,317.0700073,-76.79691315,247.0299988,-1.687317848,323.8999939,34.07530594,337.0700073,58.13356018,247.0299988,2.034816742,
327.9599915,-19.21175385,318,-76.14150238,247.9600067,-1.008325577,324.8399963,39.62133408,338,58.00384521,247.9600067,1.152544975,
329.0599976,-22.31311798,319.0700073,-75.55202484,249.0599976,-0.6389846802,325.9299927,40.67129898,339.0700073,59.7240448,249.0599976,2.752337456,
330,-21.36420441,320,-74.84024048,250,-0.5550441742,326.8699951,43.54502487,340,60.82138062,250,2.542281151,
331.0700073,-21.68745422,320.9299927,-70.39862823,250.9299927,-0.3533668518,327.9599915,45.89355087,341.0700073,63.28787994,250.9299927,2.065893173,
332,-23.20400238,322.0299988,-65.50492096,252.0299988,0.08509922028,328.8999939,46.63306046,342,62.90853119,252.0299988,3.373849869,
333.0700073,-19.99842834,322.9599915,-64.0276413,252.9600067,1.110866547,329.8399963,47.58880997,343.0700073,63.91516876,252.9600067,3.639152527,
334,-19.95572662,324.0599976,-60.40211487,254.0599976,0.6320095062,330.9200134,48.76343918,344,65.16149139,254.0599976,4.5893507,
335.0700073,-20.34670258,325,-58.22463989,255,1.384108543,331.8399963,50.60830307,345.0700073,65.5146637,255,5.403878212,
336,-19.35251617,325.9299927,-57.42744446,255.9299927,2.049806595,332.9200134,49.33673477,346,65.9289093,255.9299927,5.084347725,
337.0700073,-18.44095612,327.0299988,-56.89709473,257.0299988,2.077488899,333.8399963,55.1271553,347.0700073,66.45606232,257.0299988,6.321629524,
338,-20.81250763,327.9599915,-56.62423706,257.9599915,2.233364105,334.9200134,52.93198013,348,66.93418884,257.9599915,7.181731224,
339.0700073,-20.22898102,329.0599976,-56.94036865,259.0599976,2.385349274,335.8399963,57.93912125,349.0700073,66.52628326,259.0599976,7.438288689,
340,-21.31819153,330,-57.97148895,260,2.644850731,336.9200134,58.31798172,350,66.09565735,260,8.020310402,
341.0700073,-23.2167511,331.0700073,-55.93809509,260.9299927,2.685153961,337.8399963,56.88402939,351.0700073,67.13606262,260.9299927,7.572451591,
342,-25.19663239,332,-57.00430298,262.0299988,2.44332695,338.9200134,57.28821945,352,65.26353455,262.0299988,8.717869759,
343.0700073,-25.76769257,333.0700073,-55.43232727,262.9599915,3.225730896,339.8399963,56.60969162,353.0700073,64.24349213,262.9599915,8.130188942,
344,-26.7930603,334,-54.633461,264.0599976,3.142817497,340.9200134,56.52487564,354,63.16433716,264.0599976,8.67920208,
345.0700073,-26.29283905,335.0700073,-55.33834839,265,2.582715988,341.8399963,54.12015915,355.0700073,60.74407196,265,9.7841959,
346,-27.8940506,336,-54.48993683,265.9299927,3.403418541,342.9200134,52.13264084,356,61.99688721,265.9299927,9.308436394,
347.0700073,-29.77046967,337.0700073,-54.82571411,267.0299988,2.890407562,343.8399963,50.47803116,357.0700073,60.76098633,267.0299988,9.390692711,
348,-29.84102631,338,-54.56815338,267.9599915,2.591737747,344.9200134,49.04611588,358,61.51512909,267.9599915,9.126997948,
349.0700073,-30.92660522,339.0700073,-55.89945984,269.0599976,2.053740501,345.8399963,48.64355087,359.0700073,59.11572266,269.0599976,9.254462242,
350,-33.50926208,340,-57.13333893,270,1.786636353,346.9200134,46.90314865,360,58.87723541,270,7.888306618,
351.0700073,-32.9208374,341.0700073,-55.97398376,271.0700073,1.093175888,347.8399963,46.0395546,361.0700073,56.6894455,271.0700073,6.807391167,
352,-32.41844177,342,-58.84644318,272,1.233056068,348.9200134,47.9504509,362,57.92025757,272,6.630007744,
353.0700073,-35.70892334,343.0700073,-59.08963776,273.0700073,0.1985425949,349.8399963,46.32132339,363.0700073,56.80800629,273.0700073,5.320439339,
354,-37.72580719,344,-61.8864212,274,-0.04188251495,350.9200134,46.32065964,364,54.5223465,274,5.244460106,
355.0700073,-40.32098389,345.0700073,-62.39413452,275.0700073,0.20753479,351.8399963,44.00419998,365.0700073,54.77419281,275.0700073,4.31981945,
356,-40.61972046,346,-64.4287796,276,1.890915871,352.9200134,40.50795364,366,53.11863708,276,4.60592556,
357.0700073,-42.17107391,347.0700073,-65.66822052,277.0700073,6.107469559,353.8399963,39.70684433,367.0700073,52.18093872,277.0700073,5.67768383,
358,-43.0201416,348,-65.6219101,278,12.04197693,354.9200134,35.94951248,368,51.5240097,278,9.217268944,
359.0700073,-44.81445313,349.0700073,-67.88671112,279.0700073,23.18068314,355.8399963,36.52210617,369.0700073,49.48001862,279.0700073,16.38812256,
360,-46.70377731,350,-68.32250977,280,35.30207825,356.9200134,31.23211288,370,50.04915619,280,22.75193787,
361.0700073,-48.01325989,351.0700073,-69.20619965,280.9299927,47.3601532,357.8399963,30.90003586,371.0700073,48.03123474,280.9299927,33.12006378,
362,-49.07675171,352,-70.1279068,282.0299988,59.72606659,358.9200134,28.83971786,372,46.08725739,282.0299988,42.89522934,
363.0700073,-50.5994072,353.0700073,-70.3870163,282.9599915,68.91368866,359.8399963,26.06515121,373.0700073,45.8046875,282.9599915,54.56071472,
364,-51.53901291,354,-72.78028107,284.0599976,76.10275269,360.9200134,25.94668198,374,45.65927124,284.0599976,63.3639679,
365.0700073,-51.22080612,355.0700073,-74.45674133,285,81.66615295,361.8399963,22.80729294,375.0700073,42.60750961,285,72.53193665,
366,-52.98802948,356,-77.46956635,285.9299927,85.11956024,362.9200134,23.10832596,376,42.44284821,285.9299927,78.9878006,
367.0700073,-53.02600861,357.0700073,-77.44712067,287.0299988,87.20372009,363.8399963,21.55218887,377.0700073,41.28203583,287.0299988,83.76036835,
368,-56.35707474,358,-79.77046967,287.9599915,86.17020416,364.9200134,20.10512161,378,40.98417282,287.9599915,84.5590744,
369.0700073,-56.2376709,359.0700073,-81.02510071,289.0599976,85.71114349,365.8399963,17.48028946,379.0700073,39.11593628,289.0599976,87.48645782,
370,-59.12583923,360,-82.7429657,290,80.21009064,366.9200134,16.28194046,380,39.082901,290,89.37289429,
371.0700073,-59.01815796,361.0700073,-83.46447754,290.9299927,78.28424835,367.8399963,14.70641708,381.0700073,37.5978241,290.9299927,85.74468231,
372,-60.38108063,362,-85.10884094,292.0299988,73.09603119,368.9200134,14.06932449,382,36.44409561,292.0299988,84.35712433,
373.0700073,-61.55352402,363.0700073,-85.80990601,292.9599915,68.9681015,369.8399963,12.34757996,383.0700073,37.14266968,292.9599915,82.34086609,
374,-63.16915512,364,-87.65674591,294.0599976,65.34513092,370.9200134,10.30569839,384,35.56115341,294.0599976,79.48879242,
375.0700073,-62.66540146,365.0700073,-89.83630371,295,62.63800049,371.8399963,10.30493164,385.0700073,35.10051346,295,78.23371124,
376,-65.24858093,366,-89.33763123,295.9299927,59.18332672,372.9200134,7.617183685,386,32.78959656,295.9299927,76.40632629,
377.0700073,-64.94422913,367.0700073,-92.030159,297.0299988,58.45721436,373.8399963,6.598251343,387.0700073,32.71733475,297.0299988,74.36174774,
378,-66.52809143,368,-90.41311646,297.9599915,56.01285553,374.9200134,5.18592453,388,29.95808792,297.9599915,72.92030334,
379.0700073,-66.51779175,369.0700073,-93.14447021,299.0599976,56.33990479,375.8399963,3.522415161,389.0700073,30.4716301,299.0599976,72.07258606,
380,-67.76699829,370,-94.21457672,300,55.36100769,376.9200134,2.37612915,390,29.13825989,300,68.82519531,
381.0700073,-67.52430725,371.0700073,-95.62890625,301.0700073,52.48054504,377.8399963,2.559371948,391.0700073,29.43418121,301.0700073,66.22290802,
382,-68.70423889,372,-97.5581665,302,48.64223099,378.9200134,0.3296051025,392,27.47097778,302,63.80723572,
383.0700073,-69.52285004,373.0700073,-97.59190369,303.0700073,44.48866653,379.8399963,-0.2584152222,393.0700073,27.93723679,303.0700073,61.54709625,
384,-69.77142334,374,-98.19416809,304,41.65176392,380.9200134,-1.24363327,394,26.74528503,304,58.46569061,
385.0700073,-70.92045593,375.0700073,-100.0536575,305.0700073,37.11909485,381.8399963,-2.17401123,395.0700073,26.3007431,305.0700073,55.31220245,
386,-71.17416382,376,-100.66819,306,34.50904083,382.9200134,-3.889827728,396,25.14162064,306,51.46281815,
387.0700073,-72.76560974,377.0700073,-100.9575424,307.0700073,31.52062607,383.8399963,-4.567691803,397.0700073,24.66789246,307.0700073,48.82135391,
388,-73.19150543,378,-102.3220367,308,28.96636581,384.9200134,-4.705066681,398,24.0762825,308,47.12197876,
389.0700073,-73.21755981,379.0700073,-102.0196686,309.0700073,26.41218567,385.8399963,-6.021778107,399.0700073,22.85525131,309.0700073,45.27092743,
390,-74.11517334,380,-103.8790741,310,24.68032837,386.9200134,-6.2537117,400,23.44009018,310,42.63720322,
391.0700073,-73.65319824,381.0700073,-104.3299942,311.0700073,23.16385651,387.8399963,-7.015396118,401.0700073,22.08453369,311.0700073,41.4826622,
392,-74.0247345,382,-104.7662354,312,21.37276077,388.9200134,-9.388122559,402,21.44015503,312,38.48205948,
393.0700073,-75.80604553,383.0700073,-105.764946,313.0700073,19.1344738,389.8399963,-10.84809494,403.0700073,20.66442871,313.0700073,36.50818634,
394,-76.67234802,384,-106.609848,314,16.68440819,390.9200134,-9.689411163,404,20.51434326,314,36.25273132,
395.0700073,-76.59719086,385.0700073,-107.9042358,315.0700073,14.17389488,391.8399963,-11.41598129,405.0700073,20.29916763,315.0700073,35.14987564,
396,-76.71072388,386,-108.4011536,316,11.51624298,392.9200134,-10.27113724,406,18.19198608,316,33.29396439,
397.0700073,-78.07158661,387.0700073,-108.9661179,317.0700073,8.301502228,393.8399963,-11.58306885,407.0700073,17.83029556,317.0700073,30.93624115,
398,-78.56855774,388,-107.9841766,318,7.785467148,394.9200134,-12.94750977,408,17.67746735,318,29.58586884,
399.0700073,-79.2769165,389.0700073,-109.6412201,319.0700073,6.001148224,395.8399963,-13.2723999,409.0700073,17.71457291,319.0700073,25.38880539,
400,-79.14408112,390,-109.5506592,320,4.981684685,396.9200134,-13.17765045,410,17.21289444,320,22.99467087,
401.0700073,-79.78727722,391.0700073,-110.3107681,,,397.8399963,-14.36010742,411.0599976,15.76360607,320.9299927,20.72565842,
402,-79.92714691,392,-111.7880402,,,398.9200134,-15.58055115,411.9599915,16.82798004,322.0299988,17.16065216,
403.0700073,-81.16943359,393.0700073,-111.9548721,,,399.8399963,-15.76366043,413.0299988,15.18042469,322.9599915,17.24245071,
404,-81.18090057,394,-113.0439148,,,400.9200134,-17.47102356,413.9299927,15.01138592,324.0599976,15.52490902,
405.0700073,-82.25016022,395.0700073,-112.4903641,,,401.8399963,-17.12425232,415,13.66477108,325,14.82503796,
406,-81.87917328,396,-112.9063187,,,402.9200134,-18.04010773,416.0599976,13.62397099,325.9299927,13.26961613,
407.0700073,-81.86659241,397.0700073,-114.604187,,,403.8399963,-18.05044937,416.9599915,13.00747585,327.0299988,12.91689968,
408,-82.4913559,398,-114.6539383,,,404.9200134,-18.16669083,418.0299988,13.01851177,327.9599915,12.92694187,
409.0700073,-83.31842041,399.0700073,-114.4234467,,,405.8399963,-18.45917892,418.9299927,12.2492857,329.0599976,11.45746517,
410,-83.45845795,400,-115.8799438,,,406.9200134,-20.44819641,420,12.70275974,330,9.630173683,
411.0599976,-84.73288727,401.0700073,-116.2282715,,,407.8399963,-20.77821159,421.0700073,11.68201923,331.0700073,7.824831963,
411.9599915,-84.65814209,402,-116.6246185,,,408.9200134,-20.73569298,422,11.89564228,332,5.99320507,
413.0299988,-84.8946991,403.0700073,-117.233757,,,409.8399963,-21.03957558,423.0700073,11.68536282,333.0700073,3.735135078,
413.9299927,-85.53395081,404,-117.1278915,,,410.8999939,-21.151968,424,10.06809139,334,2.682010651,
415,-85.62229919,405.0700073,-118.1544189,,,411.9599915,-21.91812897,425.0700073,9.311215401,335.0700073,0.9912490845,
416.0599976,-86.31166077,406,-118.4354324,,,412.8699951,-22.81751823,426,9.330748558,336,-0.7343053818,
416.9599915,-86.59044647,407.0700073,-117.7308807,,,413.9299927,-23.18716431,427.0700073,9.673634529,337.0700073,-2.820660591,
418.0299988,-85.71829224,408,-119.3982773,,,414.8399963,-23.9023037,428,8.824421883,338,-3.016339302,
418.9299927,-87.05123138,409.0700073,-119.6977386,,,415.8999939,-24.587183,429.0700073,8.17802906,339.0700073,-3.792482376,
420,-87.1703186,410,-119.0743484,,,416.9599915,-24.46195984,430,7.429886818,340,-4.658528328,
421.0700073,-87.4734726,411.0599976,-120.1148758,,,417.8699951,-24.59636116,431.0599976,7.182150841,,,
422,-87.5503006,411.9599915,-120.296257,,,418.9299927,-24.65698814,431.9599915,6.854218483,,,
423.0700073,-89.00904846,413.0299988,-120.0217285,,,419.8399963,-25.77051926,433.0299988,6.712155342,,,
424,-88.97103882,413.9299927,-121.5544891,,,420.9200134,-25.61121178,433.9299927,5.685084343,,,
425.0700073,-89.29563904,415,-121.6160507,,,421.8399963,-25.31752014,435,6.264861107,,,
426,-89.20442963,416.0599976,-122.5781631,,,422.9200134,-27.0839138,436.0599976,5.326487541,,,
427.0700073,-89.41117096,416.9599915,-122.5611572,,,423.8399963,-26.85962486,436.9599915,5.24818325,,,
428,-91.0952301,418.0299988,-122.9996643,,,424.9200134,-27.57330132,438.0299988,4.726918221,,,
429.0700073,-91.26364899,418.9299927,-123.4393311,,,425.8399963,-27.960392,438.9299927,3.838435173,,,
430,-90.44136047,420,-122.5945129,,,426.9200134,-28.28195,440,4.00688076,,,
431.0599976,-91.18543243,421.0700073,-124.2200699,,,427.8399963,-28.40131378,441.0599976,3.699929237,,,
431.9599915,-91.42269897,422,-124.2052383,,,428.9200134,-29.85463715,441.9599915,2.458489418,,,
433.0299988,-91.29685211,423.0700073,-124.6092758,,,429.8399963,-29.22097015,443.0299988,2.489262581,,,
433.9299927,-92.1472168,424,-125.1827393,,,430.8999939,-30.2070446,443.9299927,2.390902519,,,
435,-92.58356476,425.0700073,-124.359787,,,431.9599915,-30.70027924,445,2.613217354,,,
436.0599976,-93.50484467,426,-125.8029022,,,432.8699951,-30.88137627,446.0599976,1.942004204,,,
436.9599915,-93.07045746,427.0700073,-125.3723755,,,433.9299927,-31.16240692,446.9599915,1.440766335,,,
438.0299988,-93.83657074,428,-125.990242,,,434.8399963,-32.05628204,448.0299988,1.874163628,,,
438.9299927,-93.44816589,429.0700073,-126.3393402,,,435.8999939,-31.97446632,448.9299927,1.444743156,,,
440,-93.50209808,430,-127.6080322,,,436.9599915,-32.47225952,450,1.117259026,,,
441.0599976,-94.99525452,431.0599976,-127.7615814,,,437.8699951,-32.62656403,451.0599976,0.6278162003,,,
441.9599915,-94.48508453,431.9599915,-127.7861328,,,438.9299927,-33.78760529,451.9599915,0.7343454361,,,
443.0299988,-94.56500244,433.0299988,-127.8445663,,,439.8399963,-32.99507141,453.0299988,0.5422897339,,,
443.9299927,-95.44743347,433.9299927,-128.2842865,,,440.8999939,-33.87147522,453.9299927,-0.2911558151,,,
445,-95.15288544,435,-128.1935577,,,441.9599915,-33.64951324,455,-0.1250047684,,,
446.0599976,-95.28196716,436.0599976,-128.8506927,,,442.8699951,-34.24424362,456.0599976,-0.4816074371,,,
446.9599915,-95.650177,436.9599915,-129.2439423,,,443.9299927,-34.57331467,456.9599915,-0.2244167328,,,
448.0299988,-95.95823669,438.0299988,-129.3598785,,,444.8399963,-34.17164612,458.0299988,-0.09914207458,,,
448.9299927,-95.9868927,438.9299927,-129.6910706,,,445.8999939,-34.57326508,458.9299927,-0.6662559509,,,
450,-95.72372437,440,-130.2493439,,,446.9599915,-35.08812332,460,-1.047956467,,,
451.0599976,-96.03194427,441.0599976,-130.7062073,,,447.8699951,-35.32780457,461.0599976,-1.002626419,,,
451.9599915,-96.28546906,441.9599915,-129.8202515,,,448.9299927,-35.22951889,461.9599915,-1.132537842,,,
453.0299988,-96.23921204,443.0299988,-130.7262268,,,449.8399963,-36.18686676,463.0299988,-1.123351097,,,
453.9299927,-96.5185318,443.9299927,-131.7607269,,,450.8999939,-35.44960022,463.9299927,-1.393906593,,,
455,-96.85874939,445,-131.0187531,,,451.9599915,-36.74150848,465,-2.158815384,,,
456.0599976,-97.51322174,446.0599976,-131.4265442,,,452.8699951,-36.86989975,466.0599976,-2.763738632,,,
456.9599915,-98.21258545,446.9599915,-132.3988953,,,453.9299927,-36.74371338,466.9599915,-1.964076042,,,
458.0299988,-97.12178802,448.0299988,-131.9121857,,,454.8399963,-37.11066818,468.0299988,-2.651574135,,,
458.9299927,-97.40190125,448.9299927,-132.470108,,,455.8999939,-37.54364777,468.9299927,-2.940600395,,,
460,-98.2607193,450,-132.2796326,,,456.9599915,-36.88891983,470,-2.803319931,,,
461.0599976,-98.73921204,451.0599976,-132.82901,,,457.8699951,-38.00498199,471.0599976,-2.878760338,,,
461.9599915,-98.58457184,451.9599915,-132.3421173,,,458.9299927,-38.16939926,471.9599915,-3.625707626,,,
463.0299988,-98.42840576,453.0299988,-132.1028137,,,459.8399963,-38.00819397,473.0299988,-3.107009888,,,
463.9299927,-98.80317688,453.9299927,-133.3735657,,,460.8999939,-37.43107986,473.9299927,-3.306706429,,,
465,-98.65869141,455,-133.4716492,,,461.9599915,-38.42769623,475,-3.420091629,,,
466.0599976,-99.01625061,456.0599976,-132.7528076,,,462.8699951,-38.57266998,476.0599976,-3.139746666,,,
466.9599915,-99.54818726,456.9599915,-133.6493835,,,463.9299927,-38.59996414,476.9599915,-4.013498306,,,
468.0299988,-99.05471802,458.0299988,-133.8230743,,,464.8399963,-38.41786194,478.0299988,-3.94366169,,,
468.9299927,-99.41331482,458.9299927,-134.1104431,,,465.8999939,-39.04176712,478.9299927,-4.074977875,,,
470,-99.27037048,460,-134.1761169,,,466.9599915,-39.58982468,480,-3.931508064,,,
471.0599976,-99.96287537,461.0599976,-134.4742737,,,467.8699951,-39.00735092,481.0599976,-5.055494308,,,
471.9599915,-99.94532013,461.9599915,-134.5231018,,,468.9299927,-39.90845108,481.9599915,-4.387945175,,,
473.0299988,-99.48866272,463.0299988,-134.516571,,,469.8399963,-40.61621094,483.0299988,-4.75217247,,,
473.9299927,-100.5804825,463.9299927,-134.0751038,,,470.8999939,-40.56776428,483.9299927,-5.176240921,,,
475,-100.5137177,465,-134.869812,,,471.9599915,-40.00579071,485,-5.347109795,,,
476.0599976,-99.93153381,466.0599976,-135.3750763,,,472.8699951,-40.3866539,486.0599976,-5.850298882,,,
476.9599915,-100.4942627,466.9599915,-134.9559021,,,473.9299927,-40.82785034,486.9599915,-5.102918625,,,
478.0299988,-100.3110657,468.0299988,-135.2977142,,,474.8399963,-40.58734512,488.0299988,-4.892154694,,,
478.9299927,-100.5624542,468.9299927,-135.6478729,,,475.8999939,-40.73119354,488.9299927,-5.751145363,,,
480,-101.3549194,470,-135.8252258,,,476.9599915,-41.17639923,490,-5.756549835,,,
481.0599976,-100.7449646,471.0599976,-135.8674011,,,477.8699951,-41.1157074,491.0400085,-6.337204933,,,
481.9599915,-101.0352936,471.9599915,-135.8504333,,,478.9299927,-41.3270874,491.9400024,-6.629691124,,,
483.0299988,-101.284935,473.0299988,-136.5443726,,,479.8399963,-41.49853897,492.980011,-6.494969368,,,
483.9299927,-101.5554352,473.9299927,-135.9646759,,,480.8999939,-42.1013298,494.019989,-6.52076149,,,
485,-101.5480347,475,-136.4344177,,,481.9599915,-41.87384033,495.0700073,-6.408551216,,,
486.0599976,-101.334137,476.0599976,-136.3038635,,,482.8699951,-41.78980255,495.9700012,-6.721735954,,,
486.9599915,-101.9929504,476.9599915,-136.2279053,,,483.9299927,-42.30944443,497.0100098,-6.743754387,,,
488.0299988,-102.2508392,478.0299988,-136.8903809,,,484.8399963,-42.4879303,498.0499878,-7.073449135,,,
488.9299927,-102.2694931,478.9299927,-136.7507019,,,485.8999939,-42.81814575,498.9500122,-7.408451557,,,
490,-102.2824097,480,-137.1716766,,,486.9599915,-42.60850525,500,-7.12352562,,,
491.0400085,-102.4445343,481.0599976,-136.9279785,,,487.8699951,-42.75556183,501.0400085,-7.237411499,,,
491.9400024,-102.6117935,481.9599915,-137.6229401,,,488.9299927,-43.03330231,501.9400024,-7.173012257,,,
492.980011,-102.6126709,483.0299988,-137.6331024,,,489.8399963,-43.23173523,502.980011,-7.892681599,,,
494.019989,-102.6887054,483.9299927,-137.7149353,,,490.8900146,-43.08898544,504.019989,-8.333548546,,,
495.0700073,-102.7739182,485,-137.4405365,,,491.9400024,-43.05109406,505.0700073,-7.767239094,,,
495.9700012,-102.6360397,486.0599976,-137.9984283,,,492.980011,-43.31167984,505.9700012,-7.797903061,,,
497.0100098,-103.3117676,486.9599915,-138.0667267,,,493.8800049,-43.64018631,507.0100098,-7.919573784,,,
498.0499878,-103.2489777,488.0299988,-137.957901,,,494.9200134,-43.62605667,508.0499878,-8.21792984,,,
498.9500122,-103.4433823,488.9299927,-138.4169006,,,495.9700012,-43.94118881,508.9500122,-8.727736473,,,
500,-103.4998093,490,-138.4887085,,,496.8599854,-43.85618973,510,-8.616575241,,,
501.0400085,-103.4654083,491.0400085,-138.7292938,,,497.9100037,-44.13901138,511.0599976,-8.839408875,,,
501.9400024,-103.5540543,491.9400024,-138.3320618,,,498.9500122,-44.21509933,511.9599915,-8.349797249,,,
502.980011,-103.2529068,492.980011,-138.4598083,,,499.8500061,-44.46471024,513.0300293,-8.809984207,,,
504.019989,-103.776413,494.019989,-138.6110229,,,500.8900146,-44.75230026,513.9299927,-9.073360443,,,
505.0700073,-103.809906,495.0700073,-138.8148651,,,501.9400024,-44.28041458,515,-9.064389229,,,
505.9700012,-103.9587631,495.9700012,-138.6791382,,,502.980011,-44.95868301,516.0599976,-9.254869461,,,
507.0100098,-103.6876144,497.0100098,-138.9287109,,,503.8800049,-45.04832077,516.960022,-8.950827599,,,
508.0499878,-104.1286469,498.0499878,-139.3272705,,,504.9200134,-45.09358978,518.0300293,-9.662469864,,,
508.9500122,-103.9865494,498.9500122,-139.365448,,,505.9700012,-44.86943817,518.9299927,-9.52042675,,,
510,-104.3979568,500,-139.5717621,,,506.8599854,-45.28187943,520,-9.02448082,,,
511.0599976,-104.2352371,501.0400085,-139.6968842,,,507.9100037,-45.57127762,521.039978,-9.484510422,,,
511.9599915,-104.004509,501.9400024,-138.9775085,,,508.9500122,-45.38604355,521.9400024,-9.777921677,,,
513.0300293,-104.2260284,502.980011,-139.5328674,,,509.8500061,-45.32279587,522.9799805,-10.10420609,,,
513.9299927,-104.4238663,504.019989,-139.4538116,,,510.8999939,-45.20819855,524.0200195,-10.01243114,,,
515,-104.4272919,505.0700073,-139.96698,,,511.9599915,-45.66300964,525.0700073,-9.749254227,,,
516.0599976,-104.2594757,505.9700012,-139.8605652,,,512.8699951,-45.68647766,525.9699707,-9.793598175,,,
516.960022,-104.8177032,507.0100098,-139.6368713,,,513.9299927,-45.91297913,527.0100098,-10.44022179,,,
518.0300293,-104.6016312,508.0499878,-139.7189331,,,514.8400269,-45.63679504,528.0499878,-10.04325676,,,
518.9299927,-104.9402313,508.9500122,-140.0563507,,,515.9000244,-45.92533112,528.9500122,-10.49454689,,,
520,-104.9155045,510,-140.2221985,,,516.960022,-46.15978241,530,-10.42095375,,,
521.039978,-104.9207916,511.0599976,-140.1846008,,,517.8699951,-45.89809799,531.039978,-10.66482067,,,
521.9400024,-105.0565567,511.9599915,-140.4369354,,,518.9299927,-46.3073082,531.9400024,-10.32161331,,,
522.9799805,-104.7400055,513.0300293,-140.1518707,,,519.8400269,-46.48459244,532.9799805,-10.56773376,,,
524.0200195,-105.1568146,513.9299927,-140.365387,,,520.8900146,-46.4544754,534.0200195,-10.8262043,,,
525.0700073,-104.9549026,515,-140.5049438,,,521.9400024,-46.30676651,535.0700073,-10.47080994,,,
525.9699707,-105.4813995,516.0599976,-140.8317261,,,522.9799805,-46.40327072,535.9699707,-10.86561775,,,
527.0100098,-104.9628754,516.960022,-140.5630188,,,523.8800049,-46.36455154,537.0100098,-11.04633617,,,
528.0499878,-105.2507629,518.0300293,-140.9507904,,,524.9199829,-46.3003273,538.0499878,-11.11750603,,,
528.9500122,-105.3147659,518.9299927,-141.1029663,,,525.9699707,-46.93964767,538.9500122,-11.12133312,,,
530,-105.3720093,520,-140.9233398,,,526.8599854,-46.67961884,540,-10.93558693,,,
531.039978,-105.5733032,521.039978,-140.9136353,,,527.9099731,-46.71601868,541.0200195,-10.97784615,,,
531.9400024,-105.4785538,521.9400024,-140.8741302,,,528.9500122,-46.86442947,542.0499878,-11.27062607,,,
532.9799805,-105.8675919,522.9799805,-140.8995209,,,529.8499756,-47.19176483,542.9400024,-11.49273777,,,
534.0200195,-105.7794418,524.0200195,-140.9829407,,,530.8900146,-47.2534256,543.9699707,-11.1842308,,,
535.0700073,-105.8542328,525.0700073,-141.1442566,,,531.9400024,-47.54835129,545,-11.52801704,,,
535.9699707,-105.7821503,525.9699707,-141.2497864,,,532.9799805,-47.37828445,546.0200195,-11.8340435,,,
537.0100098,-105.7649612,527.0100098,-141.3241882,,,533.8800049,-47.16616821,547.0499878,-11.55046082,,,
538.0499878,-105.9084244,528.0499878,-141.1680603,,,534.9199829,-47.23444748,547.9400024,-11.56544876,,,
538.9500122,-105.9469299,528.9500122,-141.4283295,,,535.9699707,-47.24308395,548.9699707,-11.56424427,,,
540,-105.9170074,530,-141.076004,,,536.8599854,-47.21683121,550,-11.7535553,,,
541.0200195,-105.9038086,531.039978,-141.5461731,,,537.9099731,-47.51992798,,,,,
542.0499878,-106.0448761,531.9400024,-141.5808411,,,538.9500122,-47.66767502,,,,,
542.9400024,-106.0858688,532.9799805,-141.4290771,,,539.8499756,-47.63947678,,,,,
543.9699707,-106.1524963,534.0200195,-141.4568176,,,540.8800049,-47.48587036,,,,,
545,-105.8090439,535.0700073,-141.5875854,,,541.9099731,-47.68252945,,,,,
546.0200195,-105.8437958,535.9699707,-141.5880432,,,542.9400024,-47.83198547,,,,,
547.0499878,-106.0898285,537.0100098,-141.7285767,,,543.9699707,-47.84757614,,,,,
547.9400024,-106.0518723,538.0499878,-141.5569305,,,544.8499756,-47.98868561,,,,,
548.9699707,-106.0760422,538.9500122,-141.8109131,,,545.8800049,-47.78464127,,,,,
550,-106.4111786,540,-141.6571045,,,546.9099731,-47.77697372,,,,,
,,541.0200195,-141.7668762,,,547.9400024,-48.03076553,,,,,
,,542.0499878,-142.1239777,,,548.9699707,-48.15561295,,,,,
,,542.9400024,-142.2578278,,,549.8499756,-48.03697968,,,,,
,,543.9699707,-142.1849976,,,550.8900146,-48.30204773,,,,,
,,545,-142.1456451,,,,,,,,,
,,546.0200195,-142.2786102,,,,,,,,,
,,547.0499878,-142.1500092,,,,,,,,,
,,547.9400024,-142.1456299,,,,,,,,,
,,548.9699707,-142.1556854,,,,,,,,,
,,550,-142.40271,,,,,,,,,

BLANK ODE2 and toluene1 ex284,
BLANK ODE2 and toluene1
Collection Time: 8/19/2022 1:05:05 PM
Operator Name  :
Scan Software Version: 1.1(132)
Parameter List :
Instrument                        Cary Eclipse
Instrument Serial Number          E08013467
Data mode                         Fluorescence
Scan mode                         Emission
X Mode                            Wavelength (nm)
Start (nm)                        300.00
Stop (nm)                         550.00
Ex. Wavelength (nm)               284.00
Ex. Slit (nm)                     5
Em. Slit (nm)                     5
Scan rate (nm/min)                600.00
Data interval (nm)                1.0000
Averaging Time (s)                0.1000
Excitation filter                 Auto
Emission filter                   Open
PMT voltage (V)                   Medium
Corrected spectra                 OFF
Method Log     :
Method Name    : Default
Date/Time stamp: 8/19/2022 12:21:40 PM
Method Modifications:
Zero Mode Changed: 8/19/2022 1:01:28 PM, Old:OFF, New:Reading
Zero Mode Changed: 8/19/2022 1:01:28 PM, Old:Reading, New:ON
Excitation Wavelength Changed: 8/19/2022 1:04:17 PM, Old: 350.00, New: 284.00
Emission Wavelength Changed: 8/19/2022 1:04:17 PM, Old: 400.00, New: 300.00
Stop Wavelength Changed: 8/19/2022 1:04:17 PM, Old: 600.00, New: 550.00
Zero Mode Changed: 8/19/2022 1:04:20 PM, Old:ON, New:Reading
Zero Mode Changed: 8/19/2022 1:04:20 PM, Old:Reading, New:ON
End Method Modifications
Continuum name changed to 'BLANK ODE2 and toluene1 ex284'

BLANK ODE2 and toluene2,
BLANK ODE2 and toluene2
Collection Time: 8/19/2022 1:05:48 PM
Operator Name  :
Scan Software Version: 1.1(132)
Parameter List :
Instrument                        Cary Eclipse
Instrument Serial Number          E08013467
Data mode                         Fluorescence
Scan mode                         Emission
X Mode                            Wavelength (nm)
Start (nm)                        290.00
Stop (nm)                         550.00
Ex. Wavelength (nm)               284.00
Ex. Slit (nm)                     5
Em. Slit (nm)                     5
Scan rate (nm/min)                600.00
Data interval (nm)                1.0000
Averaging Time (s)                0.1000
Excitation filter                 Auto
Emission filter                   Open
PMT voltage (V)                   Medium
Corrected spectra                 OFF
Method Log     :
Method Name    : Default
Date/Time stamp: 8/19/2022 12:21:40 PM
Method Modifications:
Zero Mode Changed: 8/19/2022 1:01:28 PM, Old:OFF, New:Reading
Zero Mode Changed: 8/19/2022 1:01:28 PM, Old:Reading, New:ON
Excitation Wavelength Changed: 8/19/2022 1:04:17 PM, Old: 350.00, New: 284.00
Emission Wavelength Changed: 8/19/2022 1:04:17 PM, Old: 400.00, New: 300.00
Stop Wavelength Changed: 8/19/2022 1:04:17 PM, Old: 600.00, New: 550.00
Zero Mode Changed: 8/19/2022 1:04:20 PM, Old:ON, New:Reading
Zero Mode Changed: 8/19/2022 1:04:20 PM, Old:Reading, New:ON
Emission Wavelength Changed: 8/19/2022 1:05:41 PM, Old: 300.00, New: 290.00
Zero Mode Changed: 8/19/2022 1:05:43 PM, Old:ON, New:Reading
Zero Mode Changed: 8/19/2022 1:05:43 PM, Old:Reading, New:ON
End Method Modifications

BLANK ODE2 and toluene1 em330,
BLANK ODE2 and toluene1 em330
Collection Time: 8/19/2022 1:07:43 PM
Operator Name  :
Scan Software Version: 1.1(132)
Parameter List :
Instrument                        Cary Eclipse
Instrument Serial Number          E08013467
Data mode                         Fluorescence
Scan mode                         Excitation
X Mode                            Wavelength (nm)
Start (nm)                        220.00
Stop (nm)                         320.00
Em. Wavelength (nm)               330.00
Ex. Slit (nm)                     5
Em. Slit (nm)                     5
Scan rate (nm/min)                600.00
Data interval (nm)                1.0000
Averaging Time (s)                0.1000
Excitation filter                 Auto
Emission filter                   Open
PMT voltage (V)                   Medium
Corrected spectra                 OFF
Method Log     :
Method Name    : Default
Date/Time stamp: 8/19/2022 12:21:40 PM
Method Modifications:
Zero Mode Changed: 8/19/2022 1:01:28 PM, Old:OFF, New:Reading
Zero Mode Changed: 8/19/2022 1:01:28 PM, Old:Reading, New:ON
Excitation Wavelength Changed: 8/19/2022 1:04:17 PM, Old: 350.00, New: 284.00
Emission Wavelength Changed: 8/19/2022 1:04:17 PM, Old: 400.00, New: 300.00
Stop Wavelength Changed: 8/19/2022 1:04:17 PM, Old: 600.00, New: 550.00
Zero Mode Changed: 8/19/2022 1:04:20 PM, Old:ON, New:Reading
Zero Mode Changed: 8/19/2022 1:04:20 PM, Old:Reading, New:ON
Emission Wavelength Changed: 8/19/2022 1:05:41 PM, Old: 300.00, New: 290.00
Zero Mode Changed: 8/19/2022 1:05:43 PM, Old:ON, New:Reading
Zero Mode Changed: 8/19/2022 1:05:43 PM, Old:Reading, New:ON
Scan mode: Changed: 8/19/2022 1:07:20 PM, Old:Emission, New:Excitation
Excitation Wavelength Changed: 8/19/2022 1:07:20 PM, Old: 284.00, New: 220.00
Emission Wavelength Changed: 8/19/2022 1:07:20 PM, Old: 290.00, New: 330.00
Stop Wavelength Changed: 8/19/2022 1:07:20 PM, Old: 550.00, New: 320.00
Zero Mode Changed: 8/19/2022 1:07:23 PM, Old:ON, New:Reading
Zero Mode Changed: 8/19/2022 1:07:24 PM, Old:Reading, New:ON
End Method Modifications

BLANK ODE2 and toluene1 ex287,
BLANK ODE2 and toluene1 ex287
Collection Time: 8/19/2022 1:09:13 PM
Operator Name  :
Scan Software Version: 1.1(132)
Parameter List :
Instrument                        Cary Eclipse
Instrument Serial Number          E08013467
Data mode                         Fluorescence
Scan mode                         Emission
X Mode                            Wavelength (nm)
Start (nm)                        297.00
Stop (nm)                         550.00
Ex. Wavelength (nm)               287.00
Ex. Slit (nm)                     5
Em. Slit (nm)                     5
Scan rate (nm/min)                600.00
Data interval (nm)                1.0000
Averaging Time (s)                0.1000
Excitation filter                 Auto
Emission filter                   Open
PMT voltage (V)                   Medium
Corrected spectra                 OFF
Method Log     :
Method Name    : Default
Date/Time stamp: 8/19/2022 12:21:40 PM
Method Modifications:
Zero Mode Changed: 8/19/2022 1:01:28 PM, Old:OFF, New:Reading
Zero Mode Changed: 8/19/2022 1:01:28 PM, Old:Reading, New:ON
Excitation Wavelength Changed: 8/19/2022 1:04:17 PM, Old: 350.00, New: 284.00
Emission Wavelength Changed: 8/19/2022 1:04:17 PM, Old: 400.00, New: 300.00
Stop Wavelength Changed: 8/19/2022 1:04:17 PM, Old: 600.00, New: 550.00
Zero Mode Changed: 8/19/2022 1:04:20 PM, Old:ON, New:Reading
Zero Mode Changed: 8/19/2022 1:04:20 PM, Old:Reading, New:ON
Emission Wavelength Changed: 8/19/2022 1:05:41 PM, Old: 300.00, New: 290.00
Zero Mode Changed: 8/19/2022 1:05:43 PM, Old:ON, New:Reading
Zero Mode Changed: 8/19/2022 1:05:43 PM, Old:Reading, New:ON
Scan mode: Changed: 8/19/2022 1:07:20 PM, Old:Emission, New:Excitation
Excitation Wavelength Changed: 8/19/2022 1:07:20 PM, Old: 284.00, New: 220.00
Emission Wavelength Changed: 8/19/2022 1:07:20 PM, Old: 290.00, New: 330.00
Stop Wavelength Changed: 8/19/2022 1:07:20 PM, Old: 550.00, New: 320.00
Zero Mode Changed: 8/19/2022 1:07:23 PM, Old:ON, New:Reading
Zero Mode Changed: 8/19/2022 1:07:24 PM, Old:Reading, New:ON
Scan mode: Changed: 8/19/2022 1:09:00 PM, Old:Excitation, New:Emission
Excitation Wavelength Changed: 8/19/2022 1:09:00 PM, Old: 220.00, New: 287.00
Emission Wavelength Changed: 8/19/2022 1:09:00 PM, Old: 330.00, New: 297.00
Stop Wavelength Changed: 8/19/2022 1:09:00 PM, Old: 320.00, New: 550.00
Zero Mode Changed: 8/19/2022 1:09:02 PM, Old:ON, New:Reading
Zero Mode Changed: 8/19/2022 1:09:03 PM, Old:Reading, New:ON
End Method Modifications

BLANK ODE2 and toluene1 ex300,
BLANK ODE2 and toluene1 ex300
Collection Time: 8/19/2022 1:10:22 PM
Operator Name  :
Scan Software Version: 1.1(132)
Parameter List :
Instrument                        Cary Eclipse
Instrument Serial Number          E08013467
Data mode                         Fluorescence
Scan mode                         Emission
X Mode                            Wavelength (nm)
Start (nm)                        310.00
Stop (nm)                         550.00
Ex. Wavelength (nm)               300.00
Ex. Slit (nm)                     5
Em. Slit (nm)                     5
Scan rate (nm/min)                600.00
Data interval (nm)                1.0000
Averaging Time (s)                0.1000
Excitation filter                 Auto
Emission filter                   Open
PMT voltage (V)                   Medium
Corrected spectra                 OFF
Method Log     :
Method Name    : Default
Date/Time stamp: 8/19/2022 12:21:40 PM
Method Modifications:
Zero Mode Changed: 8/19/2022 1:01:28 PM, Old:OFF, New:Reading
Zero Mode Changed: 8/19/2022 1:01:28 PM, Old:Reading, New:ON
Excitation Wavelength Changed: 8/19/2022 1:04:17 PM, Old: 350.00, New: 284.00
Emission Wavelength Changed: 8/19/2022 1:04:17 PM, Old: 400.00, New: 300.00
Stop Wavelength Changed: 8/19/2022 1:04:17 PM, Old: 600.00, New: 550.00
Zero Mode Changed: 8/19/2022 1:04:20 PM, Old:ON, New:Reading
Zero Mode Changed: 8/19/2022 1:04:20 PM, Old:Reading, New:ON
Emission Wavelength Changed: 8/19/2022 1:05:41 PM, Old: 300.00, New: 290.00
Zero Mode Changed: 8/19/2022 1:05:43 PM, Old:ON, New:Reading
Zero Mode Changed: 8/19/2022 1:05:43 PM, Old:Reading, New:ON
Scan mode: Changed: 8/19/2022 1:07:20 PM, Old:Emission, New:Excitation
Excitation Wavelength Changed: 8/19/2022 1:07:20 PM, Old: 284.00, New: 220.00
Emission Wavelength Changed: 8/19/2022 1:07:20 PM, Old: 290.00, New: 330.00
Stop Wavelength Changed: 8/19/2022 1:07:20 PM, Old: 550.00, New: 320.00
Zero Mode Changed: 8/19/2022 1:07:23 PM, Old:ON, New:Reading
Zero Mode Changed: 8/19/2022 1:07:24 PM, Old:Reading, New:ON
Scan mode: Changed: 8/19/2022 1:09:00 PM, Old:Excitation, New:Emission
Excitation Wavelength Changed: 8/19/2022 1:09:00 PM, Old: 220.00, New: 287.00
Emission Wavelength Changed: 8/19/2022 1:09:00 PM, Old: 330.00, New: 297.00
Stop Wavelength Changed: 8/19/2022 1:09:00 PM, Old: 320.00, New: 550.00
Zero Mode Changed: 8/19/2022 1:09:02 PM, Old:ON, New:Reading
Zero Mode Changed: 8/19/2022 1:09:03 PM, Old:Reading, New:ON
Excitation Wavelength Changed: 8/19/2022 1:10:13 PM, Old: 287.00, New: 300.00
Emission Wavelength Changed: 8/19/2022 1:10:13 PM, Old: 297.00, New: 310.00
Zero Mode Changed: 8/19/2022 1:10:15 PM, Old:ON, New:Reading
Zero Mode Changed: 8/19/2022 1:10:15 PM, Old:Reading, New:ON
End Method Modifications

BLANK ODE2 and toluene1 em350,
BLANK ODE2 and toluene1 em350
Collection Time: 8/19/2022 1:13:23 PM
Operator Name  :
Scan Software Version: 1.1(132)
Parameter List :
Instrument                        Cary Eclipse
Instrument Serial Number          E08013467
Data mode                         Fluorescence
Scan mode                         Excitation
X Mode                            Wavelength (nm)
Start (nm)                        220.00
Stop (nm)                         340.00
Em. Wavelength (nm)               350.00
Ex. Slit (nm)                     5
Em. Slit (nm)                     5
Scan rate (nm/min)                600.00
Data interval (nm)                1.0000
Averaging Time (s)                0.1000
Excitation filter                 Auto
Emission filter                   Open
PMT voltage (V)                   Medium
Corrected spectra                 OFF
Method Log     :
Method Name    : Default
Date/Time stamp: 8/19/2022 12:21:40 PM
Method Modifications:
Zero Mode Changed: 8/19/2022 1:01:28 PM, Old:OFF, New:Reading
Zero Mode Changed: 8/19/2022 1:01:28 PM, Old:Reading, New:ON
Excitation Wavelength Changed: 8/19/2022 1:04:17 PM, Old: 350.00, New: 284.00
Emission Wavelength Changed: 8/19/2022 1:04:17 PM, Old: 400.00, New: 300.00
Stop Wavelength Changed: 8/19/2022 1:04:17 PM, Old: 600.00, New: 550.00
Zero Mode Changed: 8/19/2022 1:04:20 PM, Old:ON, New:Reading
Zero Mode Changed: 8/19/2022 1:04:20 PM, Old:Reading, New:ON
Emission Wavelength Changed: 8/19/2022 1:05:41 PM, Old: 300.00, New: 290.00
Zero Mode Changed: 8/19/2022 1:05:43 PM, Old:ON, New:Reading
Zero Mode Changed: 8/19/2022 1:05:43 PM, Old:Reading, New:ON
Scan mode: Changed: 8/19/2022 1:07:20 PM, Old:Emission, New:Excitation
Excitation Wavelength Changed: 8/19/2022 1:07:20 PM, Old: 284.00, New: 220.00
Emission Wavelength Changed: 8/19/2022 1:07:20 PM, Old: 290.00, New: 330.00
Stop Wavelength Changed: 8/19/2022 1:07:20 PM, Old: 550.00, New: 320.00
Zero Mode Changed: 8/19/2022 1:07:23 PM, Old:ON, New:Reading
Zero Mode Changed: 8/19/2022 1:07:24 PM, Old:Reading, New:ON
Scan mode: Changed: 8/19/2022 1:09:00 PM, Old:Excitation, New:Emission
Excitation Wavelength Changed: 8/19/2022 1:09:00 PM, Old: 220.00, New: 287.00
Emission Wavelength Changed: 8/19/2022 1:09:00 PM, Old: 330.00, New: 297.00
Stop Wavelength Changed: 8/19/2022 1:09:00 PM, Old: 320.00, New: 550.00
Zero Mode Changed: 8/19/2022 1:09:02 PM, Old:ON, New:Reading
Zero Mode Changed: 8/19/2022 1:09:03 PM, Old:Reading, New:ON
Excitation Wavelength Changed: 8/19/2022 1:10:13 PM, Old: 287.00, New: 300.00
Emission Wavelength Changed: 8/19/2022 1:10:13 PM, Old: 297.00, New: 310.00
Zero Mode Changed: 8/19/2022 1:10:15 PM, Old:ON, New:Reading
Zero Mode Changed: 8/19/2022 1:10:15 PM, Old:Reading, New:ON
Overlayed Graphs Changed: 8/19/2022 1:12:23 PM, Old:OFF, New:ON
Scan mode: Changed: 8/19/2022 1:13:08 PM, Old:Emission, New:Excitation
Excitation Wavelength Changed: 8/19/2022 1:13:08 PM, Old: 300.00, New: 220.00
Emission Wavelength Changed: 8/19/2022 1:13:08 PM, Old: 310.00, New: 350.00
Stop Wavelength Changed: 8/19/2022 1:13:08 PM, Old: 550.00, New: 340.00
Zero Mode Changed: 8/19/2022 1:13:11 PM, Old:ON, New:Reading
Zero Mode Changed: 8/19/2022 1:13:12 PM, Old:Reading, New:ON
End Method Modifications

