CdS 180sec em380,,CdS 180sec ex310,,CdS 180sec em365,,CdS 180sec ex260,,CdS 180sec em285,,
Wavelength (nm),Intensity (a.u.),Wavelength (nm),Intensity (a.u.),Wavelength (nm),Intensity (a.u.),Wavelength (nm),Intensity (a.u.),Wavelength (nm),Intensity (a.u.),
240,-0.8264522552,320,-0.1051359177,240,-0.2113370895,265,0.6011314392,220,0.3833618164,
240.9299927,0.4071435928,320.9299927,0.8182296753,240.9299927,0.8430633545,265.9299927,-4.721179008,220.9299927,-0.6537952423,
242.0299988,1.232774734,322.0299988,2.033916473,242.0299988,1.707118034,267.0299988,-0.5183486938,222.0299988,-4.161811829,
242.9600067,3.230931282,322.9599915,3.441865921,242.9600067,2.809750557,267.9599915,8.322479248,222.9600067,-5.189512253,
244.0599976,5.609536171,324.0599976,4.344509125,244.0599976,4.804291725,269.0599976,23.55958176,224.0599976,-6.346920013,
245,7.248332024,325,5.760422707,245,7.542777061,270,37.83106613,225,-9.857602119,
245.9299927,9.964613914,325.9299927,7.421630859,245.9299927,8.559269905,270.9299927,50.68637085,225.9299927,-12.43822575,
247.0299988,12.07731152,327.0299988,7.749010086,247.0299988,10.46065426,272.0299988,67.79706573,227.0299988,-12.73513222,
247.9600067,13.71826649,327.9599915,9.670816422,247.9600067,11.23051548,272.9599915,82.73980713,227.9600067,-14.06736755,
249.0599976,14.93218327,329.0599976,11.49338531,249.0599976,13.75275135,274.0599976,101.5937729,229.0599976,-14.42121124,
250,16.10074615,330,12.13899422,250,14.90685177,275,113.3261108,230,-14.61356354,
250.9299927,17.90930176,331.0700073,15.1391983,250.9299927,16.692276,275.9299927,126.89888,230.9299927,-13.96419525,
252.0299988,20.21459579,332,17.76050377,252.0299988,19.38486481,277.0299988,144.3547363,232.0299988,-14.31723118,
252.9600067,23.2004776,333.0700073,20.41092873,252.9600067,21.12412262,277.9599915,155.0161743,232.9600067,-13.65388584,
254.0599976,24.49782181,334,23.10722923,254.0599976,24.09545135,279.0599976,163.788147,234.0599976,-12.77151489,
255,26.31467438,335.0700073,27.045084,255,25.86543655,280,164.278183,235,-12.67237949,
255.9299927,28.12961197,336,29.83567619,255.9299927,26.28474426,280.9299927,173.7394257,235.9299927,-12.35938835,
257.0299988,29.4768486,337.0700073,34.95375824,257.0299988,28.40169525,282.0299988,177.8113556,237.0299988,-11.33361435,
257.9599915,30.85240936,338,38.93742371,257.9599915,29.88677216,282.9599915,178.9393005,237.9600067,-10.75946903,
259.0599976,32.31380081,339.0700073,46.89686584,259.0599976,30.21198273,284.0599976,186.5569153,239.0599976,-8.812088013,
260,31.04302216,340,51.58900452,260,32.13962936,285,183.8186646,240,-7.623371124,
260.9299927,29.77311325,341.0700073,56.06704712,260.9299927,29.72682953,285.9299927,182.3174438,240.9299927,-6.359422684,
262.0299988,30.99384308,342,60.94078064,262.0299988,30.54271698,287.0299988,181.413559,242.0299988,-3.956421852,
262.9599915,30.60957718,343.0700073,66.06634521,262.9599915,30.40616226,287.9599915,175.6833649,242.9600067,-0.8794689178,
264.0599976,32.91300201,344,71.6944046,264.0599976,33.2332077,289.0599976,166.7773743,244.0599976,4.607330322,
265,36.88990021,345.0700073,75.22261047,265,36.06786346,290,167.0184021,245,11.81224251,
265.9299927,36.90947342,346,81.06610107,265.9299927,38.42343903,291.0700073,158.8850098,245.9299927,16.70999527,
267.0299988,40.51705933,347.0700073,85.2591095,267.0299988,40.23066711,292,158.1593475,247.0299988,24.59309006,
267.9599915,41.5099411,348,88.98364258,267.9599915,43.00710297,293.0700073,150.8562775,247.9600067,32.18171692,
269.0599976,44.02212143,349.0700073,91.71408844,269.0599976,44.60958862,294,144.0650024,249.0599976,40.01833344,
270,48.90272522,350,95.93014526,270,49.1991539,295.0700073,137.8150635,250,49.0354805,
271.0700073,52.48814392,351.0700073,100.3079605,271.0700073,54.4034729,296,130.7631683,250.9299927,59.22491074,
272,54.59607697,352,105.2007904,272,57.18511963,297.0700073,122.8490753,252.0299988,72.91255188,
273.0700073,60.07414246,353.0700073,107.9045105,273.0700073,60.6900177,298,113.2394714,252.9600067,90.63304138,
274,62.62879944,354,113.9215927,274,65.37193298,299.0700073,103.827095,254.0599976,104.1557617,
275.0700073,65.90690613,355.0700073,118.9973373,275.0700073,71.00655365,300,98.22263336,255,120.0459595,
276,70.22982025,356,122.6218185,276,72.508255,300.9299927,93.35760498,255.9299927,136.0722198,
277.0700073,74.23300171,357.0700073,131.0772858,277.0700073,77.37625122,302.0299988,87.90708923,257.0299988,154.7893066,
278,76.78553009,358,132.2305145,278,80.25892639,302.9599915,81.88306427,257.9599915,171.4525146,
279.0700073,80.1654892,359.0700073,138.3743896,279.0700073,84.83013153,304.0599976,76.16119385,259.0599976,183.1881714,
280,82.58666229,360,140.5862579,280,86.70072174,305,72.07498932,260,188.1925507,
280.9299927,84.96811676,361.0700073,148.0275269,280.9299927,90.30580902,305.9299927,66.11805725,260.9299927,193.5196686,
282.0299988,89.10944366,362,149.6080475,282.0299988,95.36657715,307.0299988,62.27714539,262.0299988,187.798645,
282.9599915,90.14340973,363.0700073,157.2614746,282.9599915,96.70365906,307.9599915,55.97341156,262.9599915,187.1894379,
284.0599976,97.86610413,364,160.0290527,284.0599976,102.6370087,309.0599976,51.19749451,264.0599976,177.4364014,
285,96.74254608,365.0700073,156.8677368,285,107.7721939,310,48.93128204,265,171.6587219,
285.9299927,103.159523,366,163.0197449,285.9299927,108.3551788,311.0700073,44.12425995,265.9299927,164.7751923,
287.0299988,104.4317398,367.0700073,169.7902832,287.0299988,112.7942734,312,40.87216568,267.0299988,161.6851196,
287.9599915,109.9960022,368,172.6740265,287.9599915,115.1089859,313.0700073,38.71988678,267.9599915,159.4731903,
289.0599976,112.3788681,369.0700073,169.9164429,289.0599976,120.2123566,314,34.27789688,269.0599976,144.6709595,
290,117.7041397,370,169.3558807,290,122.7259827,315.0700073,31.8418808,270,123.5353241,
290.9299927,120.27845,371.0700073,170.7167053,290.9299927,129.2128906,316,30.26696014,271.0700073,95.9949646,
292.0299988,126.514061,372,173.3946228,292.0299988,128.5868225,317.0700073,28.61477661,272,74.45425415,
292.9599915,125.9144058,373.0700073,172.0252533,292.9599915,129.8860474,318,25.69066238,273.0700073,49.84405899,
294.0599976,130.5487366,374,176.9855652,294.0599976,137.0796509,319.0700073,23.98284149,274,30.41296768,
295,134.4148712,375.0700073,173.504837,295,142.3784637,320,21.53675079,275.0700073,15.21742249,
295.9299927,139.6720886,376,171.4124603,295.9299927,144.5674896,320.9299927,21.08121872,276,8.063533783,
297.0299988,142.8103638,377.0700073,173.0905457,297.0299988,144.0238647,322.0299988,20.20193863,277.0700073,4.814819336,
297.9599915,142.0398102,378,173.9527893,297.9599915,145.4231415,322.9599915,18.30728149,278,7.297063828,
299.0599976,142.5527802,379.0700073,173.8381348,299.0599976,144.6836548,324.0599976,18.16057587,279.0700073,20.26960754,
300,144.4140015,380,173.8729706,300,148.2256775,325,15.47400284,280,37.47855377,
301.0700073,145.5783386,381.0700073,170.0850372,301.0700073,150.7562866,325.9299927,15.34123993,,,
302,144.8422546,382,175.8656769,302,152.3386536,327.0299988,14.26074219,,,
303.0700073,150.97612,383.0700073,174.5941772,303.0700073,154.6988983,327.9599915,13.58916092,,,
304,154.3195648,384,173.6417542,304,154.3504181,329.0599976,12.49245834,,,
305.0700073,156.4392395,385.0700073,174.4859009,305.0700073,155.3477173,330,12.8277626,,,
306,161.2858124,386,169.7794037,306,156.7232819,331.0700073,12.07815933,,,
307.0700073,162.6271667,387.0700073,172.2970886,307.0700073,158.4868622,332,12.58195877,,,
308,167.7149963,388,173.434021,308,162.3757019,333.0700073,12.41442871,,,
309.0700073,167.014267,389.0700073,168.4101868,309.0700073,160.1065216,334,11.75299072,,,
310,171.2879944,390,167.7412872,310,162.4351349,335.0700073,10.05762291,,,
311.0700073,169.5295563,391.0700073,168.92836,311.0700073,162.4904175,336,12.00470352,,,
312,174.3079987,392,165.0672455,312,161.3088837,337.0700073,10.26841164,,,
313.0700073,169.6871948,393.0700073,161.9360504,313.0700073,160.5326233,338,11.38154602,,,
314,170.0553284,394,162.8046722,314,158.3681488,339.0700073,10.82078743,,,
315.0700073,167.5909424,395.0700073,161.5341949,315.0700073,154.5968781,340,11.47891617,,,
316,171.1948547,396,160.5695801,316,154.4081726,341.0700073,12.66571045,,,
317.0700073,165.6260834,397.0700073,154.0323334,317.0700073,149.3004608,342,12.55623627,,,
318,169.1670227,398,157.3225098,318,146.5259857,343.0700073,13.46009064,,,
319.0700073,164.8126068,399.0700073,153.5429993,319.0700073,142.6391296,344,13.13850021,,,
320,163.6687775,400,150.4333954,320,139.7139587,345.0700073,13.64112473,,,
320.9299927,162.2818451,401.0700073,148.3113708,320.9299927,136.6801453,346,14.22142792,,,
322.0299988,160.3828583,402,149.931427,322.0299988,134.2107544,347.0700073,14.51461411,,,
322.9599915,159.7277069,403.0700073,148.6479645,322.9599915,130.4062805,348,15.21030807,,,
324.0599976,155.8722839,404,145.6064911,324.0599976,126.2476654,349.0700073,15.73865891,,,
325,154.9664459,405.0700073,143.2187042,325,124.296875,350,15.79889297,,,
325.9299927,151.6531525,406,142.5657959,325.9299927,121.4914856,351.0700073,16.93812561,,,
327.0299988,151.1148376,407.0700073,139.9193268,327.0299988,120.9508362,352,16.19131088,,,
327.9599915,148.7256622,408,137.0874786,327.9599915,115.9144745,353.0700073,16.92356491,,,
329.0599976,142.7873383,409.0700073,136.9809723,329.0599976,112.4786377,354,17.18151474,,,
330,141.4091034,410,136.0599365,330,106.532547,355.0700073,18.79786301,,,
331.0700073,134.1361389,411.0599976,133.1423798,331.0700073,100.3051605,356,19.09486771,,,
332,132.4753723,411.9599915,130.438736,332,92.65844727,357.0700073,19.56311035,,,
333.0700073,124.1232071,413.0299988,130.6370544,333.0700073,87.31947327,358,19.85780716,,,
334,121.3221817,413.9299927,129.8342896,334,84.01515961,359.0700073,20.58172989,,,
335.0700073,115.8243637,415,128.2920685,335.0700073,73.05143738,360,21.3841629,,,
336,110.6829376,416.0599976,124.0604935,336,66.56330872,361.0700073,20.90671539,,,
337.0700073,102.3869705,416.9599915,121.3811111,337.0700073,61.24208832,362,21.31937408,,,
338,100.1875153,418.0299988,118.4865189,338,54.90061951,363.0700073,21.98145294,,,
339.0700073,95.80158234,418.9299927,117.0269623,339.0700073,50.27224731,364,22.16324615,,,
340,90.67537689,420,116.0683823,340,45.54568481,365.0700073,22.17724991,,,
341.0700073,86.36147308,421.0700073,116.8693848,341.0700073,40.86297226,366,22.54812241,,,
342,82.94657135,422,114.4322662,342,35.17546844,367.0700073,23.41072464,,,
343.0700073,77.7935791,423.0700073,110.0106735,343.0700073,32.22829819,368,23.36572647,,,
344,75.99446869,424,110.0306931,344,29.51543808,369.0700073,24.20154572,,,
345.0700073,70.03413391,425.0700073,105.7264938,345.0700073,27.09145355,370,23.39395905,,,
346,67.8688736,426,105.3579865,346,23.15628815,371.0700073,23.24318695,,,
347.0700073,62.37684631,427.0700073,100.8842926,347.0700073,21.63002777,372,23.95074081,,,
348,60.40436554,428,98.77159119,348,18.93213272,373.0700073,24.39418793,,,
349.0700073,56.36483765,429.0700073,99.30825806,349.0700073,16.16009903,374,24.50778198,,,
350,54.50932312,430,95.5999527,350,15.37120342,375.0700073,25.81042099,,,
351.0700073,51.27820587,431.0599976,95.84590912,,,376,25.65851974,,,
352,45.85478592,431.9599915,92.41692352,,,377.0700073,25.01844406,,,
353.0700073,42.26288986,433.0299988,90.73860931,,,378,26.09317398,,,
354,40.81234741,433.9299927,88.31428528,,,379.0700073,26.06610489,,,
355.0700073,38.57082367,435,87.29973602,,,380,24.88180161,,,
356,35.90875626,436.0599976,85.81381226,,,381.0700073,25.74750137,,,
357.0700073,31.84747696,436.9599915,83.1485672,,,382,25.22550201,,,
358,28.44949341,438.0299988,83.01815033,,,383.0700073,26.33100128,,,
359.0700073,25.81417465,438.9299927,80.53313446,,,384,25.68522644,,,
360,24.13585281,440,79.4948349,,,385.0700073,25.82655716,,,
361.0700073,20.93971634,441.0599976,77.4563446,,,386,25.69161606,,,
362,20.29265976,441.9599915,76.76635742,,,387.0700073,26.75096512,,,
363.0700073,17.99285126,443.0299988,74.73760223,,,388,27.73402405,,,
364,15.64427662,443.9299927,73.29421997,,,389.0700073,26.72842407,,,
365.0700073,13.44851017,445,72.46389008,,,390,26.21426392,,,
366,11.82100964,446.0599976,71.26171112,,,391.0700073,27.00193787,,,
367.0700073,8.800488472,446.9599915,70.01054382,,,392,26.89866638,,,
368,7.499260902,448.0299988,69.635849,,,393.0700073,26.16500854,,,
369.0700073,6.44967556,448.9299927,67.4911499,,,394,26.07548904,,,
370,4.762890816,450,64.38327789,,,395.0700073,25.85432053,,,
,,451.0599976,64.15302277,,,396,25.84501648,,,
,,451.9599915,65.50849915,,,397.0700073,27.83548737,,,
,,453.0299988,63.68275452,,,398,26.56600189,,,
,,453.9299927,61.81723785,,,399.0700073,27.27715302,,,
,,455,61.46605682,,,400,26.90854645,,,
,,456.0599976,60.40130615,,,401.0700073,26.70902634,,,
,,456.9599915,60.14872742,,,402,25.9998436,,,
,,458.0299988,59.43790436,,,403.0700073,26.14185715,,,
,,458.9299927,58.70780182,,,404,27.21970367,,,
,,460,56.19391632,,,405.0700073,27.39731598,,,
,,461.0599976,55.69229889,,,406,27.1615181,,,
,,461.9599915,53.13941956,,,407.0700073,26.67414856,,,
,,463.0299988,54.8416748,,,408,27.32662582,,,
,,463.9299927,55.71704865,,,409.0700073,26.92505646,,,
,,465,51.31167603,,,410,27.20179749,,,
,,466.0599976,52.06159973,,,411.0599976,27.65351868,,,
,,466.9599915,50.29122162,,,411.9599915,27.5495491,,,
,,468.0299988,48.87878418,,,413.0299988,28.39396667,,,
,,468.9299927,48.63236237,,,413.9299927,27.14447021,,,
,,470,48.1653595,,,415,27.84492111,,,
,,471.0599976,47.3399353,,,416.0599976,27.19301224,,,
,,471.9599915,45.10967255,,,416.9599915,27.70524216,,,
,,473.0299988,45.09387207,,,418.0299988,27.5532608,,,
,,473.9299927,44.10075378,,,418.9299927,27.28332901,,,
,,475,44.27728271,,,420,28.45072556,,,
,,476.0599976,41.47351837,,,421.0700073,27.4222374,,,
,,476.9599915,41.17260742,,,422,26.28934097,,,
,,478.0299988,41.55529022,,,423.0700073,27.51289749,,,
,,478.9299927,41.25157166,,,424,27.77178574,,,
,,480,39.86519623,,,425.0700073,27.01231384,,,
,,481.0599976,38.47333527,,,426,27.72563553,,,
,,481.9599915,37.42598724,,,427.0700073,27.88433075,,,
,,483.0299988,37.61644745,,,428,26.45832062,,,
,,483.9299927,37.80327606,,,429.0700073,26.20249176,,,
,,485,33.72854614,,,430,25.99934769,,,
,,486.0599976,34.4944458,,,431.0599976,25.68844986,,,
,,486.9599915,34.52845764,,,431.9599915,26.69683075,,,
,,488.0299988,32.60803223,,,433.0299988,24.51132202,,,
,,488.9299927,32.70717621,,,433.9299927,24.92382813,,,
,,490,31.40876961,,,435,24.88597107,,,
,,491.0400085,31.21013832,,,436.0599976,24.12922287,,,
,,491.9400024,31.08139992,,,436.9599915,24.33650208,,,
,,492.980011,30.76868248,,,438.0299988,23.06700134,,,
,,494.019989,29.23809242,,,438.9299927,23.91176224,,,
,,495.0700073,29.29354668,,,440,23.65021896,,,
,,495.9700012,28.57434654,,,441.0599976,24.13006592,,,
,,497.0100098,27.44121361,,,441.9599915,24.09422302,,,
,,498.0499878,27.00068855,,,443.0299988,23.27450943,,,
,,498.9500122,26.22889137,,,443.9299927,21.98788452,,,
,,500,24.80612373,,,445,22.94540405,,,
,,501.0400085,26.44696617,,,446.0599976,22.74153519,,,
,,501.9400024,24.97867012,,,446.9599915,20.98016357,,,
,,502.980011,23.2338047,,,448.0299988,21.15058136,,,
,,504.019989,23.51158333,,,448.9299927,21.80103302,,,
,,505.0700073,23.63691139,,,450,20.78123093,,,
,,505.9700012,22.55496407,,,451.0599976,20.84559631,,,
,,507.0100098,23.06001091,,,451.9599915,21.60165787,,,
,,508.0499878,21.11884117,,,453.0299988,20.70168686,,,
,,508.9500122,21.26529694,,,453.9299927,20.55834961,,,
,,510,21.03572845,,,455,20.88038635,,,
,,511.0599976,20.55103493,,,456.0599976,20.42232132,,,
,,511.9599915,18.64710426,,,456.9599915,19.97304153,,,
,,513.0300293,20.17981529,,,458.0299988,20.26528168,,,
,,513.9299927,18.37744904,,,458.9299927,20.08602524,,,
,,515,18.80456543,,,460,18.89368057,,,
,,516.0599976,17.6406498,,,461.0599976,19.55013657,,,
,,516.960022,17.33948135,,,461.9599915,18.44049454,,,
,,518.0300293,16.79491043,,,463.0299988,18.79043961,,,
,,518.9299927,16.68634033,,,463.9299927,18.79277802,,,
,,520,15.97395706,,,465,16.81355667,,,
,,521.039978,14.83450508,,,466.0599976,17.90071487,,,
,,521.9400024,15.17513275,,,466.9599915,17.9320488,,,
,,522.9799805,15.22449112,,,468.0299988,17.22057724,,,
,,524.0200195,14.89692116,,,468.9299927,16.71221161,,,
,,525.0700073,14.07931709,,,470,16.4202919,,,
,,525.9699707,13.71926689,,,471.0599976,15.92069626,,,
,,527.0100098,13.65740967,,,471.9599915,14.7651329,,,
,,528.0499878,14.05689812,,,473.0299988,15.65314102,,,
,,528.9500122,12.28306389,,,473.9299927,15.81068039,,,
,,530,11.77817535,,,475,14.11278152,,,
,,531.039978,12.4781189,,,476.0599976,14.50091553,,,
,,531.9400024,11.56394196,,,476.9599915,14.05521393,,,
,,532.9799805,11.15836525,,,478.0299988,13.79138565,,,
,,534.0200195,10.94264412,,,478.9299927,12.9613533,,,
,,535.0700073,10.64024544,,,480,12.92023849,,,
,,535.9699707,10.80924034,,,481.0599976,13.41117859,,,
,,537.0100098,10.12444496,,,481.9599915,12.49720001,,,
,,538.0499878,9.494455338,,,483.0299988,11.36851311,,,
,,538.9500122,10.21469879,,,483.9299927,11.34039879,,,
,,540,9.604097366,,,485,12.05573654,,,
,,541.0200195,9.340219498,,,486.0599976,10.88812256,,,
,,542.0499878,8.292087555,,,486.9599915,9.708108902,,,
,,542.9400024,7.808311462,,,488.0299988,10.5388298,,,
,,543.9699707,8.388782501,,,488.9299927,9.442779541,,,
,,545,7.037605286,,,490,8.417243958,,,
,,546.0200195,7.568778992,,,491.0400085,8.102493286,,,
,,547.0499878,7.097089767,,,491.9400024,9.846845627,,,
,,547.9400024,7.109766006,,,492.980011,8.354240417,,,
,,548.9699707,6.200063705,,,494.019989,8.251020432,,,
,,550,6.636810303,,,495.0700073,7.291212082,,,
,,551.039978,6.235002518,,,495.9700012,7.476449966,,,
,,551.9400024,5.630648613,,,497.0100098,6.698226929,,,
,,552.9799805,6.243854523,,,498.0499878,6.542678833,,,
,,554.0200195,4.810884476,,,498.9500122,6.742389679,,,
,,555.0700073,4.961371422,,,500,5.367139816,,,
,,555.9699707,5.473525047,,,,,,,
,,557.0100098,5.12210083,,,,,,,
,,558.0499878,4.079561234,,,,,,,
,,558.9500122,4.728384018,,,,,,,
,,560,3.968882561,,,,,,,
,,561.039978,4.353280067,,,,,,,
,,561.9400024,3.117938042,,,,,,,
,,562.9799805,3.499517441,,,,,,,
,,564.0200195,2.995975494,,,,,,,
,,565.0700073,2.44690609,,,,,,,
,,565.9699707,2.614644051,,,,,,,
,,567.0100098,2.266945839,,,,,,,
,,568.0499878,2.126643181,,,,,,,
,,568.9500122,1.824473381,,,,,,,
,,570,2.318762779,,,,,,,
,,571.0200195,1.752038002,,,,,,,
,,572.0499878,2.004130363,,,,,,,
,,572.9400024,2.336488724,,,,,,,
,,573.9699707,1.057557106,,,,,,,
,,575,0.9990625381,,,,,,,
,,576.0200195,0.8568401337,,,,,,,
,,577.0499878,1.618394852,,,,,,,
,,577.9400024,1.244895935,,,,,,,
,,578.9699707,0.8446159363,,,,,,,
,,580,-0.17004776,,,,,,,
,,581.0200195,0.06060504913,,,,,,,
,,582.0499878,-0.1893615723,,,,,,,
,,582.9400024,-0.3424930573,,,,,,,
,,583.9699707,-0.6777191162,,,,,,,
,,585,-0.2654628754,,,,,,,
,,586.0200195,-0.837729454,,,,,,,
,,587.0499878,-0.7556428909,,,,,,,
,,587.9400024,-0.7575702667,,,,,,,
,,588.9699707,-1.387996674,,,,,,,
,,590,-1.604753494,,,,,,,
,,591.0200195,-1.896803856,,,,,,,
,,592.0499878,-1.770610809,,,,,,,
,,592.9400024,-1.580857277,,,,,,,
,,593.9699707,-1.622140884,,,,,,,
,,595,-1.841785431,,,,,,,
,,596.0200195,-1.884700775,,,,,,,
,,597.0499878,-1.996718407,,,,,,,
,,597.9400024,-2.017438889,,,,,,,
,,598.9699707,-2.157901764,,,,,,,
,,600,-2.241289616,,,,,,,

CdS 180sec em380,
CdS 180sec em380
Collection Time: 8/19/2022 12:53:32 PM
Operator Name  :
Scan Software Version: 1.1(132)
Parameter List :
Instrument                        Cary Eclipse
Instrument Serial Number          E08013467
Data mode                         Fluorescence
Scan mode                         Excitation
X Mode                            Wavelength (nm)
Start (nm)                        240.00
Stop (nm)                         370.00
Em. Wavelength (nm)               380.00
Ex. Slit (nm)                     5
Em. Slit (nm)                     5
Scan rate (nm/min)                600.00
Data interval (nm)                1.0000
Averaging Time (s)                0.1000
Excitation filter                 Auto
Emission filter                   Open
PMT voltage (V)                   Medium
Corrected spectra                 OFF
Method Log     :
Method Name    : Default
Date/Time stamp: 8/19/2022 12:24:03 PM
Method Modifications:
Scan mode: Changed: 8/19/2022 12:26:51 PM, Old:Emission, New:Excitation
Excitation Wavelength Changed: 8/19/2022 12:26:51 PM, Old: 350.00, New: 240.00
Emission Wavelength Changed: 8/19/2022 12:26:51 PM, Old: 400.00, New: 375.00
Stop Wavelength Changed: 8/19/2022 12:26:51 PM, Old: 600.00, New: 360.00
Zero Mode Changed: 8/19/2022 12:27:17 PM, Old:OFF, New:Reading
Zero Mode Changed: 8/19/2022 12:27:17 PM, Old:Reading, New:ON
Overlayed Graphs Changed: 8/19/2022 12:28:28 PM, Old:OFF, New:ON
Scan mode: Changed: 8/19/2022 12:28:47 PM, Old:Excitation, New:Emission
Excitation Wavelength Changed: 8/19/2022 12:28:47 PM, Old: 240.00, New: 310.00
Emission Wavelength Changed: 8/19/2022 12:28:47 PM, Old: 375.00, New: 320.00
Stop Wavelength Changed: 8/19/2022 12:28:47 PM, Old: 360.00, New: 600.00
Zero Mode Changed: 8/19/2022 12:28:52 PM, Old:ON, New:Reading
Zero Mode Changed: 8/19/2022 12:28:52 PM, Old:Reading, New:ON
Scan mode: Changed: 8/19/2022 12:30:14 PM, Old:Emission, New:Excitation
Excitation Wavelength Changed: 8/19/2022 12:30:14 PM, Old: 310.00, New: 240.00
Emission Wavelength Changed: 8/19/2022 12:30:14 PM, Old: 320.00, New: 380.00
Stop Wavelength Changed: 8/19/2022 12:30:14 PM, Old: 600.00, New: 370.00
Zero Mode Changed: 8/19/2022 12:30:18 PM, Old:ON, New:Reading
Zero Mode Changed: 8/19/2022 12:30:18 PM, Old:Reading, New:ON
Emission Wavelength Changed: 8/19/2022 12:31:06 PM, Old: 380.00, New: 385.00
Zero Mode Changed: 8/19/2022 12:31:08 PM, Old:ON, New:Reading
Zero Mode Changed: 8/19/2022 12:31:08 PM, Old:Reading, New:ON
Scan mode: Changed: 8/19/2022 12:32:05 PM, Old:Excitation, New:Emission
Excitation Wavelength Changed: 8/19/2022 12:32:05 PM, Old: 240.00, New: 315.00
Emission Wavelength Changed: 8/19/2022 12:32:05 PM, Old: 385.00, New: 325.00
Stop Wavelength Changed: 8/19/2022 12:32:05 PM, Old: 370.00, New: 600.00
Zero Mode Changed: 8/19/2022 12:32:08 PM, Old:ON, New:Reading
Zero Mode Changed: 8/19/2022 12:32:09 PM, Old:Reading, New:ON
Excitation Wavelength Changed: 8/19/2022 12:33:42 PM, Old: 315.00, New: 260.00
Emission Wavelength Changed: 8/19/2022 12:33:42 PM, Old: 325.00, New: 270.00
Stop Wavelength Changed: 8/19/2022 12:33:42 PM, Old: 600.00, New: 500.00
Zero Mode Changed: 8/19/2022 12:33:46 PM, Old:ON, New:Reading
Zero Mode Changed: 8/19/2022 12:33:46 PM, Old:Reading, New:ON
Scan mode: Changed: 8/19/2022 12:35:08 PM, Old:Emission, New:Excitation
Excitation Wavelength Changed: 8/19/2022 12:35:08 PM, Old: 260.00, New: 220.00
Emission Wavelength Changed: 8/19/2022 12:35:08 PM, Old: 270.00, New: 285.00
Stop Wavelength Changed: 8/19/2022 12:35:08 PM, Old: 500.00, New: 275.00
Zero Mode Changed: 8/19/2022 12:35:11 PM, Old:ON, New:Reading
Zero Mode Changed: 8/19/2022 12:35:11 PM, Old:Reading, New:ON
Cursor Peak Style Changed: 8/19/2022 12:39:15 PM, Old:Choice 0, New:Choice 1
Cursor Peak Style Changed: 8/19/2022 12:39:15 PM, Old:Valleys, New:Choice 2
Cursor Peak Style Changed: 8/19/2022 12:39:15 PM, Old:Peaks Valleys, New:Choice 0
Scan mode: Changed: 8/19/2022 12:54:32 PM, Old:Excitation, New:Emission
Excitation Wavelength Changed: 8/19/2022 12:54:32 PM, Old: 220.00, New: 310.00
Emission Wavelength Changed: 8/19/2022 12:54:32 PM, Old: 285.00, New: 320.00
Stop Wavelength Changed: 8/19/2022 12:54:32 PM, Old: 275.00, New: 600.00
Zero Mode Changed: 8/19/2022 12:54:35 PM, Old:ON, New:Reading
Zero Mode Changed: 8/19/2022 12:54:35 PM, Old:Reading, New:ON
Scan mode: Changed: 8/19/2022 12:58:24 PM, Old:Emission, New:Excitation
Excitation Wavelength Changed: 8/19/2022 12:58:24 PM, Old: 310.00, New: 240.00
Emission Wavelength Changed: 8/19/2022 12:58:24 PM, Old: 320.00, New: 375.00
Stop Wavelength Changed: 8/19/2022 12:58:24 PM, Old: 600.00, New: 360.00
Zero Mode Changed: 8/19/2022 12:58:28 PM, Old:ON, New:Reading
Zero Mode Changed: 8/19/2022 12:58:28 PM, Old:Reading, New:ON
Scan Control Changed: 8/19/2022 12:59:15 PM, Old:Medium, New:Slow
Ave. time (s): Changed: 8/19/2022 12:59:15 PM, Old:0.10000, New:0.50000
Zero Mode Changed: 8/19/2022 12:59:18 PM, Old:ON, New:Reading
Zero Mode Changed: 8/19/2022 12:59:18 PM, Old:Reading, New:ON
Scan mode: Changed: 8/19/2022 1:01:06 PM, Old:Excitation, New:Emission
Excitation Wavelength Changed: 8/19/2022 1:01:06 PM, Old: 240.00, New: 300.00
Emission Wavelength Changed: 8/19/2022 1:01:06 PM, Old: 375.00, New: 320.00
Stop Wavelength Changed: 8/19/2022 1:01:06 PM, Old: 360.00, New: 500.00
Zero Mode Changed: 8/19/2022 1:01:09 PM, Old:ON, New:Reading
Zero Mode Changed: 8/19/2022 1:01:10 PM, Old:Reading, New:ON
Scan mode: Changed: 8/19/2022 1:03:44 PM, Old:Emission, New:Excitation
Scan Control Changed: 8/19/2022 1:03:44 PM, Old:Slow, New:Medium
Ave. time (s): Changed: 8/19/2022 1:03:44 PM, Old:0.50000, New:0.10000
Excitation Wavelength Changed: 8/19/2022 1:03:44 PM, Old: 300.00, New: 240.00
Emission Wavelength Changed: 8/19/2022 1:03:44 PM, Old: 320.00, New: 385.00
Stop Wavelength Changed: 8/19/2022 1:03:44 PM, Old: 500.00, New: 360.00
Zero Mode Changed: 8/19/2022 1:03:48 PM, Old:ON, New:Reading
Zero Mode Changed: 8/19/2022 1:03:48 PM, Old:Reading, New:ON
Emission Wavelength Changed: 8/19/2022 1:04:23 PM, Old: 385.00, New: 380.00
Zero Mode Changed: 8/19/2022 1:04:25 PM, Old:ON, New:Reading
Zero Mode Changed: 8/19/2022 1:04:25 PM, Old:Reading, New:ON
Emission Wavelength Changed: 8/19/2022 1:04:58 PM, Old: 380.00, New: 375.00
Zero Mode Changed: 8/19/2022 1:05:00 PM, Old:ON, New:Reading
Zero Mode Changed: 8/19/2022 1:05:00 PM, Old:Reading, New:ON
Zero Mode Changed: 8/19/2022 1:05:27 PM, Old:ON, New:Reading
Zero Mode Changed: 8/19/2022 1:05:27 PM, Old:Reading, New:ON
Scan mode: Changed: 8/19/2022 1:07:14 PM, Old:Excitation, New:Emission
Excitation Wavelength Changed: 8/19/2022 1:07:14 PM, Old: 240.00, New: 300.00
Emission Wavelength Changed: 8/19/2022 1:07:14 PM, Old: 375.00, New: 320.00
Stop Wavelength Changed: 8/19/2022 1:07:14 PM, Old: 360.00, New: 550.00
Zero Mode Changed: 8/19/2022 1:07:16 PM, Old:ON, New:Reading
Zero Mode Changed: 8/19/2022 1:07:16 PM, Old:Reading, New:ON
Zero Mode Changed: 8/19/2022 1:11:08 PM, Old:ON, New:Reading
Zero Mode Changed: 8/19/2022 1:11:09 PM, Old:Reading, New:ON
Zero Mode Changed: 8/19/2022 1:13:19 PM, Old:ON, New:Reading
Zero Mode Changed: 8/19/2022 1:13:19 PM, Old:Reading, New:ON
Zero Mode Changed: 8/19/2022 12:25:40 PM, Old:ON, New:Reading
Zero Mode Changed: 8/19/2022 12:25:40 PM, Old:Reading, New:ON
Scan mode: Changed: 8/19/2022 12:26:48 PM, Old:Emission, New:Excitation
Excitation Wavelength Changed: 8/19/2022 12:26:48 PM, Old: 300.00, New: 240.00
Emission Wavelength Changed: 8/19/2022 12:26:48 PM, Old: 320.00, New: 380.00
Stop Wavelength Changed: 8/19/2022 12:26:48 PM, Old: 550.00, New: 360.00
Zero Mode Changed: 8/19/2022 12:26:51 PM, Old:ON, New:Reading
Zero Mode Changed: 8/19/2022 12:26:51 PM, Old:Reading, New:ON
Scan mode: Changed: 8/19/2022 12:28:04 PM, Old:Excitation, New:Emission
Excitation Wavelength Changed: 8/19/2022 12:28:04 PM, Old: 240.00, New: 320.00
Emission Wavelength Changed: 8/19/2022 12:28:04 PM, Old: 380.00, New: 340.00
Stop Wavelength Changed: 8/19/2022 12:28:04 PM, Old: 360.00, New: 600.00
Zero Mode Changed: 8/19/2022 12:28:07 PM, Old:ON, New:Reading
Zero Mode Changed: 8/19/2022 12:28:07 PM, Old:Reading, New:ON
Emission Wavelength Changed: 8/19/2022 12:28:55 PM, Old: 340.00, New: 330.00
Zero Mode Changed: 8/19/2022 12:28:58 PM, Old:ON, New:Reading
Zero Mode Changed: 8/19/2022 12:28:58 PM, Old:Reading, New:ON
Scan mode: Changed: 8/19/2022 12:30:26 PM, Old:Emission, New:Excitation
Excitation Wavelength Changed: 8/19/2022 12:30:26 PM, Old: 320.00, New: 240.00
Emission Wavelength Changed: 8/19/2022 12:30:26 PM, Old: 330.00, New: 390.00
Stop Wavelength Changed: 8/19/2022 12:30:26 PM, Old: 600.00, New: 380.00
Zero Mode Changed: 8/19/2022 12:30:30 PM, Old:ON, New:Reading
Zero Mode Changed: 8/19/2022 12:30:30 PM, Old:Reading, New:ON
Scan mode: Changed: 8/19/2022 12:31:14 PM, Old:Excitation, New:Emission
Excitation Wavelength Changed: 8/19/2022 12:31:14 PM, Old: 240.00, New: 325.00
Emission Wavelength Changed: 8/19/2022 12:31:14 PM, Old: 390.00, New: 335.00
Stop Wavelength Changed: 8/19/2022 12:31:14 PM, Old: 380.00, New: 600.00
Zero Mode Changed: 8/19/2022 12:31:16 PM, Old:ON, New:Reading
Zero Mode Changed: 8/19/2022 12:31:16 PM, Old:Reading, New:ON
Zero Mode Changed: 8/19/2022 12:41:06 PM, Old:ON, New:Reading
Zero Mode Changed: 8/19/2022 12:41:06 PM, Old:Reading, New:ON
Scan mode: Changed: 8/19/2022 12:42:22 PM, Old:Emission, New:Excitation
Excitation Wavelength Changed: 8/19/2022 12:42:23 PM, Old: 325.00, New: 240.00
Emission Wavelength Changed: 8/19/2022 12:42:23 PM, Old: 335.00, New: 390.00
Stop Wavelength Changed: 8/19/2022 12:42:23 PM, Old: 600.00, New: 380.00
Zero Mode Changed: 8/19/2022 12:42:26 PM, Old:ON, New:Reading
Zero Mode Changed: 8/19/2022 12:42:26 PM, Old:Reading, New:ON
Scan mode: Changed: 8/19/2022 12:43:28 PM, Old:Excitation, New:Emission
Excitation Wavelength Changed: 8/19/2022 12:43:28 PM, Old: 240.00, New: 310.00
Emission Wavelength Changed: 8/19/2022 12:43:28 PM, Old: 390.00, New: 320.00
Stop Wavelength Changed: 8/19/2022 12:43:28 PM, Old: 380.00, New: 600.00
Zero Mode Changed: 8/19/2022 12:43:31 PM, Old:ON, New:Reading
Zero Mode Changed: 8/19/2022 12:43:31 PM, Old:Reading, New:ON
Scan mode: Changed: 8/19/2022 12:45:02 PM, Old:Emission, New:Excitation
Excitation Wavelength Changed: 8/19/2022 12:45:02 PM, Old: 310.00, New: 240.00
Emission Wavelength Changed: 8/19/2022 12:45:02 PM, Old: 320.00, New: 380.00
Stop Wavelength Changed: 8/19/2022 12:45:02 PM, Old: 600.00, New: 370.00
Zero Mode Changed: 8/19/2022 12:45:05 PM, Old:ON, New:Reading
Zero Mode Changed: 8/19/2022 12:45:06 PM, Old:Reading, New:ON
Zero Mode Changed: 8/19/2022 12:53:16 PM, Old:ON, New:Reading
Zero Mode Changed: 8/19/2022 12:53:16 PM, Old:Reading, New:ON
End Method Modifications

CdS 180sec ex310,
CdS 180sec ex310
Collection Time: 8/19/2022 12:54:19 PM
Operator Name  :
Scan Software Version: 1.1(132)
Parameter List :
Instrument                        Cary Eclipse
Instrument Serial Number          E08013467
Data mode                         Fluorescence
Scan mode                         Emission
X Mode                            Wavelength (nm)
Start (nm)                        320.00
Stop (nm)                         600.00
Ex. Wavelength (nm)               310.00
Ex. Slit (nm)                     5
Em. Slit (nm)                     5
Scan rate (nm/min)                600.00
Data interval (nm)                1.0000
Averaging Time (s)                0.1000
Excitation filter                 Auto
Emission filter                   Open
PMT voltage (V)                   Medium
Corrected spectra                 OFF
Method Log     :
Method Name    : Default
Date/Time stamp: 8/19/2022 12:24:03 PM
Method Modifications:
Scan mode: Changed: 8/19/2022 12:26:51 PM, Old:Emission, New:Excitation
Excitation Wavelength Changed: 8/19/2022 12:26:51 PM, Old: 350.00, New: 240.00
Emission Wavelength Changed: 8/19/2022 12:26:51 PM, Old: 400.00, New: 375.00
Stop Wavelength Changed: 8/19/2022 12:26:51 PM, Old: 600.00, New: 360.00
Zero Mode Changed: 8/19/2022 12:27:17 PM, Old:OFF, New:Reading
Zero Mode Changed: 8/19/2022 12:27:17 PM, Old:Reading, New:ON
Overlayed Graphs Changed: 8/19/2022 12:28:28 PM, Old:OFF, New:ON
Scan mode: Changed: 8/19/2022 12:28:47 PM, Old:Excitation, New:Emission
Excitation Wavelength Changed: 8/19/2022 12:28:47 PM, Old: 240.00, New: 310.00
Emission Wavelength Changed: 8/19/2022 12:28:47 PM, Old: 375.00, New: 320.00
Stop Wavelength Changed: 8/19/2022 12:28:47 PM, Old: 360.00, New: 600.00
Zero Mode Changed: 8/19/2022 12:28:52 PM, Old:ON, New:Reading
Zero Mode Changed: 8/19/2022 12:28:52 PM, Old:Reading, New:ON
Scan mode: Changed: 8/19/2022 12:30:14 PM, Old:Emission, New:Excitation
Excitation Wavelength Changed: 8/19/2022 12:30:14 PM, Old: 310.00, New: 240.00
Emission Wavelength Changed: 8/19/2022 12:30:14 PM, Old: 320.00, New: 380.00
Stop Wavelength Changed: 8/19/2022 12:30:14 PM, Old: 600.00, New: 370.00
Zero Mode Changed: 8/19/2022 12:30:18 PM, Old:ON, New:Reading
Zero Mode Changed: 8/19/2022 12:30:18 PM, Old:Reading, New:ON
Emission Wavelength Changed: 8/19/2022 12:31:06 PM, Old: 380.00, New: 385.00
Zero Mode Changed: 8/19/2022 12:31:08 PM, Old:ON, New:Reading
Zero Mode Changed: 8/19/2022 12:31:08 PM, Old:Reading, New:ON
Scan mode: Changed: 8/19/2022 12:32:05 PM, Old:Excitation, New:Emission
Excitation Wavelength Changed: 8/19/2022 12:32:05 PM, Old: 240.00, New: 315.00
Emission Wavelength Changed: 8/19/2022 12:32:05 PM, Old: 385.00, New: 325.00
Stop Wavelength Changed: 8/19/2022 12:32:05 PM, Old: 370.00, New: 600.00
Zero Mode Changed: 8/19/2022 12:32:08 PM, Old:ON, New:Reading
Zero Mode Changed: 8/19/2022 12:32:09 PM, Old:Reading, New:ON
Excitation Wavelength Changed: 8/19/2022 12:33:42 PM, Old: 315.00, New: 260.00
Emission Wavelength Changed: 8/19/2022 12:33:42 PM, Old: 325.00, New: 270.00
Stop Wavelength Changed: 8/19/2022 12:33:42 PM, Old: 600.00, New: 500.00
Zero Mode Changed: 8/19/2022 12:33:46 PM, Old:ON, New:Reading
Zero Mode Changed: 8/19/2022 12:33:46 PM, Old:Reading, New:ON
Scan mode: Changed: 8/19/2022 12:35:08 PM, Old:Emission, New:Excitation
Excitation Wavelength Changed: 8/19/2022 12:35:08 PM, Old: 260.00, New: 220.00
Emission Wavelength Changed: 8/19/2022 12:35:08 PM, Old: 270.00, New: 285.00
Stop Wavelength Changed: 8/19/2022 12:35:08 PM, Old: 500.00, New: 275.00
Zero Mode Changed: 8/19/2022 12:35:11 PM, Old:ON, New:Reading
Zero Mode Changed: 8/19/2022 12:35:11 PM, Old:Reading, New:ON
Cursor Peak Style Changed: 8/19/2022 12:39:15 PM, Old:Choice 0, New:Choice 1
Cursor Peak Style Changed: 8/19/2022 12:39:15 PM, Old:Valleys, New:Choice 2
Cursor Peak Style Changed: 8/19/2022 12:39:15 PM, Old:Peaks Valleys, New:Choice 0
Scan mode: Changed: 8/19/2022 12:54:32 PM, Old:Excitation, New:Emission
Excitation Wavelength Changed: 8/19/2022 12:54:32 PM, Old: 220.00, New: 310.00
Emission Wavelength Changed: 8/19/2022 12:54:32 PM, Old: 285.00, New: 320.00
Stop Wavelength Changed: 8/19/2022 12:54:32 PM, Old: 275.00, New: 600.00
Zero Mode Changed: 8/19/2022 12:54:35 PM, Old:ON, New:Reading
Zero Mode Changed: 8/19/2022 12:54:35 PM, Old:Reading, New:ON
Scan mode: Changed: 8/19/2022 12:58:24 PM, Old:Emission, New:Excitation
Excitation Wavelength Changed: 8/19/2022 12:58:24 PM, Old: 310.00, New: 240.00
Emission Wavelength Changed: 8/19/2022 12:58:24 PM, Old: 320.00, New: 375.00
Stop Wavelength Changed: 8/19/2022 12:58:24 PM, Old: 600.00, New: 360.00
Zero Mode Changed: 8/19/2022 12:58:28 PM, Old:ON, New:Reading
Zero Mode Changed: 8/19/2022 12:58:28 PM, Old:Reading, New:ON
Scan Control Changed: 8/19/2022 12:59:15 PM, Old:Medium, New:Slow
Ave. time (s): Changed: 8/19/2022 12:59:15 PM, Old:0.10000, New:0.50000
Zero Mode Changed: 8/19/2022 12:59:18 PM, Old:ON, New:Reading
Zero Mode Changed: 8/19/2022 12:59:18 PM, Old:Reading, New:ON
Scan mode: Changed: 8/19/2022 1:01:06 PM, Old:Excitation, New:Emission
Excitation Wavelength Changed: 8/19/2022 1:01:06 PM, Old: 240.00, New: 300.00
Emission Wavelength Changed: 8/19/2022 1:01:06 PM, Old: 375.00, New: 320.00
Stop Wavelength Changed: 8/19/2022 1:01:06 PM, Old: 360.00, New: 500.00
Zero Mode Changed: 8/19/2022 1:01:09 PM, Old:ON, New:Reading
Zero Mode Changed: 8/19/2022 1:01:10 PM, Old:Reading, New:ON
Scan mode: Changed: 8/19/2022 1:03:44 PM, Old:Emission, New:Excitation
Scan Control Changed: 8/19/2022 1:03:44 PM, Old:Slow, New:Medium
Ave. time (s): Changed: 8/19/2022 1:03:44 PM, Old:0.50000, New:0.10000
Excitation Wavelength Changed: 8/19/2022 1:03:44 PM, Old: 300.00, New: 240.00
Emission Wavelength Changed: 8/19/2022 1:03:44 PM, Old: 320.00, New: 385.00
Stop Wavelength Changed: 8/19/2022 1:03:44 PM, Old: 500.00, New: 360.00
Zero Mode Changed: 8/19/2022 1:03:48 PM, Old:ON, New:Reading
Zero Mode Changed: 8/19/2022 1:03:48 PM, Old:Reading, New:ON
Emission Wavelength Changed: 8/19/2022 1:04:23 PM, Old: 385.00, New: 380.00
Zero Mode Changed: 8/19/2022 1:04:25 PM, Old:ON, New:Reading
Zero Mode Changed: 8/19/2022 1:04:25 PM, Old:Reading, New:ON
Emission Wavelength Changed: 8/19/2022 1:04:58 PM, Old: 380.00, New: 375.00
Zero Mode Changed: 8/19/2022 1:05:00 PM, Old:ON, New:Reading
Zero Mode Changed: 8/19/2022 1:05:00 PM, Old:Reading, New:ON
Zero Mode Changed: 8/19/2022 1:05:27 PM, Old:ON, New:Reading
Zero Mode Changed: 8/19/2022 1:05:27 PM, Old:Reading, New:ON
Scan mode: Changed: 8/19/2022 1:07:14 PM, Old:Excitation, New:Emission
Excitation Wavelength Changed: 8/19/2022 1:07:14 PM, Old: 240.00, New: 300.00
Emission Wavelength Changed: 8/19/2022 1:07:14 PM, Old: 375.00, New: 320.00
Stop Wavelength Changed: 8/19/2022 1:07:14 PM, Old: 360.00, New: 550.00
Zero Mode Changed: 8/19/2022 1:07:16 PM, Old:ON, New:Reading
Zero Mode Changed: 8/19/2022 1:07:16 PM, Old:Reading, New:ON
Zero Mode Changed: 8/19/2022 1:11:08 PM, Old:ON, New:Reading
Zero Mode Changed: 8/19/2022 1:11:09 PM, Old:Reading, New:ON
Zero Mode Changed: 8/19/2022 1:13:19 PM, Old:ON, New:Reading
Zero Mode Changed: 8/19/2022 1:13:19 PM, Old:Reading, New:ON
Zero Mode Changed: 8/19/2022 12:25:40 PM, Old:ON, New:Reading
Zero Mode Changed: 8/19/2022 12:25:40 PM, Old:Reading, New:ON
Scan mode: Changed: 8/19/2022 12:26:48 PM, Old:Emission, New:Excitation
Excitation Wavelength Changed: 8/19/2022 12:26:48 PM, Old: 300.00, New: 240.00
Emission Wavelength Changed: 8/19/2022 12:26:48 PM, Old: 320.00, New: 380.00
Stop Wavelength Changed: 8/19/2022 12:26:48 PM, Old: 550.00, New: 360.00
Zero Mode Changed: 8/19/2022 12:26:51 PM, Old:ON, New:Reading
Zero Mode Changed: 8/19/2022 12:26:51 PM, Old:Reading, New:ON
Scan mode: Changed: 8/19/2022 12:28:04 PM, Old:Excitation, New:Emission
Excitation Wavelength Changed: 8/19/2022 12:28:04 PM, Old: 240.00, New: 320.00
Emission Wavelength Changed: 8/19/2022 12:28:04 PM, Old: 380.00, New: 340.00
Stop Wavelength Changed: 8/19/2022 12:28:04 PM, Old: 360.00, New: 600.00
Zero Mode Changed: 8/19/2022 12:28:07 PM, Old:ON, New:Reading
Zero Mode Changed: 8/19/2022 12:28:07 PM, Old:Reading, New:ON
Emission Wavelength Changed: 8/19/2022 12:28:55 PM, Old: 340.00, New: 330.00
Zero Mode Changed: 8/19/2022 12:28:58 PM, Old:ON, New:Reading
Zero Mode Changed: 8/19/2022 12:28:58 PM, Old:Reading, New:ON
Scan mode: Changed: 8/19/2022 12:30:26 PM, Old:Emission, New:Excitation
Excitation Wavelength Changed: 8/19/2022 12:30:26 PM, Old: 320.00, New: 240.00
Emission Wavelength Changed: 8/19/2022 12:30:26 PM, Old: 330.00, New: 390.00
Stop Wavelength Changed: 8/19/2022 12:30:26 PM, Old: 600.00, New: 380.00
Zero Mode Changed: 8/19/2022 12:30:30 PM, Old:ON, New:Reading
Zero Mode Changed: 8/19/2022 12:30:30 PM, Old:Reading, New:ON
Scan mode: Changed: 8/19/2022 12:31:14 PM, Old:Excitation, New:Emission
Excitation Wavelength Changed: 8/19/2022 12:31:14 PM, Old: 240.00, New: 325.00
Emission Wavelength Changed: 8/19/2022 12:31:14 PM, Old: 390.00, New: 335.00
Stop Wavelength Changed: 8/19/2022 12:31:14 PM, Old: 380.00, New: 600.00
Zero Mode Changed: 8/19/2022 12:31:16 PM, Old:ON, New:Reading
Zero Mode Changed: 8/19/2022 12:31:16 PM, Old:Reading, New:ON
Zero Mode Changed: 8/19/2022 12:41:06 PM, Old:ON, New:Reading
Zero Mode Changed: 8/19/2022 12:41:06 PM, Old:Reading, New:ON
Scan mode: Changed: 8/19/2022 12:42:22 PM, Old:Emission, New:Excitation
Excitation Wavelength Changed: 8/19/2022 12:42:23 PM, Old: 325.00, New: 240.00
Emission Wavelength Changed: 8/19/2022 12:42:23 PM, Old: 335.00, New: 390.00
Stop Wavelength Changed: 8/19/2022 12:42:23 PM, Old: 600.00, New: 380.00
Zero Mode Changed: 8/19/2022 12:42:26 PM, Old:ON, New:Reading
Zero Mode Changed: 8/19/2022 12:42:26 PM, Old:Reading, New:ON
Scan mode: Changed: 8/19/2022 12:43:28 PM, Old:Excitation, New:Emission
Excitation Wavelength Changed: 8/19/2022 12:43:28 PM, Old: 240.00, New: 310.00
Emission Wavelength Changed: 8/19/2022 12:43:28 PM, Old: 390.00, New: 320.00
Stop Wavelength Changed: 8/19/2022 12:43:28 PM, Old: 380.00, New: 600.00
Zero Mode Changed: 8/19/2022 12:43:31 PM, Old:ON, New:Reading
Zero Mode Changed: 8/19/2022 12:43:31 PM, Old:Reading, New:ON
Scan mode: Changed: 8/19/2022 12:45:02 PM, Old:Emission, New:Excitation
Excitation Wavelength Changed: 8/19/2022 12:45:02 PM, Old: 310.00, New: 240.00
Emission Wavelength Changed: 8/19/2022 12:45:02 PM, Old: 320.00, New: 380.00
Stop Wavelength Changed: 8/19/2022 12:45:02 PM, Old: 600.00, New: 370.00
Zero Mode Changed: 8/19/2022 12:45:05 PM, Old:ON, New:Reading
Zero Mode Changed: 8/19/2022 12:45:06 PM, Old:Reading, New:ON
Zero Mode Changed: 8/19/2022 12:53:16 PM, Old:ON, New:Reading
Zero Mode Changed: 8/19/2022 12:53:16 PM, Old:Reading, New:ON
Scan mode: Changed: 8/19/2022 12:54:07 PM, Old:Excitation, New:Emission
Excitation Wavelength Changed: 8/19/2022 12:54:07 PM, Old: 240.00, New: 310.00
Emission Wavelength Changed: 8/19/2022 12:54:07 PM, Old: 380.00, New: 320.00
Stop Wavelength Changed: 8/19/2022 12:54:07 PM, Old: 370.00, New: 600.00
Zero Mode Changed: 8/19/2022 12:54:09 PM, Old:ON, New:Reading
Zero Mode Changed: 8/19/2022 12:54:09 PM, Old:Reading, New:ON
End Method Modifications

CdS 180sec em365,
CdS 180sec em365
Collection Time: 8/19/2022 12:55:42 PM
Operator Name  :
Scan Software Version: 1.1(132)
Parameter List :
Instrument                        Cary Eclipse
Instrument Serial Number          E08013467
Data mode                         Fluorescence
Scan mode                         Excitation
X Mode                            Wavelength (nm)
Start (nm)                        240.00
Stop (nm)                         350.00
Em. Wavelength (nm)               365.00
Ex. Slit (nm)                     5
Em. Slit (nm)                     5
Scan rate (nm/min)                600.00
Data interval (nm)                1.0000
Averaging Time (s)                0.1000
Excitation filter                 Auto
Emission filter                   Open
PMT voltage (V)                   Medium
Corrected spectra                 OFF
Method Log     :
Method Name    : Default
Date/Time stamp: 8/19/2022 12:24:03 PM
Method Modifications:
Scan mode: Changed: 8/19/2022 12:26:51 PM, Old:Emission, New:Excitation
Excitation Wavelength Changed: 8/19/2022 12:26:51 PM, Old: 350.00, New: 240.00
Emission Wavelength Changed: 8/19/2022 12:26:51 PM, Old: 400.00, New: 375.00
Stop Wavelength Changed: 8/19/2022 12:26:51 PM, Old: 600.00, New: 360.00
Zero Mode Changed: 8/19/2022 12:27:17 PM, Old:OFF, New:Reading
Zero Mode Changed: 8/19/2022 12:27:17 PM, Old:Reading, New:ON
Overlayed Graphs Changed: 8/19/2022 12:28:28 PM, Old:OFF, New:ON
Scan mode: Changed: 8/19/2022 12:28:47 PM, Old:Excitation, New:Emission
Excitation Wavelength Changed: 8/19/2022 12:28:47 PM, Old: 240.00, New: 310.00
Emission Wavelength Changed: 8/19/2022 12:28:47 PM, Old: 375.00, New: 320.00
Stop Wavelength Changed: 8/19/2022 12:28:47 PM, Old: 360.00, New: 600.00
Zero Mode Changed: 8/19/2022 12:28:52 PM, Old:ON, New:Reading
Zero Mode Changed: 8/19/2022 12:28:52 PM, Old:Reading, New:ON
Scan mode: Changed: 8/19/2022 12:30:14 PM, Old:Emission, New:Excitation
Excitation Wavelength Changed: 8/19/2022 12:30:14 PM, Old: 310.00, New: 240.00
Emission Wavelength Changed: 8/19/2022 12:30:14 PM, Old: 320.00, New: 380.00
Stop Wavelength Changed: 8/19/2022 12:30:14 PM, Old: 600.00, New: 370.00
Zero Mode Changed: 8/19/2022 12:30:18 PM, Old:ON, New:Reading
Zero Mode Changed: 8/19/2022 12:30:18 PM, Old:Reading, New:ON
Emission Wavelength Changed: 8/19/2022 12:31:06 PM, Old: 380.00, New: 385.00
Zero Mode Changed: 8/19/2022 12:31:08 PM, Old:ON, New:Reading
Zero Mode Changed: 8/19/2022 12:31:08 PM, Old:Reading, New:ON
Scan mode: Changed: 8/19/2022 12:32:05 PM, Old:Excitation, New:Emission
Excitation Wavelength Changed: 8/19/2022 12:32:05 PM, Old: 240.00, New: 315.00
Emission Wavelength Changed: 8/19/2022 12:32:05 PM, Old: 385.00, New: 325.00
Stop Wavelength Changed: 8/19/2022 12:32:05 PM, Old: 370.00, New: 600.00
Zero Mode Changed: 8/19/2022 12:32:08 PM, Old:ON, New:Reading
Zero Mode Changed: 8/19/2022 12:32:09 PM, Old:Reading, New:ON
Excitation Wavelength Changed: 8/19/2022 12:33:42 PM, Old: 315.00, New: 260.00
Emission Wavelength Changed: 8/19/2022 12:33:42 PM, Old: 325.00, New: 270.00
Stop Wavelength Changed: 8/19/2022 12:33:42 PM, Old: 600.00, New: 500.00
Zero Mode Changed: 8/19/2022 12:33:46 PM, Old:ON, New:Reading
Zero Mode Changed: 8/19/2022 12:33:46 PM, Old:Reading, New:ON
Scan mode: Changed: 8/19/2022 12:35:08 PM, Old:Emission, New:Excitation
Excitation Wavelength Changed: 8/19/2022 12:35:08 PM, Old: 260.00, New: 220.00
Emission Wavelength Changed: 8/19/2022 12:35:08 PM, Old: 270.00, New: 285.00
Stop Wavelength Changed: 8/19/2022 12:35:08 PM, Old: 500.00, New: 275.00
Zero Mode Changed: 8/19/2022 12:35:11 PM, Old:ON, New:Reading
Zero Mode Changed: 8/19/2022 12:35:11 PM, Old:Reading, New:ON
Cursor Peak Style Changed: 8/19/2022 12:39:15 PM, Old:Choice 0, New:Choice 1
Cursor Peak Style Changed: 8/19/2022 12:39:15 PM, Old:Valleys, New:Choice 2
Cursor Peak Style Changed: 8/19/2022 12:39:15 PM, Old:Peaks Valleys, New:Choice 0
Scan mode: Changed: 8/19/2022 12:54:32 PM, Old:Excitation, New:Emission
Excitation Wavelength Changed: 8/19/2022 12:54:32 PM, Old: 220.00, New: 310.00
Emission Wavelength Changed: 8/19/2022 12:54:32 PM, Old: 285.00, New: 320.00
Stop Wavelength Changed: 8/19/2022 12:54:32 PM, Old: 275.00, New: 600.00
Zero Mode Changed: 8/19/2022 12:54:35 PM, Old:ON, New:Reading
Zero Mode Changed: 8/19/2022 12:54:35 PM, Old:Reading, New:ON
Scan mode: Changed: 8/19/2022 12:58:24 PM, Old:Emission, New:Excitation
Excitation Wavelength Changed: 8/19/2022 12:58:24 PM, Old: 310.00, New: 240.00
Emission Wavelength Changed: 8/19/2022 12:58:24 PM, Old: 320.00, New: 375.00
Stop Wavelength Changed: 8/19/2022 12:58:24 PM, Old: 600.00, New: 360.00
Zero Mode Changed: 8/19/2022 12:58:28 PM, Old:ON, New:Reading
Zero Mode Changed: 8/19/2022 12:58:28 PM, Old:Reading, New:ON
Scan Control Changed: 8/19/2022 12:59:15 PM, Old:Medium, New:Slow
Ave. time (s): Changed: 8/19/2022 12:59:15 PM, Old:0.10000, New:0.50000
Zero Mode Changed: 8/19/2022 12:59:18 PM, Old:ON, New:Reading
Zero Mode Changed: 8/19/2022 12:59:18 PM, Old:Reading, New:ON
Scan mode: Changed: 8/19/2022 1:01:06 PM, Old:Excitation, New:Emission
Excitation Wavelength Changed: 8/19/2022 1:01:06 PM, Old: 240.00, New: 300.00
Emission Wavelength Changed: 8/19/2022 1:01:06 PM, Old: 375.00, New: 320.00
Stop Wavelength Changed: 8/19/2022 1:01:06 PM, Old: 360.00, New: 500.00
Zero Mode Changed: 8/19/2022 1:01:09 PM, Old:ON, New:Reading
Zero Mode Changed: 8/19/2022 1:01:10 PM, Old:Reading, New:ON
Scan mode: Changed: 8/19/2022 1:03:44 PM, Old:Emission, New:Excitation
Scan Control Changed: 8/19/2022 1:03:44 PM, Old:Slow, New:Medium
Ave. time (s): Changed: 8/19/2022 1:03:44 PM, Old:0.50000, New:0.10000
Excitation Wavelength Changed: 8/19/2022 1:03:44 PM, Old: 300.00, New: 240.00
Emission Wavelength Changed: 8/19/2022 1:03:44 PM, Old: 320.00, New: 385.00
Stop Wavelength Changed: 8/19/2022 1:03:44 PM, Old: 500.00, New: 360.00
Zero Mode Changed: 8/19/2022 1:03:48 PM, Old:ON, New:Reading
Zero Mode Changed: 8/19/2022 1:03:48 PM, Old:Reading, New:ON
Emission Wavelength Changed: 8/19/2022 1:04:23 PM, Old: 385.00, New: 380.00
Zero Mode Changed: 8/19/2022 1:04:25 PM, Old:ON, New:Reading
Zero Mode Changed: 8/19/2022 1:04:25 PM, Old:Reading, New:ON
Emission Wavelength Changed: 8/19/2022 1:04:58 PM, Old: 380.00, New: 375.00
Zero Mode Changed: 8/19/2022 1:05:00 PM, Old:ON, New:Reading
Zero Mode Changed: 8/19/2022 1:05:00 PM, Old:Reading, New:ON
Zero Mode Changed: 8/19/2022 1:05:27 PM, Old:ON, New:Reading
Zero Mode Changed: 8/19/2022 1:05:27 PM, Old:Reading, New:ON
Scan mode: Changed: 8/19/2022 1:07:14 PM, Old:Excitation, New:Emission
Excitation Wavelength Changed: 8/19/2022 1:07:14 PM, Old: 240.00, New: 300.00
Emission Wavelength Changed: 8/19/2022 1:07:14 PM, Old: 375.00, New: 320.00
Stop Wavelength Changed: 8/19/2022 1:07:14 PM, Old: 360.00, New: 550.00
Zero Mode Changed: 8/19/2022 1:07:16 PM, Old:ON, New:Reading
Zero Mode Changed: 8/19/2022 1:07:16 PM, Old:Reading, New:ON
Zero Mode Changed: 8/19/2022 1:11:08 PM, Old:ON, New:Reading
Zero Mode Changed: 8/19/2022 1:11:09 PM, Old:Reading, New:ON
Zero Mode Changed: 8/19/2022 1:13:19 PM, Old:ON, New:Reading
Zero Mode Changed: 8/19/2022 1:13:19 PM, Old:Reading, New:ON
Zero Mode Changed: 8/19/2022 12:25:40 PM, Old:ON, New:Reading
Zero Mode Changed: 8/19/2022 12:25:40 PM, Old:Reading, New:ON
Scan mode: Changed: 8/19/2022 12:26:48 PM, Old:Emission, New:Excitation
Excitation Wavelength Changed: 8/19/2022 12:26:48 PM, Old: 300.00, New: 240.00
Emission Wavelength Changed: 8/19/2022 12:26:48 PM, Old: 320.00, New: 380.00
Stop Wavelength Changed: 8/19/2022 12:26:48 PM, Old: 550.00, New: 360.00
Zero Mode Changed: 8/19/2022 12:26:51 PM, Old:ON, New:Reading
Zero Mode Changed: 8/19/2022 12:26:51 PM, Old:Reading, New:ON
Scan mode: Changed: 8/19/2022 12:28:04 PM, Old:Excitation, New:Emission
Excitation Wavelength Changed: 8/19/2022 12:28:04 PM, Old: 240.00, New: 320.00
Emission Wavelength Changed: 8/19/2022 12:28:04 PM, Old: 380.00, New: 340.00
Stop Wavelength Changed: 8/19/2022 12:28:04 PM, Old: 360.00, New: 600.00
Zero Mode Changed: 8/19/2022 12:28:07 PM, Old:ON, New:Reading
Zero Mode Changed: 8/19/2022 12:28:07 PM, Old:Reading, New:ON
Emission Wavelength Changed: 8/19/2022 12:28:55 PM, Old: 340.00, New: 330.00
Zero Mode Changed: 8/19/2022 12:28:58 PM, Old:ON, New:Reading
Zero Mode Changed: 8/19/2022 12:28:58 PM, Old:Reading, New:ON
Scan mode: Changed: 8/19/2022 12:30:26 PM, Old:Emission, New:Excitation
Excitation Wavelength Changed: 8/19/2022 12:30:26 PM, Old: 320.00, New: 240.00
Emission Wavelength Changed: 8/19/2022 12:30:26 PM, Old: 330.00, New: 390.00
Stop Wavelength Changed: 8/19/2022 12:30:26 PM, Old: 600.00, New: 380.00
Zero Mode Changed: 8/19/2022 12:30:30 PM, Old:ON, New:Reading
Zero Mode Changed: 8/19/2022 12:30:30 PM, Old:Reading, New:ON
Scan mode: Changed: 8/19/2022 12:31:14 PM, Old:Excitation, New:Emission
Excitation Wavelength Changed: 8/19/2022 12:31:14 PM, Old: 240.00, New: 325.00
Emission Wavelength Changed: 8/19/2022 12:31:14 PM, Old: 390.00, New: 335.00
Stop Wavelength Changed: 8/19/2022 12:31:14 PM, Old: 380.00, New: 600.00
Zero Mode Changed: 8/19/2022 12:31:16 PM, Old:ON, New:Reading
Zero Mode Changed: 8/19/2022 12:31:16 PM, Old:Reading, New:ON
Zero Mode Changed: 8/19/2022 12:41:06 PM, Old:ON, New:Reading
Zero Mode Changed: 8/19/2022 12:41:06 PM, Old:Reading, New:ON
Scan mode: Changed: 8/19/2022 12:42:22 PM, Old:Emission, New:Excitation
Excitation Wavelength Changed: 8/19/2022 12:42:23 PM, Old: 325.00, New: 240.00
Emission Wavelength Changed: 8/19/2022 12:42:23 PM, Old: 335.00, New: 390.00
Stop Wavelength Changed: 8/19/2022 12:42:23 PM, Old: 600.00, New: 380.00
Zero Mode Changed: 8/19/2022 12:42:26 PM, Old:ON, New:Reading
Zero Mode Changed: 8/19/2022 12:42:26 PM, Old:Reading, New:ON
Scan mode: Changed: 8/19/2022 12:43:28 PM, Old:Excitation, New:Emission
Excitation Wavelength Changed: 8/19/2022 12:43:28 PM, Old: 240.00, New: 310.00
Emission Wavelength Changed: 8/19/2022 12:43:28 PM, Old: 390.00, New: 320.00
Stop Wavelength Changed: 8/19/2022 12:43:28 PM, Old: 380.00, New: 600.00
Zero Mode Changed: 8/19/2022 12:43:31 PM, Old:ON, New:Reading
Zero Mode Changed: 8/19/2022 12:43:31 PM, Old:Reading, New:ON
Scan mode: Changed: 8/19/2022 12:45:02 PM, Old:Emission, New:Excitation
Excitation Wavelength Changed: 8/19/2022 12:45:02 PM, Old: 310.00, New: 240.00
Emission Wavelength Changed: 8/19/2022 12:45:02 PM, Old: 320.00, New: 380.00
Stop Wavelength Changed: 8/19/2022 12:45:02 PM, Old: 600.00, New: 370.00
Zero Mode Changed: 8/19/2022 12:45:05 PM, Old:ON, New:Reading
Zero Mode Changed: 8/19/2022 12:45:06 PM, Old:Reading, New:ON
Zero Mode Changed: 8/19/2022 12:53:16 PM, Old:ON, New:Reading
Zero Mode Changed: 8/19/2022 12:53:16 PM, Old:Reading, New:ON
Scan mode: Changed: 8/19/2022 12:54:07 PM, Old:Excitation, New:Emission
Excitation Wavelength Changed: 8/19/2022 12:54:07 PM, Old: 240.00, New: 310.00
Emission Wavelength Changed: 8/19/2022 12:54:07 PM, Old: 380.00, New: 320.00
Stop Wavelength Changed: 8/19/2022 12:54:07 PM, Old: 370.00, New: 600.00
Zero Mode Changed: 8/19/2022 12:54:09 PM, Old:ON, New:Reading
Zero Mode Changed: 8/19/2022 12:54:09 PM, Old:Reading, New:ON
Scan mode: Changed: 8/19/2022 12:55:32 PM, Old:Emission, New:Excitation
Excitation Wavelength Changed: 8/19/2022 12:55:32 PM, Old: 310.00, New: 240.00
Emission Wavelength Changed: 8/19/2022 12:55:32 PM, Old: 320.00, New: 365.00
Stop Wavelength Changed: 8/19/2022 12:55:32 PM, Old: 600.00, New: 350.00
Zero Mode Changed: 8/19/2022 12:55:35 PM, Old:ON, New:Reading
Zero Mode Changed: 8/19/2022 12:55:35 PM, Old:Reading, New:ON
End Method Modifications

CdS 180sec ex260,
CdS 180sec ex260
Collection Time: 8/19/2022 12:58:05 PM
Operator Name  :
Scan Software Version: 1.1(132)
Parameter List :
Instrument                        Cary Eclipse
Instrument Serial Number          E08013467
Data mode                         Fluorescence
Scan mode                         Emission
X Mode                            Wavelength (nm)
Start (nm)                        265.00
Stop (nm)                         500.00
Ex. Wavelength (nm)               260.00
Ex. Slit (nm)                     5
Em. Slit (nm)                     5
Scan rate (nm/min)                600.00
Data interval (nm)                1.0000
Averaging Time (s)                0.1000
Excitation filter                 Auto
Emission filter                   Open
PMT voltage (V)                   Medium
Corrected spectra                 OFF
Method Log     :
Method Name    : Default
Date/Time stamp: 8/19/2022 12:24:03 PM
Method Modifications:
Scan mode: Changed: 8/19/2022 12:26:51 PM, Old:Emission, New:Excitation
Excitation Wavelength Changed: 8/19/2022 12:26:51 PM, Old: 350.00, New: 240.00
Emission Wavelength Changed: 8/19/2022 12:26:51 PM, Old: 400.00, New: 375.00
Stop Wavelength Changed: 8/19/2022 12:26:51 PM, Old: 600.00, New: 360.00
Zero Mode Changed: 8/19/2022 12:27:17 PM, Old:OFF, New:Reading
Zero Mode Changed: 8/19/2022 12:27:17 PM, Old:Reading, New:ON
Overlayed Graphs Changed: 8/19/2022 12:28:28 PM, Old:OFF, New:ON
Scan mode: Changed: 8/19/2022 12:28:47 PM, Old:Excitation, New:Emission
Excitation Wavelength Changed: 8/19/2022 12:28:47 PM, Old: 240.00, New: 310.00
Emission Wavelength Changed: 8/19/2022 12:28:47 PM, Old: 375.00, New: 320.00
Stop Wavelength Changed: 8/19/2022 12:28:47 PM, Old: 360.00, New: 600.00
Zero Mode Changed: 8/19/2022 12:28:52 PM, Old:ON, New:Reading
Zero Mode Changed: 8/19/2022 12:28:52 PM, Old:Reading, New:ON
Scan mode: Changed: 8/19/2022 12:30:14 PM, Old:Emission, New:Excitation
Excitation Wavelength Changed: 8/19/2022 12:30:14 PM, Old: 310.00, New: 240.00
Emission Wavelength Changed: 8/19/2022 12:30:14 PM, Old: 320.00, New: 380.00
Stop Wavelength Changed: 8/19/2022 12:30:14 PM, Old: 600.00, New: 370.00
Zero Mode Changed: 8/19/2022 12:30:18 PM, Old:ON, New:Reading
Zero Mode Changed: 8/19/2022 12:30:18 PM, Old:Reading, New:ON
Emission Wavelength Changed: 8/19/2022 12:31:06 PM, Old: 380.00, New: 385.00
Zero Mode Changed: 8/19/2022 12:31:08 PM, Old:ON, New:Reading
Zero Mode Changed: 8/19/2022 12:31:08 PM, Old:Reading, New:ON
Scan mode: Changed: 8/19/2022 12:32:05 PM, Old:Excitation, New:Emission
Excitation Wavelength Changed: 8/19/2022 12:32:05 PM, Old: 240.00, New: 315.00
Emission Wavelength Changed: 8/19/2022 12:32:05 PM, Old: 385.00, New: 325.00
Stop Wavelength Changed: 8/19/2022 12:32:05 PM, Old: 370.00, New: 600.00
Zero Mode Changed: 8/19/2022 12:32:08 PM, Old:ON, New:Reading
Zero Mode Changed: 8/19/2022 12:32:09 PM, Old:Reading, New:ON
Excitation Wavelength Changed: 8/19/2022 12:33:42 PM, Old: 315.00, New: 260.00
Emission Wavelength Changed: 8/19/2022 12:33:42 PM, Old: 325.00, New: 270.00
Stop Wavelength Changed: 8/19/2022 12:33:42 PM, Old: 600.00, New: 500.00
Zero Mode Changed: 8/19/2022 12:33:46 PM, Old:ON, New:Reading
Zero Mode Changed: 8/19/2022 12:33:46 PM, Old:Reading, New:ON
Scan mode: Changed: 8/19/2022 12:35:08 PM, Old:Emission, New:Excitation
Excitation Wavelength Changed: 8/19/2022 12:35:08 PM, Old: 260.00, New: 220.00
Emission Wavelength Changed: 8/19/2022 12:35:08 PM, Old: 270.00, New: 285.00
Stop Wavelength Changed: 8/19/2022 12:35:08 PM, Old: 500.00, New: 275.00
Zero Mode Changed: 8/19/2022 12:35:11 PM, Old:ON, New:Reading
Zero Mode Changed: 8/19/2022 12:35:11 PM, Old:Reading, New:ON
Cursor Peak Style Changed: 8/19/2022 12:39:15 PM, Old:Choice 0, New:Choice 1
Cursor Peak Style Changed: 8/19/2022 12:39:15 PM, Old:Valleys, New:Choice 2
Cursor Peak Style Changed: 8/19/2022 12:39:15 PM, Old:Peaks Valleys, New:Choice 0
Scan mode: Changed: 8/19/2022 12:54:32 PM, Old:Excitation, New:Emission
Excitation Wavelength Changed: 8/19/2022 12:54:32 PM, Old: 220.00, New: 310.00
Emission Wavelength Changed: 8/19/2022 12:54:32 PM, Old: 285.00, New: 320.00
Stop Wavelength Changed: 8/19/2022 12:54:32 PM, Old: 275.00, New: 600.00
Zero Mode Changed: 8/19/2022 12:54:35 PM, Old:ON, New:Reading
Zero Mode Changed: 8/19/2022 12:54:35 PM, Old:Reading, New:ON
Scan mode: Changed: 8/19/2022 12:58:24 PM, Old:Emission, New:Excitation
Excitation Wavelength Changed: 8/19/2022 12:58:24 PM, Old: 310.00, New: 240.00
Emission Wavelength Changed: 8/19/2022 12:58:24 PM, Old: 320.00, New: 375.00
Stop Wavelength Changed: 8/19/2022 12:58:24 PM, Old: 600.00, New: 360.00
Zero Mode Changed: 8/19/2022 12:58:28 PM, Old:ON, New:Reading
Zero Mode Changed: 8/19/2022 12:58:28 PM, Old:Reading, New:ON
Scan Control Changed: 8/19/2022 12:59:15 PM, Old:Medium, New:Slow
Ave. time (s): Changed: 8/19/2022 12:59:15 PM, Old:0.10000, New:0.50000
Zero Mode Changed: 8/19/2022 12:59:18 PM, Old:ON, New:Reading
Zero Mode Changed: 8/19/2022 12:59:18 PM, Old:Reading, New:ON
Scan mode: Changed: 8/19/2022 1:01:06 PM, Old:Excitation, New:Emission
Excitation Wavelength Changed: 8/19/2022 1:01:06 PM, Old: 240.00, New: 300.00
Emission Wavelength Changed: 8/19/2022 1:01:06 PM, Old: 375.00, New: 320.00
Stop Wavelength Changed: 8/19/2022 1:01:06 PM, Old: 360.00, New: 500.00
Zero Mode Changed: 8/19/2022 1:01:09 PM, Old:ON, New:Reading
Zero Mode Changed: 8/19/2022 1:01:10 PM, Old:Reading, New:ON
Scan mode: Changed: 8/19/2022 1:03:44 PM, Old:Emission, New:Excitation
Scan Control Changed: 8/19/2022 1:03:44 PM, Old:Slow, New:Medium
Ave. time (s): Changed: 8/19/2022 1:03:44 PM, Old:0.50000, New:0.10000
Excitation Wavelength Changed: 8/19/2022 1:03:44 PM, Old: 300.00, New: 240.00
Emission Wavelength Changed: 8/19/2022 1:03:44 PM, Old: 320.00, New: 385.00
Stop Wavelength Changed: 8/19/2022 1:03:44 PM, Old: 500.00, New: 360.00
Zero Mode Changed: 8/19/2022 1:03:48 PM, Old:ON, New:Reading
Zero Mode Changed: 8/19/2022 1:03:48 PM, Old:Reading, New:ON
Emission Wavelength Changed: 8/19/2022 1:04:23 PM, Old: 385.00, New: 380.00
Zero Mode Changed: 8/19/2022 1:04:25 PM, Old:ON, New:Reading
Zero Mode Changed: 8/19/2022 1:04:25 PM, Old:Reading, New:ON
Emission Wavelength Changed: 8/19/2022 1:04:58 PM, Old: 380.00, New: 375.00
Zero Mode Changed: 8/19/2022 1:05:00 PM, Old:ON, New:Reading
Zero Mode Changed: 8/19/2022 1:05:00 PM, Old:Reading, New:ON
Zero Mode Changed: 8/19/2022 1:05:27 PM, Old:ON, New:Reading
Zero Mode Changed: 8/19/2022 1:05:27 PM, Old:Reading, New:ON
Scan mode: Changed: 8/19/2022 1:07:14 PM, Old:Excitation, New:Emission
Excitation Wavelength Changed: 8/19/2022 1:07:14 PM, Old: 240.00, New: 300.00
Emission Wavelength Changed: 8/19/2022 1:07:14 PM, Old: 375.00, New: 320.00
Stop Wavelength Changed: 8/19/2022 1:07:14 PM, Old: 360.00, New: 550.00
Zero Mode Changed: 8/19/2022 1:07:16 PM, Old:ON, New:Reading
Zero Mode Changed: 8/19/2022 1:07:16 PM, Old:Reading, New:ON
Zero Mode Changed: 8/19/2022 1:11:08 PM, Old:ON, New:Reading
Zero Mode Changed: 8/19/2022 1:11:09 PM, Old:Reading, New:ON
Zero Mode Changed: 8/19/2022 1:13:19 PM, Old:ON, New:Reading
Zero Mode Changed: 8/19/2022 1:13:19 PM, Old:Reading, New:ON
Zero Mode Changed: 8/19/2022 12:25:40 PM, Old:ON, New:Reading
Zero Mode Changed: 8/19/2022 12:25:40 PM, Old:Reading, New:ON
Scan mode: Changed: 8/19/2022 12:26:48 PM, Old:Emission, New:Excitation
Excitation Wavelength Changed: 8/19/2022 12:26:48 PM, Old: 300.00, New: 240.00
Emission Wavelength Changed: 8/19/2022 12:26:48 PM, Old: 320.00, New: 380.00
Stop Wavelength Changed: 8/19/2022 12:26:48 PM, Old: 550.00, New: 360.00
Zero Mode Changed: 8/19/2022 12:26:51 PM, Old:ON, New:Reading
Zero Mode Changed: 8/19/2022 12:26:51 PM, Old:Reading, New:ON
Scan mode: Changed: 8/19/2022 12:28:04 PM, Old:Excitation, New:Emission
Excitation Wavelength Changed: 8/19/2022 12:28:04 PM, Old: 240.00, New: 320.00
Emission Wavelength Changed: 8/19/2022 12:28:04 PM, Old: 380.00, New: 340.00
Stop Wavelength Changed: 8/19/2022 12:28:04 PM, Old: 360.00, New: 600.00
Zero Mode Changed: 8/19/2022 12:28:07 PM, Old:ON, New:Reading
Zero Mode Changed: 8/19/2022 12:28:07 PM, Old:Reading, New:ON
Emission Wavelength Changed: 8/19/2022 12:28:55 PM, Old: 340.00, New: 330.00
Zero Mode Changed: 8/19/2022 12:28:58 PM, Old:ON, New:Reading
Zero Mode Changed: 8/19/2022 12:28:58 PM, Old:Reading, New:ON
Scan mode: Changed: 8/19/2022 12:30:26 PM, Old:Emission, New:Excitation
Excitation Wavelength Changed: 8/19/2022 12:30:26 PM, Old: 320.00, New: 240.00
Emission Wavelength Changed: 8/19/2022 12:30:26 PM, Old: 330.00, New: 390.00
Stop Wavelength Changed: 8/19/2022 12:30:26 PM, Old: 600.00, New: 380.00
Zero Mode Changed: 8/19/2022 12:30:30 PM, Old:ON, New:Reading
Zero Mode Changed: 8/19/2022 12:30:30 PM, Old:Reading, New:ON
Scan mode: Changed: 8/19/2022 12:31:14 PM, Old:Excitation, New:Emission
Excitation Wavelength Changed: 8/19/2022 12:31:14 PM, Old: 240.00, New: 325.00
Emission Wavelength Changed: 8/19/2022 12:31:14 PM, Old: 390.00, New: 335.00
Stop Wavelength Changed: 8/19/2022 12:31:14 PM, Old: 380.00, New: 600.00
Zero Mode Changed: 8/19/2022 12:31:16 PM, Old:ON, New:Reading
Zero Mode Changed: 8/19/2022 12:31:16 PM, Old:Reading, New:ON
Zero Mode Changed: 8/19/2022 12:41:06 PM, Old:ON, New:Reading
Zero Mode Changed: 8/19/2022 12:41:06 PM, Old:Reading, New:ON
Scan mode: Changed: 8/19/2022 12:42:22 PM, Old:Emission, New:Excitation
Excitation Wavelength Changed: 8/19/2022 12:42:23 PM, Old: 325.00, New: 240.00
Emission Wavelength Changed: 8/19/2022 12:42:23 PM, Old: 335.00, New: 390.00
Stop Wavelength Changed: 8/19/2022 12:42:23 PM, Old: 600.00, New: 380.00
Zero Mode Changed: 8/19/2022 12:42:26 PM, Old:ON, New:Reading
Zero Mode Changed: 8/19/2022 12:42:26 PM, Old:Reading, New:ON
Scan mode: Changed: 8/19/2022 12:43:28 PM, Old:Excitation, New:Emission
Excitation Wavelength Changed: 8/19/2022 12:43:28 PM, Old: 240.00, New: 310.00
Emission Wavelength Changed: 8/19/2022 12:43:28 PM, Old: 390.00, New: 320.00
Stop Wavelength Changed: 8/19/2022 12:43:28 PM, Old: 380.00, New: 600.00
Zero Mode Changed: 8/19/2022 12:43:31 PM, Old:ON, New:Reading
Zero Mode Changed: 8/19/2022 12:43:31 PM, Old:Reading, New:ON
Scan mode: Changed: 8/19/2022 12:45:02 PM, Old:Emission, New:Excitation
Excitation Wavelength Changed: 8/19/2022 12:45:02 PM, Old: 310.00, New: 240.00
Emission Wavelength Changed: 8/19/2022 12:45:02 PM, Old: 320.00, New: 380.00
Stop Wavelength Changed: 8/19/2022 12:45:02 PM, Old: 600.00, New: 370.00
Zero Mode Changed: 8/19/2022 12:45:05 PM, Old:ON, New:Reading
Zero Mode Changed: 8/19/2022 12:45:06 PM, Old:Reading, New:ON
Zero Mode Changed: 8/19/2022 12:53:16 PM, Old:ON, New:Reading
Zero Mode Changed: 8/19/2022 12:53:16 PM, Old:Reading, New:ON
Scan mode: Changed: 8/19/2022 12:54:07 PM, Old:Excitation, New:Emission
Excitation Wavelength Changed: 8/19/2022 12:54:07 PM, Old: 240.00, New: 310.00
Emission Wavelength Changed: 8/19/2022 12:54:07 PM, Old: 380.00, New: 320.00
Stop Wavelength Changed: 8/19/2022 12:54:07 PM, Old: 370.00, New: 600.00
Zero Mode Changed: 8/19/2022 12:54:09 PM, Old:ON, New:Reading
Zero Mode Changed: 8/19/2022 12:54:09 PM, Old:Reading, New:ON
Scan mode: Changed: 8/19/2022 12:55:32 PM, Old:Emission, New:Excitation
Excitation Wavelength Changed: 8/19/2022 12:55:32 PM, Old: 310.00, New: 240.00
Emission Wavelength Changed: 8/19/2022 12:55:32 PM, Old: 320.00, New: 365.00
Stop Wavelength Changed: 8/19/2022 12:55:32 PM, Old: 600.00, New: 350.00
Zero Mode Changed: 8/19/2022 12:55:35 PM, Old:ON, New:Reading
Zero Mode Changed: 8/19/2022 12:55:35 PM, Old:Reading, New:ON
Scan mode: Changed: 8/19/2022 12:56:20 PM, Old:Excitation, New:Emission
Excitation Wavelength Changed: 8/19/2022 12:56:20 PM, Old: 240.00, New: 260.00
Emission Wavelength Changed: 8/19/2022 12:56:20 PM, Old: 365.00, New: 280.00
Stop Wavelength Changed: 8/19/2022 12:56:20 PM, Old: 350.00, New: 500.00
Zero Mode Changed: 8/19/2022 12:56:23 PM, Old:ON, New:Reading
Zero Mode Changed: 8/19/2022 12:56:23 PM, Old:Reading, New:ON
Emission Wavelength Changed: 8/19/2022 12:57:03 PM, Old: 280.00, New: 300.00
Zero Mode Changed: 8/19/2022 12:57:05 PM, Old:ON, New:Reading
Zero Mode Changed: 8/19/2022 12:57:06 PM, Old:Reading, New:ON
Emission Wavelength Changed: 8/19/2022 12:57:58 PM, Old: 300.00, New: 265.00
Zero Mode Changed: 8/19/2022 12:58:00 PM, Old:ON, New:Reading
Zero Mode Changed: 8/19/2022 12:58:00 PM, Old:Reading, New:ON
End Method Modifications

CdS 180sec em285,
CdS 180sec em285
Collection Time: 8/19/2022 12:59:07 PM
Operator Name  :
Scan Software Version: 1.1(132)
Parameter List :
Instrument                        Cary Eclipse
Instrument Serial Number          E08013467
Data mode                         Fluorescence
Scan mode                         Excitation
X Mode                            Wavelength (nm)
Start (nm)                        220.00
Stop (nm)                         280.00
Em. Wavelength (nm)               285.00
Ex. Slit (nm)                     5
Em. Slit (nm)                     5
Scan rate (nm/min)                600.00
Data interval (nm)                1.0000
Averaging Time (s)                0.1000
Excitation filter                 Auto
Emission filter                   Open
PMT voltage (V)                   Medium
Corrected spectra                 OFF
Method Log     :
Method Name    : Default
Date/Time stamp: 8/19/2022 12:24:03 PM
Method Modifications:
Scan mode: Changed: 8/19/2022 12:26:51 PM, Old:Emission, New:Excitation
Excitation Wavelength Changed: 8/19/2022 12:26:51 PM, Old: 350.00, New: 240.00
Emission Wavelength Changed: 8/19/2022 12:26:51 PM, Old: 400.00, New: 375.00
Stop Wavelength Changed: 8/19/2022 12:26:51 PM, Old: 600.00, New: 360.00
Zero Mode Changed: 8/19/2022 12:27:17 PM, Old:OFF, New:Reading
Zero Mode Changed: 8/19/2022 12:27:17 PM, Old:Reading, New:ON
Overlayed Graphs Changed: 8/19/2022 12:28:28 PM, Old:OFF, New:ON
Scan mode: Changed: 8/19/2022 12:28:47 PM, Old:Excitation, New:Emission
Excitation Wavelength Changed: 8/19/2022 12:28:47 PM, Old: 240.00, New: 310.00
Emission Wavelength Changed: 8/19/2022 12:28:47 PM, Old: 375.00, New: 320.00
Stop Wavelength Changed: 8/19/2022 12:28:47 PM, Old: 360.00, New: 600.00
Zero Mode Changed: 8/19/2022 12:28:52 PM, Old:ON, New:Reading
Zero Mode Changed: 8/19/2022 12:28:52 PM, Old:Reading, New:ON
Scan mode: Changed: 8/19/2022 12:30:14 PM, Old:Emission, New:Excitation
Excitation Wavelength Changed: 8/19/2022 12:30:14 PM, Old: 310.00, New: 240.00
Emission Wavelength Changed: 8/19/2022 12:30:14 PM, Old: 320.00, New: 380.00
Stop Wavelength Changed: 8/19/2022 12:30:14 PM, Old: 600.00, New: 370.00
Zero Mode Changed: 8/19/2022 12:30:18 PM, Old:ON, New:Reading
Zero Mode Changed: 8/19/2022 12:30:18 PM, Old:Reading, New:ON
Emission Wavelength Changed: 8/19/2022 12:31:06 PM, Old: 380.00, New: 385.00
Zero Mode Changed: 8/19/2022 12:31:08 PM, Old:ON, New:Reading
Zero Mode Changed: 8/19/2022 12:31:08 PM, Old:Reading, New:ON
Scan mode: Changed: 8/19/2022 12:32:05 PM, Old:Excitation, New:Emission
Excitation Wavelength Changed: 8/19/2022 12:32:05 PM, Old: 240.00, New: 315.00
Emission Wavelength Changed: 8/19/2022 12:32:05 PM, Old: 385.00, New: 325.00
Stop Wavelength Changed: 8/19/2022 12:32:05 PM, Old: 370.00, New: 600.00
Zero Mode Changed: 8/19/2022 12:32:08 PM, Old:ON, New:Reading
Zero Mode Changed: 8/19/2022 12:32:09 PM, Old:Reading, New:ON
Excitation Wavelength Changed: 8/19/2022 12:33:42 PM, Old: 315.00, New: 260.00
Emission Wavelength Changed: 8/19/2022 12:33:42 PM, Old: 325.00, New: 270.00
Stop Wavelength Changed: 8/19/2022 12:33:42 PM, Old: 600.00, New: 500.00
Zero Mode Changed: 8/19/2022 12:33:46 PM, Old:ON, New:Reading
Zero Mode Changed: 8/19/2022 12:33:46 PM, Old:Reading, New:ON
Scan mode: Changed: 8/19/2022 12:35:08 PM, Old:Emission, New:Excitation
Excitation Wavelength Changed: 8/19/2022 12:35:08 PM, Old: 260.00, New: 220.00
Emission Wavelength Changed: 8/19/2022 12:35:08 PM, Old: 270.00, New: 285.00
Stop Wavelength Changed: 8/19/2022 12:35:08 PM, Old: 500.00, New: 275.00
Zero Mode Changed: 8/19/2022 12:35:11 PM, Old:ON, New:Reading
Zero Mode Changed: 8/19/2022 12:35:11 PM, Old:Reading, New:ON
Cursor Peak Style Changed: 8/19/2022 12:39:15 PM, Old:Choice 0, New:Choice 1
Cursor Peak Style Changed: 8/19/2022 12:39:15 PM, Old:Valleys, New:Choice 2
Cursor Peak Style Changed: 8/19/2022 12:39:15 PM, Old:Peaks Valleys, New:Choice 0
Scan mode: Changed: 8/19/2022 12:54:32 PM, Old:Excitation, New:Emission
Excitation Wavelength Changed: 8/19/2022 12:54:32 PM, Old: 220.00, New: 310.00
Emission Wavelength Changed: 8/19/2022 12:54:32 PM, Old: 285.00, New: 320.00
Stop Wavelength Changed: 8/19/2022 12:54:32 PM, Old: 275.00, New: 600.00
Zero Mode Changed: 8/19/2022 12:54:35 PM, Old:ON, New:Reading
Zero Mode Changed: 8/19/2022 12:54:35 PM, Old:Reading, New:ON
Scan mode: Changed: 8/19/2022 12:58:24 PM, Old:Emission, New:Excitation
Excitation Wavelength Changed: 8/19/2022 12:58:24 PM, Old: 310.00, New: 240.00
Emission Wavelength Changed: 8/19/2022 12:58:24 PM, Old: 320.00, New: 375.00
Stop Wavelength Changed: 8/19/2022 12:58:24 PM, Old: 600.00, New: 360.00
Zero Mode Changed: 8/19/2022 12:58:28 PM, Old:ON, New:Reading
Zero Mode Changed: 8/19/2022 12:58:28 PM, Old:Reading, New:ON
Scan Control Changed: 8/19/2022 12:59:15 PM, Old:Medium, New:Slow
Ave. time (s): Changed: 8/19/2022 12:59:15 PM, Old:0.10000, New:0.50000
Zero Mode Changed: 8/19/2022 12:59:18 PM, Old:ON, New:Reading
Zero Mode Changed: 8/19/2022 12:59:18 PM, Old:Reading, New:ON
Scan mode: Changed: 8/19/2022 1:01:06 PM, Old:Excitation, New:Emission
Excitation Wavelength Changed: 8/19/2022 1:01:06 PM, Old: 240.00, New: 300.00
Emission Wavelength Changed: 8/19/2022 1:01:06 PM, Old: 375.00, New: 320.00
Stop Wavelength Changed: 8/19/2022 1:01:06 PM, Old: 360.00, New: 500.00
Zero Mode Changed: 8/19/2022 1:01:09 PM, Old:ON, New:Reading
Zero Mode Changed: 8/19/2022 1:01:10 PM, Old:Reading, New:ON
Scan mode: Changed: 8/19/2022 1:03:44 PM, Old:Emission, New:Excitation
Scan Control Changed: 8/19/2022 1:03:44 PM, Old:Slow, New:Medium
Ave. time (s): Changed: 8/19/2022 1:03:44 PM, Old:0.50000, New:0.10000
Excitation Wavelength Changed: 8/19/2022 1:03:44 PM, Old: 300.00, New: 240.00
Emission Wavelength Changed: 8/19/2022 1:03:44 PM, Old: 320.00, New: 385.00
Stop Wavelength Changed: 8/19/2022 1:03:44 PM, Old: 500.00, New: 360.00
Zero Mode Changed: 8/19/2022 1:03:48 PM, Old:ON, New:Reading
Zero Mode Changed: 8/19/2022 1:03:48 PM, Old:Reading, New:ON
Emission Wavelength Changed: 8/19/2022 1:04:23 PM, Old: 385.00, New: 380.00
Zero Mode Changed: 8/19/2022 1:04:25 PM, Old:ON, New:Reading
Zero Mode Changed: 8/19/2022 1:04:25 PM, Old:Reading, New:ON
Emission Wavelength Changed: 8/19/2022 1:04:58 PM, Old: 380.00, New: 375.00
Zero Mode Changed: 8/19/2022 1:05:00 PM, Old:ON, New:Reading
Zero Mode Changed: 8/19/2022 1:05:00 PM, Old:Reading, New:ON
Zero Mode Changed: 8/19/2022 1:05:27 PM, Old:ON, New:Reading
Zero Mode Changed: 8/19/2022 1:05:27 PM, Old:Reading, New:ON
Scan mode: Changed: 8/19/2022 1:07:14 PM, Old:Excitation, New:Emission
Excitation Wavelength Changed: 8/19/2022 1:07:14 PM, Old: 240.00, New: 300.00
Emission Wavelength Changed: 8/19/2022 1:07:14 PM, Old: 375.00, New: 320.00
Stop Wavelength Changed: 8/19/2022 1:07:14 PM, Old: 360.00, New: 550.00
Zero Mode Changed: 8/19/2022 1:07:16 PM, Old:ON, New:Reading
Zero Mode Changed: 8/19/2022 1:07:16 PM, Old:Reading, New:ON
Zero Mode Changed: 8/19/2022 1:11:08 PM, Old:ON, New:Reading
Zero Mode Changed: 8/19/2022 1:11:09 PM, Old:Reading, New:ON
Zero Mode Changed: 8/19/2022 1:13:19 PM, Old:ON, New:Reading
Zero Mode Changed: 8/19/2022 1:13:19 PM, Old:Reading, New:ON
Zero Mode Changed: 8/19/2022 12:25:40 PM, Old:ON, New:Reading
Zero Mode Changed: 8/19/2022 12:25:40 PM, Old:Reading, New:ON
Scan mode: Changed: 8/19/2022 12:26:48 PM, Old:Emission, New:Excitation
Excitation Wavelength Changed: 8/19/2022 12:26:48 PM, Old: 300.00, New: 240.00
Emission Wavelength Changed: 8/19/2022 12:26:48 PM, Old: 320.00, New: 380.00
Stop Wavelength Changed: 8/19/2022 12:26:48 PM, Old: 550.00, New: 360.00
Zero Mode Changed: 8/19/2022 12:26:51 PM, Old:ON, New:Reading
Zero Mode Changed: 8/19/2022 12:26:51 PM, Old:Reading, New:ON
Scan mode: Changed: 8/19/2022 12:28:04 PM, Old:Excitation, New:Emission
Excitation Wavelength Changed: 8/19/2022 12:28:04 PM, Old: 240.00, New: 320.00
Emission Wavelength Changed: 8/19/2022 12:28:04 PM, Old: 380.00, New: 340.00
Stop Wavelength Changed: 8/19/2022 12:28:04 PM, Old: 360.00, New: 600.00
Zero Mode Changed: 8/19/2022 12:28:07 PM, Old:ON, New:Reading
Zero Mode Changed: 8/19/2022 12:28:07 PM, Old:Reading, New:ON
Emission Wavelength Changed: 8/19/2022 12:28:55 PM, Old: 340.00, New: 330.00
Zero Mode Changed: 8/19/2022 12:28:58 PM, Old:ON, New:Reading
Zero Mode Changed: 8/19/2022 12:28:58 PM, Old:Reading, New:ON
Scan mode: Changed: 8/19/2022 12:30:26 PM, Old:Emission, New:Excitation
Excitation Wavelength Changed: 8/19/2022 12:30:26 PM, Old: 320.00, New: 240.00
Emission Wavelength Changed: 8/19/2022 12:30:26 PM, Old: 330.00, New: 390.00
Stop Wavelength Changed: 8/19/2022 12:30:26 PM, Old: 600.00, New: 380.00
Zero Mode Changed: 8/19/2022 12:30:30 PM, Old:ON, New:Reading
Zero Mode Changed: 8/19/2022 12:30:30 PM, Old:Reading, New:ON
Scan mode: Changed: 8/19/2022 12:31:14 PM, Old:Excitation, New:Emission
Excitation Wavelength Changed: 8/19/2022 12:31:14 PM, Old: 240.00, New: 325.00
Emission Wavelength Changed: 8/19/2022 12:31:14 PM, Old: 390.00, New: 335.00
Stop Wavelength Changed: 8/19/2022 12:31:14 PM, Old: 380.00, New: 600.00
Zero Mode Changed: 8/19/2022 12:31:16 PM, Old:ON, New:Reading
Zero Mode Changed: 8/19/2022 12:31:16 PM, Old:Reading, New:ON
Zero Mode Changed: 8/19/2022 12:41:06 PM, Old:ON, New:Reading
Zero Mode Changed: 8/19/2022 12:41:06 PM, Old:Reading, New:ON
Scan mode: Changed: 8/19/2022 12:42:22 PM, Old:Emission, New:Excitation
Excitation Wavelength Changed: 8/19/2022 12:42:23 PM, Old: 325.00, New: 240.00
Emission Wavelength Changed: 8/19/2022 12:42:23 PM, Old: 335.00, New: 390.00
Stop Wavelength Changed: 8/19/2022 12:42:23 PM, Old: 600.00, New: 380.00
Zero Mode Changed: 8/19/2022 12:42:26 PM, Old:ON, New:Reading
Zero Mode Changed: 8/19/2022 12:42:26 PM, Old:Reading, New:ON
Scan mode: Changed: 8/19/2022 12:43:28 PM, Old:Excitation, New:Emission
Excitation Wavelength Changed: 8/19/2022 12:43:28 PM, Old: 240.00, New: 310.00
Emission Wavelength Changed: 8/19/2022 12:43:28 PM, Old: 390.00, New: 320.00
Stop Wavelength Changed: 8/19/2022 12:43:28 PM, Old: 380.00, New: 600.00
Zero Mode Changed: 8/19/2022 12:43:31 PM, Old:ON, New:Reading
Zero Mode Changed: 8/19/2022 12:43:31 PM, Old:Reading, New:ON
Scan mode: Changed: 8/19/2022 12:45:02 PM, Old:Emission, New:Excitation
Excitation Wavelength Changed: 8/19/2022 12:45:02 PM, Old: 310.00, New: 240.00
Emission Wavelength Changed: 8/19/2022 12:45:02 PM, Old: 320.00, New: 380.00
Stop Wavelength Changed: 8/19/2022 12:45:02 PM, Old: 600.00, New: 370.00
Zero Mode Changed: 8/19/2022 12:45:05 PM, Old:ON, New:Reading
Zero Mode Changed: 8/19/2022 12:45:06 PM, Old:Reading, New:ON
Zero Mode Changed: 8/19/2022 12:53:16 PM, Old:ON, New:Reading
Zero Mode Changed: 8/19/2022 12:53:16 PM, Old:Reading, New:ON
Scan mode: Changed: 8/19/2022 12:54:07 PM, Old:Excitation, New:Emission
Excitation Wavelength Changed: 8/19/2022 12:54:07 PM, Old: 240.00, New: 310.00
Emission Wavelength Changed: 8/19/2022 12:54:07 PM, Old: 380.00, New: 320.00
Stop Wavelength Changed: 8/19/2022 12:54:07 PM, Old: 370.00, New: 600.00
Zero Mode Changed: 8/19/2022 12:54:09 PM, Old:ON, New:Reading
Zero Mode Changed: 8/19/2022 12:54:09 PM, Old:Reading, New:ON
Scan mode: Changed: 8/19/2022 12:55:32 PM, Old:Emission, New:Excitation
Excitation Wavelength Changed: 8/19/2022 12:55:32 PM, Old: 310.00, New: 240.00
Emission Wavelength Changed: 8/19/2022 12:55:32 PM, Old: 320.00, New: 365.00
Stop Wavelength Changed: 8/19/2022 12:55:32 PM, Old: 600.00, New: 350.00
Zero Mode Changed: 8/19/2022 12:55:35 PM, Old:ON, New:Reading
Zero Mode Changed: 8/19/2022 12:55:35 PM, Old:Reading, New:ON
Scan mode: Changed: 8/19/2022 12:56:20 PM, Old:Excitation, New:Emission
Excitation Wavelength Changed: 8/19/2022 12:56:20 PM, Old: 240.00, New: 260.00
Emission Wavelength Changed: 8/19/2022 12:56:20 PM, Old: 365.00, New: 280.00
Stop Wavelength Changed: 8/19/2022 12:56:20 PM, Old: 350.00, New: 500.00
Zero Mode Changed: 8/19/2022 12:56:23 PM, Old:ON, New:Reading
Zero Mode Changed: 8/19/2022 12:56:23 PM, Old:Reading, New:ON
Emission Wavelength Changed: 8/19/2022 12:57:03 PM, Old: 280.00, New: 300.00
Zero Mode Changed: 8/19/2022 12:57:05 PM, Old:ON, New:Reading
Zero Mode Changed: 8/19/2022 12:57:06 PM, Old:Reading, New:ON
Emission Wavelength Changed: 8/19/2022 12:57:58 PM, Old: 300.00, New: 265.00
Zero Mode Changed: 8/19/2022 12:58:00 PM, Old:ON, New:Reading
Zero Mode Changed: 8/19/2022 12:58:00 PM, Old:Reading, New:ON
Scan mode: Changed: 8/19/2022 12:58:57 PM, Old:Emission, New:Excitation
Excitation Wavelength Changed: 8/19/2022 12:58:57 PM, Old: 260.00, New: 220.00
Emission Wavelength Changed: 8/19/2022 12:58:57 PM, Old: 265.00, New: 285.00
Stop Wavelength Changed: 8/19/2022 12:58:57 PM, Old: 500.00, New: 280.00
Zero Mode Changed: 8/19/2022 12:58:58 PM, Old:ON, New:Reading
Zero Mode Changed: 8/19/2022 12:58:58 PM, Old:Reading, New:ON
End Method Modifications

