X: (V),Y: (Hits)
-0.00126499,0
-0.00125081,0
-0.00123664,0
-0.00122246,0
-0.00120828,0
-0.00119411,0
-0.00117993,0
-0.00116575,0
-0.00115158,0
-0.0011374,0
-0.00112322,0
-0.00110905,0
-0.00109487,0
-0.00108069,0
-0.00106651,0
-0.00105234,0
-0.00103816,0
-0.00102398,0
-0.00100981,0
-0.00099563,0
-0.000981453,0
-0.000967276,0
-0.000953099,0
-0.000938923,0
-0.000924746,0
-0.000910569,0
-0.000896392,0
-0.000882215,0
-0.000868038,0
-0.000853861,0
-0.000839684,0
-0.000825508,0
-0.000811331,0
-0.000797154,0
-0.000782977,0
-0.0007688,0
-0.000754623,0
-0.000740446,0
-0.000726269,0
-0.000712093,0
-0.000697916,0
-0.000683739,0
-0.000669562,0
-0.000655385,0
-0.000641208,0
-0.000627031,0
-0.000612854,0
-0.000598678,0
-0.000584501,0
-0.000570324,0
-0.000556147,0
-0.00054197,0
-0.000527793,0
-0.000513616,0
-0.000499439,0
-0.000485263,0
-0.000471086,0
-0.000456909,0
-0.000442732,0
-0.000428555,0
-0.000414378,0
-0.000400201,0
-0.000386024,0
-0.000371848,0
-0.000357671,0
-0.000343494,0
-0.000329317,0
-0.00031514,0
-0.000300963,0
-0.000286786,0
-0.000272609,0
-0.000258433,0
-0.000244256,0
-0.000230079,0
-0.000215902,0
-0.000201725,0
-0.000187548,0
-0.000173371,0
-0.000159194,0
-0.000145018,0
-0.000130841,0
-0.000116664,0
-0.000102487,0
-8.83101e-05,0
-7.41332e-05,0
-5.99564e-05,0
-4.57795e-05,0
-3.16026e-05,0
-1.74257e-05,0
-3.24887e-06,6493
1.0928e-05,21440
2.51049e-05,44925
3.92818e-05,55250
5.34586e-05,51511
6.76355e-05,38197
8.18124e-05,23282
9.59893e-05,12560
0.000110166,6362
0.000124343,3660
0.00013852,2771
0.000152697,3534
0.000166874,5795
0.000181051,10999
0.000195227,21238
0.000209404,37519
0.000223581,56205
0.000237758,75784
0.000251935,86129
0.000266112,84697
0.000280289,70687
0.000294466,51757
0.000308642,33607
0.000322819,19439
0.000336996,10929
0.000351173,6676
0.00036535,4587
0.000379527,3491
0.000393704,3070
0.000407881,3052
0.000422057,3178
0.000436234,3626
0.000450411,3984
0.000464588,4698
0.000478765,5319
0.000492942,5384
0.000507119,5301
0.000521296,4666
0.000535472,4118
0.000549649,3163
0.000563826,2409
0.000578003,1889
0.00059218,1564
0.000606357,1257
0.000620534,1017
0.000634711,887
0.000648887,841
0.000663064,732
0.000677241,734
0.000691418,710
0.000705595,737
0.000719772,613
0.000733949,588
0.000748126,593
0.000762302,515
0.000776479,465
0.000790656,402
0.000804833,379
0.00081901,303
0.000833187,240
0.000847364,211
0.000861541,177
0.000875717,160
0.000889894,135
0.000904071,147
0.000918248,148
0.000932425,142
0.000946602,157
0.000960779,137
0.000974956,139
0.000989132,177
0.00100331,128
0.00101749,123
0.00103166,133
0.00104584,95
0.00106002,98
0.00107419,67
0.00108837,50
0.00110255,52
0.00111672,56
0.0011309,59
0.00114508,64
0.00115925,62
0.00117343,81
0.00118761,62
0.00120179,64
0.00121596,80
0.00123014,74
0.00124432,68
0.00125849,49
0.00127267,50
0.00128685,51
0.00130102,46
0.0013152,29
0.00132938,27
0.00134355,39
0.00135773,32
0.00137191,30
0.00138608,20
0.00140026,32
0.00141444,26
0.00142862,28
0.00144279,29
0.00145697,23
0.00147115,27
0.00148532,24
0.0014995,25
0.00151368,20
0.00152785,29
0.00154203,13
0.00155621,29
0.00157038,28
0.00158456,21
0.00159874,28
0.00161291,24
0.00162709,16
0.00164127,19
0.00165545,25
0.00166962,12
0.0016838,8
0.00169798,10
0.00171215,15
0.00172633,9
0.00174051,10
0.00175468,14
0.00176886,12
0.00178304,21
0.00179721,16
0.00181139,10
0.00182557,12
0.00183974,15
0.00185392,14
0.0018681,6
0.00188228,11
0.00189645,10
0.00191063,12
0.00192481,12
0.00193898,6
0.00195316,6
0.00196734,7
0.00198151,10
0.00199569,6
0.00200987,10
0.00202404,6
0.00203822,6
0.0020524,8
0.00206657,8
0.00208075,13
0.00209493,10
0.00210911,5
0.00212328,8
0.00213746,7
0.00215164,5
0.00216581,13
0.00217999,8
0.00219417,4
0.00220834,5
0.00222252,7
0.0022367,3
0.00225087,8
0.00226505,6
0.00227923,3
0.0022934,2
0.00230758,2
0.00232176,4
0.00233594,3
0.00235011,3
0.00236429,13
0.00237847,2
0.00239264,6
0.00240682,7
0.002421,4
0.00243517,4
0.00244935,5
0.00246353,6
0.0024777,2
0.00249188,6
0.00250606,7
0.00252023,7
0.00253441,5
0.00254859,8
0.00256277,9
0.00257694,11
0.00259112,5
0.0026053,9
0.00261947,6
0.00263365,10
0.00264783,15
0.002662,14
0.00267618,15
0.00269036,13
0.00270453,14
0.00271871,18
0.00273289,29
0.00274706,32
0.00276124,40
0.00277542,26
0.0027896,39
0.00280377,37
0.00281795,53
0.00283213,55
0.0028463,49
0.00286048,59
0.00287466,58
0.00288883,88
0.00290301,94
0.00291719,99
0.00293136,94
0.00294554,119
0.00295972,134
0.00297389,141
0.00298807,173
0.00300225,189
0.00301643,241
0.0030306,250
0.00304478,262
0.00305896,317
0.00307313,396
0.00308731,421
0.00310149,449
0.00311566,560
0.00312984,572
0.00314402,608
0.00315819,679
0.00317237,649
0.00318655,719
0.00320072,769
0.0032149,730
0.00322908,776
0.00324326,878
0.00325743,799
0.00327161,822
0.00328579,850
0.00329996,940
0.00331414,943
0.00332832,959
0.00334249,972
0.00335667,999
0.00337085,943
0.00338502,936
0.0033992,943
0.00341338,881
0.00342755,845
0.00344173,841
0.00345591,780
0.00347009,760
0.00348426,774
0.00349844,760
0.00351262,644
0.00352679,677
0.00354097,693
0.00355515,649
0.00356932,591
0.0035835,635
0.00359768,682
0.00361185,638
0.00362603,625
0.00364021,644
0.00365438,608
0.00366856,678
0.00368274,646
0.00369692,687
0.00371109,722
0.00372527,739
0.00373945,764
0.00375362,775
0.0037678,825
0.00378198,877
0.00379615,799
0.00381033,793
0.00382451,873
0.00383868,875
0.00385286,862
0.00386704,996
0.00388121,965
0.00389539,909
0.00390957,958
0.00392375,862
0.00393792,952
0.0039521,931
0.00396628,914
0.00398045,1001
0.00399463,893
0.00400881,830
0.00402298,770
0.00403716,787
0.00405134,779
0.00406551,712
0.00407969,751
0.00409387,678
0.00410804,667
0.00412222,628
0.0041364,605
0.00415058,606
0.00416475,603
0.00417893,602
0.00419311,551
0.00420728,557
0.00422146,528
0.00423564,529
0.00424981,505
0.00426399,500
0.00427817,533
0.00429234,452
0.00430652,504
0.0043207,507
0.00433487,518
0.00434905,540
0.00436323,558
0.00437741,580
0.00439158,564
0.00440576,523
0.00441994,545
0.00443411,563
0.00444829,575
0.00446247,603
0.00447664,556
0.00449082,570
0.004505,544
0.00451917,617
0.00453335,653
0.00454753,616
0.0045617,634
0.00457588,627
0.00459006,625
0.00460424,573
0.00461841,558
0.00463259,539
0.00464677,491
0.00466094,540
0.00467512,535
0.0046893,486
0.00470347,442
0.00471765,448
0.00473183,435
0.004746,465
0.00476018,455
0.00477436,382
0.00478853,379
0.00480271,400
0.00481689,420
0.00483107,398
0.00484524,350
0.00485942,366
0.0048736,371
0.00488777,358
0.00490195,421
0.00491613,365
0.0049303,430
0.00494448,473
0.00495866,422
0.00497283,410
0.00498701,430
0.00500119,403
0.00501536,430
0.00502954,402
0.00504372,409
0.0050579,363
0.00507207,388
0.00508625,380
0.00510043,387
0.0051146,367
0.00512878,373
0.00514296,425
0.00515713,381
0.00517131,367
0.00518549,355
0.00519966,340
0.00521384,330
0.00522802,326
0.00524219,348
0.00525637,290
0.00527055,273
0.00528473,302
0.0052989,283
0.00531308,278
0.00532726,270
0.00534143,307
0.00535561,276
0.00536979,246
0.00538396,237
0.00539814,265
0.00541232,240
0.00542649,240
0.00544067,246
0.00545485,211
0.00546902,220
0.0054832,250
0.00549738,232
0.00551156,234
0.00552573,274
0.00553991,275
0.00555409,266
0.00556826,267
0.00558244,245
0.00559662,279
0.00561079,237
0.00562497,259
0.00563915,287
0.00565332,271
0.0056675,249
0.00568168,263
0.00569585,251
0.00571003,250
0.00572421,260
0.00573839,235
0.00575256,251
0.00576674,246
0.00578092,251
0.00579509,211
0.00580927,231
0.00582345,253
0.00583762,215
0.0058518,204
0.00586598,219
0.00588015,223
0.00589433,207
0.00590851,206
0.00592268,190
0.00593686,180
0.00595104,210
0.00596522,191
0.00597939,192
0.00599357,185
0.00600775,190
0.00602192,221
0.0060361,204
0.00605028,168
0.00606445,208
0.00607863,167
0.00609281,185
0.00610698,186
0.00612116,192
0.00613534,191
0.00614951,197
0.00616369,186
0.00617787,188
0.00619205,163
0.00620622,206
0.0062204,169
0.00623458,158
0.00624875,187
0.00626293,180
0.00627711,172
0.00629128,170
0.00630546,162
0.00631964,139
0.00633381,157
0.00634799,150
0.00636217,146
0.00637634,147
0.00639052,150
0.0064047,129
0.00641888,136
0.00643305,119
0.00644723,133
0.00646141,108
0.00647558,95
0.00648976,117
0.00650394,116
0.00651811,122
0.00653229,113
0.00654647,99
0.00656064,93
0.00657482,102
0.006589,97
0.00660317,96
0.00661735,105
0.00663153,97
0.00664571,99
0.00665988,92
0.00667406,100
0.00668824,104
0.00670241,87
0.00671659,105
0.00673077,112
0.00674494,117
0.00675912,105
0.0067733,147
0.00678747,121
0.00680165,95
0.00681583,115
0.00683,113
0.00684418,105
0.00685836,125
0.00687254,100
0.00688671,116
0.00690089,105
0.00691507,110
0.00692924,124
0.00694342,104
0.0069576,110
0.00697177,106
0.00698595,129
0.00700013,103
0.0070143,110
0.00702848,108
0.00704266,89
0.00705683,102
0.00707101,115
0.00708519,93
0.00709937,87
0.00711354,86
0.00712772,95
0.0071419,88
0.00715607,82
0.00717025,89
0.00718443,99
0.0071986,88
0.00721278,92
0.00722696,74
0.00724113,75
0.00725531,80
0.00726949,80
0.00728366,73
0.00729784,92
0.00731202,86
0.0073262,104
0.00734037,75
0.00735455,89
0.00736873,99
0.0073829,70
0.00739708,91
0.00741126,92
0.00742543,89
0.00743961,82
0.00745379,84
0.00746796,80
0.00748214,60
0.00749632,85
0.00751049,71
0.00752467,82
0.00753885,75
0.00755303,83
0.0075672,91
0.00758138,76
0.00759556,78
0.00760973,67
0.00762391,88
0.00763809,74
0.00765226,77
0.00766644,71
0.00768062,73
0.00769479,72
0.00770897,63
0.00772315,61
0.00773732,63
0.0077515,65
0.00776568,71
0.00777986,70
0.00779403,58
0.00780821,73
0.00782239,57
0.00783656,67
0.00785074,54
0.00786492,45
0.00787909,54
0.00789327,60
0.00790745,44
0.00792162,53
0.0079358,60
0.00794998,72
0.00796415,51
0.00797833,73
0.00799251,60
0.00800669,55
0.00802086,58
0.00803504,57
0.00804922,61
0.00806339,47
0.00807757,61
0.00809175,56
0.00810592,51
0.0081201,43
0.00813428,44
0.00814845,44
0.00816263,43
0.00817681,49
0.00819098,43
0.00820516,31
0.00821934,45
0.00823352,37
0.00824769,39
0.00826187,36
0.00827605,35
0.00829022,41
0.0083044,33
0.00831858,37
0.00833275,28
0.00834693,46
0.00836111,46
0.00837528,40
0.00838946,30
0.00840364,45
0.00841781,37
0.00843199,35
0.00844617,28
0.00846035,38
0.00847452,36
0.0084887,28
0.00850288,46
0.00851705,44
0.00853123,49
0.00854541,34
0.00855958,41
0.00857376,36
0.00858794,38
0.00860211,27
0.00861629,25
0.00863047,54
0.00864464,41
0.00865882,30
0.008673,35
0.00868718,34
0.00870135,26
0.00871553,46
0.00872971,28
0.00874388,45
0.00875806,34
0.00877224,35
0.00878641,33
0.00880059,34
0.00881477,28
0.00882894,33
0.00884312,29
0.0088573,29
0.00887147,36
0.00888565,27
0.00889983,24
0.00891401,27
0.00892818,25
0.00894236,23
0.00895654,43
0.00897071,33
0.00898489,33
0.00899907,43
0.00901324,23
0.00902742,34
0.0090416,26
0.00905577,26
0.00906995,23
0.00908413,27
0.0090983,33
0.00911248,23
0.00912666,25
0.00914084,23
0.00915501,20
0.00916919,26
0.00918337,20
0.00919754,24
0.00921172,37
0.0092259,34
0.00924007,31
0.00925425,21
0.00926843,28
0.0092826,23
0.00929678,25
0.00931096,39
0.00932513,25
0.00933931,27
0.00935349,33
0.00936767,22
0.00938184,32
0.00939602,16
0.0094102,31
0.00942437,22
0.00943855,26
0.00945273,27
0.0094669,18
0.00948108,18
0.00949526,22
0.00950943,22
0.00952361,23
0.00953779,19
0.00955196,28
0.00956614,14
0.00958032,14
0.0095945,25
0.00960867,19
0.00962285,28
0.00963703,20
0.0096512,20
0.00966538,20
0.00967956,23
0.00969373,22
0.00970791,28
0.00972209,18
0.00973626,24
0.00975044,24
0.00976462,19
0.00977879,22
0.00979297,21
0.00980715,21
0.00982133,33
0.0098355,24
0.00984968,11
0.00986386,14
0.00987803,12
0.00989221,16
0.00990639,20
0.00992056,13
0.00993474,19
0.00994892,13
0.00996309,16
0.00997727,21
0.00999145,17
0.0100056,13
0.0100198,18
0.010034,14
0.0100482,17
0.0100623,20
0.0100765,24
0.0100907,22
0.0101049,15
0.010119,17
0.0101332,12
0.0101474,11
0.0101616,14
0.0101757,17
0.0101899,12
0.0102041,17
0.0102183,19
0.0102325,16
0.0102466,12
0.0102608,10
0.010275,21
0.0102892,8
0.0103033,15
0.0103175,16
0.0103317,11
0.0103459,14
0.01036,13
0.0103742,10
0.0103884,16
0.0104026,14
0.0104168,15
0.0104309,18
0.0104451,15
0.0104593,11
0.0104735,14
0.0104876,13
0.0105018,12
0.010516,14
0.0105302,15
0.0105443,14
0.0105585,8
0.0105727,20
0.0105869,12
0.0106011,17
0.0106152,14
0.0106294,14
0.0106436,9
0.0106578,12
0.0106719,13
0.0106861,14
0.0107003,15
0.0107145,10
0.0107286,15
0.0107428,22
0.010757,13
0.0107712,14
0.0107854,13
0.0107995,7
0.0108137,13
0.0108279,18
0.0108421,10
0.0108562,16
0.0108704,9
0.0108846,11
0.0108988,18
0.0109129,6
0.0109271,12
0.0109413,8
0.0109555,5
0.0109697,11
0.0109838,12
0.010998,8
0.0110122,9
0.0110264,6
0.0110405,11
0.0110547,8
0.0110689,8
0.0110831,7
0.0110972,12
0.0111114,8
0.0111256,15
0.0111398,9
0.011154,9
0.0111681,8
0.0111823,15
0.0111965,12
0.0112107,6
0.0112248,7
0.011239,7
0.0112532,7
0.0112674,11
0.0112815,10
0.0112957,6
0.0113099,4
0.0113241,4
0.0113383,10
0.0113524,6
0.0113666,7
0.0113808,4
0.011395,9
0.0114091,15
0.0114233,6
0.0114375,12
0.0114517,7
0.0114658,7
0.01148,9
0.0114942,7
0.0115084,11
0.0115226,10
0.0115367,7
0.0115509,6
0.0115651,6
0.0115793,5
0.0115934,6
0.0116076,2
0.0116218,5
0.011636,6
0.0116501,5
0.0116643,8
0.0116785,1
0.0116927,7
0.0117068,12
0.011721,5
0.0117352,7
0.0117494,4
0.0117636,6
0.0117777,4
0.0117919,4
0.0118061,4
0.0118203,7
0.0118344,5
0.0118486,4
0.0118628,4
0.011877,9
0.0118911,5
0.0119053,4
0.0119195,4
0.0119337,4
0.0119479,5
0.011962,2
0.0119762,7
0.0119904,2
0.0120046,1
0.0120187,4
0.0120329,4
0.0120471,9
0.0120613,6
0.0120754,3
0.0120896,5
0.0121038,3
0.012118,8
0.0121322,3
0.0121463,3
0.0121605,4
0.0121747,2
0.0121889,5
0.012203,4
0.0122172,7
0.0122314,1
0.0122456,3
0.0122597,6
0.0122739,1
0.0122881,2
0.0123023,6
0.0123165,3
0.0123306,8
0.0123448,7
0.012359,6
0.0123732,2
0.0123873,5
0.0124015,5
0.0124157,8
0.0124299,7
0.012444,2
0.0124582,2
0.0124724,4
0.0124866,5
0.0125008,5
0.0125149,8
0.0125291,7
0.0125433,2
0.0125575,4
0.0125716,9
0.0125858,6
0.0126,4
0.0126142,5
0.0126283,2
0.0126425,4
0.0126567,3
0.0126709,6
0.0126851,2
0.0126992,5
0.0127134,3
0.0127276,8
0.0127418,3
0.0127559,2
0.0127701,5
0.0127843,1
0.0127985,5
0.0128126,8
0.0128268,3
0.012841,1
0.0128552,1
0.0128694,6
0.0128835,3
0.0128977,3
0.0129119,1
0.0129261,4
0.0129402,4
0.0129544,2
0.0129686,2
0.0129828,3
0.0129969,6
0.0130111,3
0.0130253,3
0.0130395,3
0.0130537,2
0.0130678,3
0.013082,7
0.0130962,3
0.0131104,3
0.0131245,4
0.0131387,2
0.0131529,2
0.0131671,2
0.0131812,1
0.0131954,6
0.0132096,0
0.0132238,1
0.013238,3
0.0132521,4
0.0132663,4
0.0132805,4
0.0132947,3
0.0133088,2
0.013323,2
0.0133372,0
0.0133514,3
0.0133655,0
0.0133797,1
0.0133939,6
0.0134081,3
0.0134223,2
0.0134364,2
0.0134506,5
0.0134648,3
0.013479,2
0.0134931,2
0.0135073,3
0.0135215,1
0.0135357,3
0.0135498,3
0.013564,0
0.0135782,0
0.0135924,0
0.0136066,2
0.0136207,2
0.0136349,3
0.0136491,2
0.0136633,2
0.0136774,3
0.0136916,2
0.0137058,6
0.01372,2
0.0137341,1
0.0137483,1
0.0137625,2
0.0137767,2
0.0137909,0
0.013805,2
0.0138192,2
0.0138334,1
0.0138476,1
0.0138617,2
0.0138759,4
0.0138901,2
0.0139043,4
0.0139184,3
0.0139326,1
0.0139468,3
0.013961,4
0.0139751,2
0.0139893,4
0.0140035,3
0.0140177,0
0.0140319,1
0.014046,1
0.0140602,2
0.0140744,0
0.0140886,0
0.0141027,3
0.0141169,1
0.0141311,1
0.0141453,2
0.0141594,2
0.0141736,0
0.0141878,0
0.014202,0
0.0142162,6
0.0142303,5
0.0142445,2
0.0142587,4
0.0142729,1
0.014287,4
0.0143012,0
0.0143154,1
0.0143296,1
0.0143437,1
0.0143579,1
0.0143721,0
0.0143863,0
0.0144005,1
0.0144146,2
0.0144288,1
0.014443,1
0.0144572,1
0.0144713,1
0.0144855,3
0.0144997,3
0.0145139,2
0.014528,4
0.0145422,1
0.0145564,1
0.0145706,0
0.0145848,4
0.0145989,0
0.0146131,2
0.0146273,4
0.0146415,1
0.0146556,1
0.0146698,2
0.014684,1
0.0146982,0
0.0147123,1
0.0147265,1
0.0147407,0
0.0147549,1
0.0147691,1
0.0147832,0
0.0147974,2
0.0148116,0
0.0148258,2
0.0148399,0
0.0148541,2
0.0148683,1
0.0148825,0
0.0148966,1
0.0149108,0
0.014925,1
0.0149392,1
0.0149534,0
0.0149675,1
0.0149817,3
0.0149959,1
0.0150101,1
0.0150242,1
0.0150384,0
0.0150526,0
0.0150668,2
0.0150809,1
0.0150951,0
0.0151093,2
0.0151235,0
0.0151377,0
0.0151518,0
0.015166,1
0.0151802,0
0.0151944,2
0.0152085,0
0.0152227,1
0.0152369,1
0.0152511,0
0.0152652,0
0.0152794,0
0.0152936,3
0.0153078,1
0.015322,0
0.0153361,1
0.0153503,2
0.0153645,0
0.0153787,1
0.0153928,1
0.015407,1
0.0154212,0
0.0154354,1
0.0154495,1
0.0154637,2
0.0154779,0
0.0154921,0
0.0155063,1
0.0155204,0
0.0155346,0
0.0155488,1
0.015563,0
0.0155771,0
0.0155913,2
0.0156055,0
0.0156197,1
0.0156338,2
0.015648,0
0.0156622,1
0.0156764,0
0.0156906,1
0.0157047,1
0.0157189,1
0.0157331,4
0.0157473,1
0.0157614,1
0.0157756,0
0.0157898,1
0.015804,4
0.0158181,4
0.0158323,1
0.0158465,0
0.0158607,2
0.0158749,0
0.015889,3
0.0159032,1
0.0159174,0
0.0159316,0
0.0159457,1
0.0159599,0
0.0159741,0
0.0159883,0
0.0160024,1
0.0160166,1
0.0160308,1
0.016045,0
0.0160592,0
0.0160733,0
0.0160875,0
0.0161017,0
0.0161159,1
0.01613,0
0.0161442,0
0.0161584,0
0.0161726,0
0.0161867,2
0.0162009,0
0.0162151,1
0.0162293,2
0.0162434,3
0.0162576,0
0.0162718,0
0.016286,1
0.0163002,3
0.0163143,0
0.0163285,0
0.0163427,1
0.0163569,0
0.016371,0
0.0163852,0
0.0163994,2
0.0164136,1
0.0164277,0
0.0164419,1
0.0164561,2
0.0164703,1
0.0164845,0
0.0164986,0
0.0165128,1
0.016527,0
0.0165412,0
0.0165553,1
0.0165695,0
0.0165837,0
0.0165979,1
0.016612,0
0.0166262,0
0.0166404,1
0.0166546,1
0.0166688,1
0.0166829,2
0.0166971,0
0.0167113,0
0.0167255,0
0.0167396,0
0.0167538,1
0.016768,1
0.0167822,0
0.0167963,0
0.0168105,0
0.0168247,0
0.0168389,0
0.0168531,1
0.0168672,0
0.0168814,0
0.0168956,0
0.0169098,1
0.0169239,0
0.0169381,0
0.0169523,0
0.0169665,0
0.0169806,0
0.0169948,0
0.017009,1
0.0170232,0
0.0170374,0
0.0170515,0
0.0170657,0
0.0170799,0
0.0170941,0
0.0171082,0
0.0171224,1
0.0171366,0
0.0171508,0
0.0171649,0
0.0171791,0
0.0171933,0
0.0172075,0
0.0172217,0
0.0172358,0
0.01725,1
0.0172642,1
0.0172784,0
0.0172925,0
0.0173067,0
0.0173209,0
0.0173351,1
0.0173492,0
0.0173634,1
0.0173776,1
0.0173918,0
0.017406,1
0.0174201,2
0.0174343,0
0.0174485,0
0.0174627,0
0.0174768,0
0.017491,1
0.0175052,1
0.0175194,0
0.0175335,0
0.0175477,0
0.0175619,0
0.0175761,0
0.0175903,0
0.0176044,0
0.0176186,0
0.0176328,1
0.017647,0
0.0176611,1
0.0176753,0
0.0176895,0
0.0177037,0
0.0177178,0
0.017732,0
0.0177462,0
0.0177604,1
0.0177746,1
0.0177887,0
0.0178029,0
0.0178171,1
0.0178313,0
0.0178454,1
0.0178596,1
0.0178738,0
0.017888,0
0.0179021,0
0.0179163,0
0.0179305,0
0.0179447,1
0.0179589,0
0.017973,1
0.0179872,1
0.0180014,0
0.0180156,0
0.0180297,0
0.0180439,0
0.0180581,0
0.0180723,1
0.0180864,0
0.0181006,0
0.0181148,0
0.018129,0
0.0181432,0
0.0181573,1
0.0181715,0
0.0181857,1
0.0181999,0
0.018214,2
0.0182282,0
0.0182424,1
0.0182566,0
0.0182707,0
0.0182849,0
0.0182991,0
0.0183133,0
0.0183275,0
0.0183416,0
0.0183558,0
0.01837,0
0.0183842,0
0.0183983,0
0.0184125,1
0.0184267,0
0.0184409,1
0.018455,1
0.0184692,0
0.0184834,0
0.0184976,0
0.0185117,0
0.0185259,0
0.0185401,2
0.0185543,0
0.0185685,1
0.0185826,0
0.0185968,0
0.018611,0
0.0186252,0
0.0186393,0
0.0186535,0
0.0186677,0
0.0186819,0
0.018696,1
0.0187102,0
0.0187244,0
0.0187386,0
0.0187528,0
0.0187669,1
0.0187811,2
0.0187953,0
0.0188095,1
0.0188236,1
0.0188378,0
0.018852,0
0.0188662,0
0.0188803,0
0.0188945,0
0.0189087,0
0.0189229,0
0.0189371,0
0.0189512,0
0.0189654,0
0.0189796,0
0.0189938,0
0.0190079,0
0.0190221,0
0.0190363,0
0.0190505,0
0.0190646,0
0.0190788,0
0.019093,1
0.0191072,0
0.0191214,0
0.0191355,0
0.0191497,0
0.0191639,0
0.0191781,0
0.0191922,0
0.0192064,0
0.0192206,0
0.0192348,1
0.0192489,0
0.0192631,0
0.0192773,0
0.0192915,1
0.0193057,0
0.0193198,1
0.019334,0
0.0193482,0
0.0193624,0
0.0193765,0
0.0193907,0
0.0194049,0
0.0194191,0
0.0194332,0
0.0194474,0
0.0194616,0
0.0194758,1
0.01949,1
0.0195041,1
0.0195183,0
0.0195325,0
0.0195467,0
0.0195608,0
0.019575,0
0.0195892,0
0.0196034,0
0.0196175,0
0.0196317,0
0.0196459,0
0.0196601,0
0.0196743,0
0.0196884,0
0.0197026,0
0.0197168,0
0.019731,0
0.0197451,0
0.0197593,0
0.0197735,0
0.0197877,0
0.0198018,0
0.019816,0
0.0198302,0
0.0198444,0
0.0198586,0
0.0198727,0
0.0198869,0
0.0199011,0
0.0199153,0
0.0199294,0
0.0199436,0
0.0199578,0
0.019972,1
0.0199861,0
0.0200003,0
0.0200145,0
0.0200287,0
0.0200429,0
0.020057,0
0.0200712,0
0.0200854,0
0.0200996,1
0.0201137,0
0.0201279,0
0.0201421,0
0.0201563,0
0.0201704,0
0.0201846,0
0.0201988,0
0.020213,0
0.0202272,0
0.0202413,0
0.0202555,0
0.0202697,0
0.0202839,0
0.020298,0
0.0203122,0
0.0203264,0
0.0203406,0
0.0203547,0
0.0203689,0
0.0203831,1
0.0203973,0
0.0204115,0
0.0204256,0
0.0204398,1
0.020454,0
0.0204682,0
0.0204823,0
0.0204965,0
0.0205107,0
0.0205249,0
0.020539,0
0.0205532,0
0.0205674,0
0.0205816,0
0.0205958,0
0.0206099,0
0.0206241,0
0.0206383,0
0.0206525,0
0.0206666,0
0.0206808,0
0.020695,0
0.0207092,0
0.0207233,0
0.0207375,0
0.0207517,0
0.0207659,0
0.02078,0
0.0207942,0
0.0208084,0
0.0208226,0
0.0208368,0
0.0208509,0
0.0208651,0
0.0208793,0
0.0208935,0
0.0209076,0
0.0209218,1
0.020936,1
0.0209502,0
0.0209643,0
0.0209785,0
0.0209927,0
0.0210069,0
0.0210211,0
0.0210352,0
0.0210494,0
0.0210636,0
0.0210778,0
0.0210919,0
0.0211061,0
0.0211203,0
0.0211345,0
0.0211486,0
0.0211628,0
0.021177,0
0.0211912,0
0.0212054,0
0.0212195,0
0.0212337,0
0.0212479,0
0.0212621,0
0.0212762,0
0.0212904,0
0.0213046,0
0.0213188,0
0.0213329,1
0.0213471,0
0.0213613,0
0.0213755,0
0.0213897,0
0.0214038,0
0.021418,0
0.0214322,1
0.0214464,0
0.0214605,0
0.0214747,0
0.0214889,0
0.0215031,0
0.0215172,0
0.0215314,0
0.0215456,0
0.0215598,0
0.021574,0
0.0215881,0
0.0216023,0
0.0216165,0
0.0216307,0
0.0216448,0
0.021659,0
0.0216732,0
0.0216874,0
0.0217015,0
0.0217157,0
0.0217299,0
0.0217441,0
0.0217583,0
0.0217724,0
0.0217866,0
0.0218008,0
0.021815,0
0.0218291,0
0.0218433,0
0.0218575,0
0.0218717,0
0.0218858,0
0.0219,0
0.0219142,0
0.0219284,0
0.0219426,0
0.0219567,0
0.0219709,0
0.0219851,0
0.0219993,0
0.0220134,0
0.0220276,0
0.0220418,0
0.022056,0
0.0220701,0
0.0220843,0
0.0220985,0
0.0221127,0
0.0221269,0
0.022141,0
0.0221552,0
0.0221694,0
0.0221836,0
0.0221977,0
0.0222119,0
0.0222261,0
0.0222403,0
0.0222544,0
0.0222686,0
0.0222828,0
0.022297,0
0.0223112,0
0.0223253,0
0.0223395,0
0.0223537,0
0.0223679,0
0.022382,0
0.0223962,0
0.0224104,0
0.0224246,0
0.0224387,0
0.0224529,0
0.0224671,0
0.0224813,0
0.0224955,0
0.0225096,0
0.0225238,0
0.022538,0
0.0225522,0
0.0225663,0
0.0225805,0
0.0225947,0
0.0226089,0
0.022623,0
0.0226372,0
0.0226514,0
0.0226656,0
0.0226798,0
0.0226939,0
0.0227081,0
0.0227223,0
0.0227365,0
0.0227506,0
0.0227648,0
0.022779,0
0.0227932,0
0.0228073,0
0.0228215,0
0.0228357,0
0.0228499,0
0.0228641,0
0.0228782,0
0.0228924,0
0.0229066,0
0.0229208,0
0.0229349,0
0.0229491,0
0.0229633,0
0.0229775,0
0.0229916,0
0.0230058,0
0.02302,0
0.0230342,0
0.0230483,0
0.0230625,0
0.0230767,0
0.0230909,0
0.0231051,0
0.0231192,0
0.0231334,0
0.0231476,0
0.0231618,0
0.0231759,0
0.0231901,0
0.0232043,0
0.0232185,0
0.0232326,0
0.0232468,0
0.023261,0
0.0232752,0
0.0232894,0
0.0233035,0
0.0233177,0
0.0233319,0
0.0233461,0
0.0233602,0
0.0233744,0
0.0233886,0
0.0234028,0
0.0234169,0
0.0234311,0
0.0234453,0
0.0234595,0
0.0234737,0
0.0234878,0
0.023502,0
0.0235162,0
0.0235304,0
0.0235445,0
0.0235587,1
0.0235729,0
0.0235871,0
0.0236012,0
0.0236154,0
0.0236296,0
0.0236438,0
0.023658,0
0.0236721,0
0.0236863,0
0.0237005,0
0.0237147,0
0.0237288,0
0.023743,0
0.0237572,0
0.0237714,0
0.0237855,0
0.0237997,0
0.0238139,0
0.0238281,0
0.0238423,0
0.0238564,0
0.0238706,0
0.0238848,0
0.023899,0
0.0239131,0
0.0239273,0
0.0239415,0
0.0239557,0
0.0239698,0
0.023984,0
0.0239982,0
0.0240124,0
0.0240266,0
0.0240407,0
0.0240549,0
0.0240691,0
0.0240833,0
0.0240974,0
0.0241116,0
0.0241258,0
0.02414,0
0.0241541,0
0.0241683,0
0.0241825,0
0.0241967,0
0.0242109,0
0.024225,0
0.0242392,0
0.0242534,0
0.0242676,0
0.0242817,0
0.0242959,0
0.0243101,0
0.0243243,0
0.0243384,0
0.0243526,0
0.0243668,0
0.024381,0
0.0243952,0
0.0244093,0
0.0244235,0
0.0244377,0
0.0244519,0
0.024466,0
0.0244802,0
0.0244944,0
0.0245086,0
0.0245227,0
0.0245369,0
0.0245511,0
0.0245653,0
0.0245795,0
0.0245936,0
0.0246078,0
0.024622,0
0.0246362,0
0.0246503,0
0.0246645,0
0.0246787,0
0.0246929,0
0.024707,0
0.0247212,0
0.0247354,0
0.0247496,0
0.0247638,0
0.0247779,0
0.0247921,1
0.0248063,0
0.0248205,0
0.0248346,0
0.0248488,0
0.024863,0
0.0248772,0
0.0248913,0
0.0249055,0
0.0249197,0
0.0249339,0
0.0249481,0
0.0249622,0
0.0249764,0
0.0249906,0
0.0250048,0
0.0250189,0
0.0250331,0
0.0250473,0
0.0250615,0
0.0250756,0
0.0250898,0
0.025104,0
0.0251182,0
0.0251324,0
0.0251465,0
0.0251607,0
0.0251749,0
0.0251891,0
0.0252032,0
0.0252174,0
0.0252316,0
0.0252458,0
0.0252599,0
0.0252741,0
0.0252883,0
0.0253025,0
0.0253166,0
0.0253308,0
0.025345,0
0.0253592,0
0.0253734,0
0.0253875,0
0.0254017,0
0.0254159,0
0.0254301,0
0.0254442,0
0.0254584,0
0.0254726,0
0.0254868,0
0.0255009,0
0.0255151,0
0.0255293,0
0.0255435,0
0.0255577,0
0.0255718,0
0.025586,0
0.0256002,0
0.0256144,0
0.0256285,0
0.0256427,0
0.0256569,0
0.0256711,0
0.0256852,0
0.0256994,0
0.0257136,0
0.0257278,0
0.025742,0
0.0257561,0
0.0257703,0
0.0257845,0
0.0257987,0
0.0258128,0
0.025827,0
0.0258412,0
0.0258554,0
0.0258695,0
0.0258837,0
0.0258979,0
0.0259121,0
0.0259263,0
0.0259404,0
0.0259546,0
0.0259688,0
0.025983,0
0.0259971,0
0.0260113,0
0.0260255,0
0.0260397,0
0.0260538,0
0.026068,0
0.0260822,0
0.0260964,0
0.0261106,0
0.0261247,0
0.0261389,0
0.0261531,0
0.0261673,0
0.0261814,0
0.0261956,0
0.0262098,0
0.026224,0
0.0262381,0
0.0262523,0
0.0262665,0
0.0262807,0
0.0262949,0
0.026309,0
0.0263232,0
0.0263374,0
0.0263516,0
0.0263657,0
0.0263799,0
0.0263941,0
0.0264083,0
0.0264224,0
0.0264366,0
0.0264508,0
0.026465,0
0.0264792,0
0.0264933,0
0.0265075,0
0.0265217,0
0.0265359,0
0.02655,0
0.0265642,0
0.0265784,0
0.0265926,0
0.0266067,0
0.0266209,0
0.0266351,0
0.0266493,0
0.0266635,0
0.0266776,0
0.0266918,0
0.026706,0
0.0267202,0
0.0267343,0
0.0267485,0
0.0267627,0
0.0267769,0
0.026791,0
0.0268052,0
0.0268194,0
0.0268336,0
0.0268478,0
0.0268619,0
0.0268761,0
0.0268903,0
0.0269045,0
0.0269186,0
0.0269328,0
0.026947,0
0.0269612,0
0.0269753,0
0.0269895,0
0.0270037,0
0.0270179,0
0.0270321,0
0.0270462,0
0.0270604,0
0.0270746,0
