CdS sonochem 60min ex300,,CdS sonochem 60min em400,,CdS sonochem 60min ex330,,CdS sonochem 60min em410,,CdS sonochem 60min ex335,,
Wavelength (nm),Intensity (a.u.),Wavelength (nm),Intensity (a.u.),Wavelength (nm),Intensity (a.u.),Wavelength (nm),Intensity (a.u.),Wavelength (nm),Intensity (a.u.),
310,0.7195854187,240,-0.1366901398,340,1.253448486,240,0.3541259766,344.9200134,0.1821498871,
311.0700073,2.774953842,240.9299927,-0.232421875,341.0700073,2.215801239,240.9299927,-0.9951229095,345.8399963,1.253919601,
312,5.5125103,242.0299988,-1.422840118,342,6.27362442,242.0299988,0.2414684296,346.9200134,5.10455513,
313.0700073,6.839977264,242.9600067,-0.6072254181,343.0700073,8.276569366,242.9600067,-0.0946559906,347.8399963,7.669242859,
314,8.164686203,244.0599976,-0.9352016449,344,11.32967758,244.0599976,0.3348922729,348.9200134,10.89562988,
315.0700073,10.31327057,245,-1.250831604,345.0700073,14.78429794,245,-1.00031662,349.8399963,12.84892654,
316,12.35257339,245.9299927,-0.3269252777,346,17.74000168,245.9299927,-0.2261867523,350.9200134,16.57436752,
317.0700073,12.60277557,247.0299988,-0.5780963898,347.0700073,20.9723587,247.0299988,-0.07950592041,351.8399963,19.23694992,
318,15.7220459,247.9600067,0.04277420044,348,24.8021965,247.9600067,0.196269989,352.9200134,22.09201431,
319.0700073,17.8897438,249.0599976,-1.005317688,349.0700073,28.40911865,249.0599976,-0.01461219788,353.8399963,27.44417953,
320,21.55717087,250,0.1839313507,350,29.28597641,250,0.9522590637,354.9200134,30.13978577,
320.9299927,24.12870789,250.9299927,0.9879150391,351.0700073,34.78772736,250.9299927,0.5162506104,355.8399963,33.81504822,
322.0299988,29.58433533,252.0299988,1.015907288,352,37.61417389,252.0299988,1.398033142,356.9200134,38.75362015,
322.9599915,36.37208176,252.9600067,2.26010704,353.0700073,42.33908081,252.9600067,1.702600479,357.8399963,41.68066788,
324.0599976,41.44789505,254.0599976,2.776168823,354,45.02083588,254.0599976,2.133781433,358.9200134,45.2878685,
325,48.01691818,255,2.728139877,355.0700073,50.217453,255,3.522457123,359.8399963,52.27970505,
325.9299927,54.11044693,255.9299927,3.742815018,356,52.69417572,255.9299927,2.847064972,360.9200134,55.27917099,
327.0299988,63.10608292,257.0299988,3.276891708,357.0700073,57.07633972,257.0299988,3.402679443,361.8399963,60.61987686,
327.9599915,69.23316956,257.9599915,3.654966354,358,61.25463867,257.9599915,3.215396881,362.9200134,64.67225647,
329.0599976,75.29109192,259.0599976,4.210889816,359.0700073,68.54058075,259.0599976,3.486427307,363.8399963,70.9763031,
330,79.25776672,260,4.483062744,360,71.91046906,260,3.637140274,364.9200134,77.64527893,
331.0700073,82.9624176,260.9299927,3.939411163,361.0700073,78.26455688,260.9299927,3.677497864,365.8399963,82.55479431,
332,86.43992615,262.0299988,3.790187836,362,82.84383392,262.0299988,3.544582367,366.9200134,88.06837463,
333.0700073,89.98046875,262.9599915,4.355844498,363.0700073,93.84261322,262.9599915,3.757154465,367.8399963,93.64535522,
334,92.84571838,264.0599976,4.340883255,364,96.15383911,264.0599976,3.665287018,368.9200134,104.3837128,
335.0700073,95.21784973,265,4.494827271,365.0700073,104.186615,265,3.894794464,369.8399963,107.1776276,
336,96.72279358,265.9299927,4.305500031,366,105.6508942,265.9299927,4.115285873,370.9200134,110.8406677,
337.0700073,99.37556458,267.0299988,4.632331848,367.0700073,115.2045898,267.0299988,3.383533478,371.8399963,117.0527039,
338,104.6057129,267.9599915,4.262649536,368,115.7560272,267.9599915,3.991043091,372.9200134,123.2618408,
339.0700073,107.5063782,269.0599976,3.478971481,369.0700073,123.686142,269.0599976,2.078947067,373.8399963,129.2629852,
340,108.0338593,270,3.306949615,370,123.6738586,270,1.721918106,374.9200134,132.6917419,
341.0700073,113.4332123,271.0700073,1.487438202,371.0700073,133.6724701,271.0700073,0.411447525,375.8399963,138.3296661,
342,115.0267487,272,1.09544754,372,135.4324646,272,-0.5751037598,376.9200134,140.276413,
343.0700073,119.7762604,273.0700073,1.592777252,373.0700073,137.6468964,273.0700073,-0.9330215454,377.8399963,148.3521423,
344,123.204361,274,-0.5797767639,374,140.7387543,274,-1.435876846,378.9200134,148.7985077,
345.0700073,126.2945862,275.0700073,-1.328289032,375.0700073,146.7331085,275.0700073,-2.571784973,379.8399963,155.6073303,
346,127.6132507,276,-1.51395607,376,150.9391785,276,-3.415016174,380.9200134,161.7993927,
347.0700073,130.3306122,277.0700073,-1.573991776,377.0700073,156.6531677,277.0700073,-3.613866806,381.8399963,163.7045135,
348,135.828186,278,-0.5205173492,378,158.2848816,278,-2.339740753,382.9200134,172.4462585,
349.0700073,135.5672455,279.0700073,3.619405746,379.0700073,163.1460724,279.0700073,2.210149765,383.8399963,174.5263062,
350,136.6474457,280,9.136985779,380,167.4503326,280,7.158992767,384.9200134,179.6991272,
351.0700073,140.3196259,280.9299927,14.84897232,381.0700073,173.1682587,280.9299927,13.72930908,385.8399963,183.8499298,
352,138.7023163,282.0299988,25.13212204,382,175.9289703,282.0299988,22.57909393,386.9200134,188.7001495,
353.0700073,140.1047211,282.9599915,33.70313644,383.0700073,182.2505035,282.9599915,31.87772369,387.8399963,192.3830261,
354,144.6726532,284.0599976,44.83943939,384,187.1630402,284.0599976,42.14228058,388.9200134,197.6069641,
355.0700073,145.0319824,285,55.74914551,385.0700073,189.3939819,285,52.59802246,389.8399963,198.3930054,
356,143.8753967,285.9299927,61.73679352,386,196.1632385,285.9299927,60.60051727,390.9200134,202.7844391,
357.0700073,146.701355,287.0299988,72.86136627,387.0700073,191.1844788,287.0299988,68.89084625,391.8399963,206.0901031,
358,146.4220276,287.9599915,78.17893219,388,198.7752686,287.9599915,75.57772827,392.9200134,208.4451752,
359.0700073,148.2387238,289.0599976,86.25688171,389.0700073,197.5161896,289.0599976,83.43637848,393.8399963,209.8842773,
360,148.3347778,290,91.84844971,390,205.4081421,290,90.3651886,394.9200134,214.9564362,
361.0700073,150.9159698,290.9299927,96.99337006,391.0700073,207.9461517,290.9299927,96.35204315,395.8399963,213.4400787,
362,150.1364288,292.0299988,103.4107285,392,203.9136353,292.0299988,101.0831833,396.9200134,216.4103699,
363.0700073,150.1724396,292.9599915,109.3543396,393.0700073,206.5894623,292.9599915,106.1921616,397.8399963,221.1381683,
364,151.5855255,294.0599976,117.1203613,394,213.7274933,294.0599976,113.7236786,398.9200134,220.4917145,
365.0700073,149.8974762,295,120.9484558,395.0700073,213.1662445,295,119.1748047,399.8399963,222.9570007,
366,153.4149628,295.9299927,127.9771729,396,216.9100189,295.9299927,124.0474548,400.9200134,223.8016815,
367.0700073,152.2652893,297.0299988,132.2984924,397.0700073,215.9691315,297.0299988,128.7286224,401.8399963,225.9945526,
368,154.2157135,297.9599915,138.5623322,398,217.3844147,297.9599915,130.8023987,402.9200134,229.218277,
369.0700073,153.3049011,299.0599976,140.7231903,399.0700073,217.3815155,299.0599976,136.2600555,403.8399963,229.7266083,
370,153.2459259,300,143.4044952,400,215.9608002,300,141.3203888,404.9200134,231.2906952,
371.0700073,151.7315369,301.0700073,148.3378906,401.0700073,218.7881012,301.0700073,143.45224,405.8399963,232.2636566,
372,152.9392853,302,149.2760162,402,219.5120544,302,146.5578461,406.9200134,231.1906281,
373.0700073,152.5134888,303.0700073,154.9803314,403.0700073,218.9854736,303.0700073,151.6831512,407.8399963,227.0795746,
374,153.0267944,304,158.0486145,404,220.8817902,304,153.7622223,408.9200134,231.2924652,
375.0700073,149.4210052,305.0700073,161.6984253,405.0700073,220.8474884,305.0700073,157.9743652,409.8399963,233.6908112,
376,152.9641113,306,166.0194855,406,218.3880463,306,159.2538452,410.8999939,233.1803741,
377.0700073,153.0937653,307.0700073,168.4445343,407.0700073,222.4929657,307.0700073,165.4480438,411.9599915,233.3957672,
378,149.209137,308,173.9369354,408,221.2599792,308,169.3497772,412.8699951,230.8134308,
379.0700073,153.15625,309.0700073,177.8837585,409.0700073,220.3168945,309.0700073,172.2080383,413.9299927,229.8497772,
380,150.1610107,310,183.7382507,410,219.8751831,310,176.9488525,414.8399963,233.0451202,
381.0700073,152.6373901,311.0700073,185.3496552,411.0599976,223.274826,311.0700073,179.116745,415.8999939,233.6657257,
382,151.1518707,312,185.9993134,411.9599915,216.6301422,312,181.2855225,416.9599915,231.0883636,
383.0700073,150.5630646,313.0700073,188.7120361,413.0299988,218.3027954,313.0700073,181.6482849,417.8699951,234.3400726,
384,150.21138,314,191.1608276,413.9299927,218.2267303,314,187.5536041,418.9299927,231.6215057,
385.0700073,152.6790009,315.0700073,192.0666656,415,217.8507233,315.0700073,186.6835938,419.8399963,230.6118927,
386,152.2381744,316,197.8285065,416.0599976,218.0218658,316,189.5950775,420.9200134,229.9128876,
387.0700073,152.1374817,317.0700073,198.7663269,416.9599915,216.0925446,317.0700073,195.5194855,421.8399963,229.2042084,
388,150.7059937,318,202.4755249,418.0299988,215.1352386,318,197.5229492,422.9200134,225.8981476,
389.0700073,148.3724365,319.0700073,203.3683014,418.9299927,216.0647125,319.0700073,199.299881,423.8399963,222.7810364,
390,148.8132629,320,209.6897583,420,216.1638184,320,201.8577576,424.9200134,224.5003052,
391.0700073,149.6295013,320.9299927,207.9018402,421.0700073,212.9873962,320.9299927,209.7563477,425.8399963,223.4597778,
392,147.7544861,322.0299988,215.9024048,422,213.1998901,322.0299988,212.0813599,426.9200134,222.0021973,
393.0700073,146.9960938,322.9599915,213.849762,423.0700073,209.2304535,322.9599915,213.8911133,427.8399963,218.8089447,
394,148.4207611,324.0599976,216.1398773,424,205.5879364,324.0599976,214.1264954,428.9200134,214.0670166,
395.0700073,147.7054901,325,221.3507538,425.0700073,209.0834198,325,220.1476288,429.8399963,209.5380859,
396,147.2191315,325.9299927,220.3408203,426,203.5700073,325.9299927,220.2742462,430.8999939,205.1026001,
397.0700073,144.56427,327.0299988,225.3579865,427.0700073,204.9329071,327.0299988,226.50383,431.9599915,205.5367126,
398,148.1925049,327.9599915,224.2841339,428,195.7323761,327.9599915,227.6937408,432.8699951,202.8226318,
399.0700073,146.3173218,329.0599976,221.9154663,429.0700073,196.1338501,329.0599976,230.1642151,433.9299927,196.7518158,
400,143.768692,330,226.2497711,430,197.8067474,330,231.4216309,434.8399963,191.9183044,
401.0700073,145.5098572,331.0700073,226.2065277,431.0599976,189.556015,331.0700073,232.308609,435.8999939,190.4015503,
402,145.2209625,332,226.1397858,431.9599915,186.0249329,332,233.5933075,436.9599915,187.6916351,
403.0700073,141.9164429,333.0700073,227.2753601,433.0299988,182.7233124,333.0700073,236.0941315,437.8699951,185.6525116,
404,143.1362305,334,227.3816681,433.9299927,181.6251221,334,237.9513092,438.9299927,180.1173553,
405.0700073,143.8012695,335.0700073,225.6541901,435,179.8707275,335.0700073,235.0136566,439.8399963,175.8621521,
406,143.1652069,336,226.7971039,436.0599976,170.5366974,336,234.9073029,440.8999939,174.0173645,
407.0700073,141.4720154,337.0700073,222.5623779,436.9599915,172.2380066,337.0700073,235.6491852,441.9599915,167.8078003,
408,140.6411133,338,221.3199158,438.0299988,166.3135376,338,233.3161469,442.8699951,166.0057831,
409.0700073,139.0614777,339.0700073,217.3635864,438.9299927,162.8415833,339.0700073,235.3889923,443.9299927,166.1808472,
410,138.8159637,340,209.5675964,440,160.602951,340,232.9268646,444.8399963,163.0941467,
411.0599976,141.2048035,341.0700073,213.2950134,441.0599976,155.1524811,341.0700073,228.8349457,445.8999939,155.8594513,
411.9599915,140.9744415,342,208.5262451,441.9599915,152.0033722,342,225.7957458,446.9599915,152.7109375,
413.0299988,137.095108,343.0700073,203.0623016,443.0299988,148.7249298,343.0700073,223.6231689,447.8699951,149.596344,
413.9299927,137.8720398,344,198.9986267,443.9299927,145.2785492,344,226.3245697,448.9299927,148.164566,
415,137.1986084,345.0700073,196.6213837,445,143.9465332,345.0700073,222.5111694,449.8399963,146.3279266,
416.0599976,139.317337,346,195.3027649,446.0599976,139.8864136,346,220.5683441,450.8999939,144.6878967,
416.9599915,138.5091553,347.0700073,186.5331573,446.9599915,137.5616455,347.0700073,216.9596405,451.9599915,143.941452,
418.0299988,138.291275,348,183.9999847,448.0299988,135.2909241,348,207.6435394,452.8699951,139.6173553,
418.9299927,135.350647,349.0700073,179.7458496,448.9299927,133.7369537,349.0700073,205.1350708,453.9299927,134.3538361,
420,135.3799896,350,173.3344269,450,129.8270416,350,203.916687,454.8399963,135.0746155,
421.0700073,137.6988678,351.0700073,165.1026764,451.0599976,125.4250031,351.0700073,198.5416107,455.8999939,131.4402008,
422,135.9055634,352,161.8306274,451.9599915,125.2779083,352,193.2947388,456.9599915,131.4078217,
423.0700073,136.0996094,353.0700073,157.0818329,453.0299988,122.7419891,353.0700073,182.960434,457.8699951,125.8210602,
424,137.7486115,354,151.5055695,453.9299927,120.469635,354,180.3604279,458.9299927,124.4441376,
425.0700073,136.5857697,355.0700073,148.4604034,455,118.9054108,355.0700073,173.5073395,459.8399963,120.3274231,
426,135.2955475,356,141.6257172,456.0599976,115.5126343,356,172.4965057,460.8999939,118.4923706,
427.0700073,133.2980957,357.0700073,135.9042358,456.9599915,114.3342133,357.0700073,164.8655701,461.9599915,116.7000885,
428,131.9337463,358,127.0641785,458.0299988,110.1876068,358,159.3261719,462.8699951,113.3354187,
429.0700073,130.0557404,359.0700073,124.6142883,458.9299927,108.8866425,359.0700073,153.603241,463.9299927,112.8103485,
430,127.3433685,360,117.6235046,460,109.1773071,360,148.436264,464.8399963,111.8539886,
431.0599976,127.2667847,361.0700073,110.6951904,461.0599976,104.0075226,361.0700073,145.9539795,465.8999939,107.9466705,
431.9599915,127.5899353,362,105.4878387,461.9599915,103.2815094,362,141.5536804,466.9599915,105.0098267,
433.0299988,123.9449005,363.0700073,100.1575928,463.0299988,101.1805573,363.0700073,137.7247162,467.8699951,103.5190887,
433.9299927,120.8334198,364,97.21311951,463.9299927,100.7919769,364,133.5007477,468.9299927,104.1155853,
435,118.2585907,365.0700073,91.19451904,465,96.01320648,365.0700073,125.9343262,469.8399963,99.1946106,
436.0599976,119.1160431,366,83.23401642,466.0599976,95.75471497,366,121.160141,470.8999939,97.52175903,
436.9599915,114.7687378,367.0700073,78.14512634,466.9599915,95.40830994,367.0700073,114.2614899,471.9599915,95.80108643,
438.0299988,113.3267059,368,72.22373199,468.0299988,90.82888031,368,108.6398926,472.8699951,91.09257507,
438.9299927,110.422287,369.0700073,67.13407898,468.9299927,89.24346924,369.0700073,103.2237778,473.9299927,91.92297363,
440,110.0869751,370,64.72070313,470,85.89254761,370,98.4365387,474.8399963,89.75834656,
441.0599976,108.3838654,371.0700073,58.89567566,471.0599976,86.19490814,371.0700073,92.35877228,475.8999939,87.77937317,
441.9599915,105.4142761,372,55.86553955,471.9599915,82.60980988,372,87.44487762,476.9599915,86.42799377,
443.0299988,102.5999298,373.0700073,50.14524841,473.0299988,79.47293854,373.0700073,80.65166473,477.8699951,82.31790161,
443.9299927,99.70903015,374,45.18156433,473.9299927,79.23823547,374,75.56918335,478.9299927,81.2514801,
445,98.43228149,375.0700073,42.6055336,475,78.19956207,375.0700073,72.52036285,479.8399963,80.72679138,
446.0599976,96.77886963,376,39.45010376,476.0599976,72.52818298,376,69.03850555,480.8999939,78.02780151,
446.9599915,97.68363953,377.0700073,36.55228424,476.9599915,74.18817902,377.0700073,65.72890472,481.9599915,73.48275757,
448.0299988,92.49810791,378,34.28958511,478.0299988,70.21097565,378,62.80291748,482.8699951,73.66307068,
448.9299927,91.97895813,379.0700073,30.30945969,478.9299927,70.49253082,379.0700073,58.49115753,483.9299927,68.80151367,
450,91.57034302,380,27.21743393,480,68.25653076,380,54.90647888,484.8399963,68.9899292,
451.0599976,89.98774719,381.0700073,23.96673203,481.0599976,65.10838318,381.0700073,49.65077209,485.8999939,67.94244385,
451.9599915,87.04621887,382,21.2103653,481.9599915,65.13904572,382,47.00705719,486.9599915,65.51792908,
453.0299988,88.17146301,383.0700073,18.34399033,483.0299988,62.66783905,383.0700073,43.55603027,487.8699951,65.22032166,
453.9299927,86.06921387,384,17.10145569,483.9299927,63.50521088,384,40.197052,488.9299927,62.01119614,
455,86.3260498,385.0700073,13.26308441,485,59.7895813,385.0700073,37.05109406,489.8399963,59.90830612,
456.0599976,84.81561279,386,11.01566315,486.0599976,58.31815338,386,34.07018661,490.8900146,57.68741226,
456.9599915,83.44345093,387.0700073,8.992822647,486.9599915,56.23635101,387.0700073,31.34473038,491.9400024,54.93717575,
458.0299988,79.15112305,388,7.08436203,488.0299988,53.32835388,388,27.73842239,492.980011,55.12430191,
458.9299927,78.66886902,389.0700073,4.855718613,488.9299927,51.70307159,389.0700073,25.76768112,493.8800049,54.0886879,
460,80.44500732,390,3.090869904,490,50.69439697,390,23.19433594,494.9200134,51.7934761,
461.0599976,78.248703,,,491.0400085,50.46117401,391.0599976,20.44432831,495.9700012,49.30133438,
461.9599915,77.64016724,,,491.9400024,46.99685669,391.9599915,18.54590988,496.8599854,48.47274399,
463.0299988,73.30267334,,,492.980011,44.96801758,393.0299988,15.54221725,497.9100037,45.86551285,
463.9299927,75.2592926,,,494.019989,44.5039978,393.9299927,14.01127625,498.9500122,46.63636398,
465,73.16604614,,,495.0700073,42.9305954,395,12.1374321,499.8500061,44.41820145,
466.0599976,73.34489441,,,495.9700012,41.98113251,396.0599976,10.40017128,500.8900146,45.0906868,
466.9599915,71.04443359,,,497.0100098,40.5454483,396.9599915,8.261299133,501.9400024,41.12140274,
468.0299988,68.96237183,,,498.0499878,38.43598175,398.0299988,6.978590012,502.980011,41.90294266,
468.9299927,68.54161072,,,498.9500122,37.73803711,398.9299927,3.966531754,503.8800049,40.90797043,
470,66.62756348,,,500,38.14801788,400,3.310586929,504.9200134,38.23450089,
471.0599976,66.57746887,,,,,,,505.9700012,37.95164871,
471.9599915,64.79611206,,,,,,,506.8599854,36.35827255,
473.0299988,63.39848709,,,,,,,507.9100037,33.27942657,
473.9299927,62.8117485,,,,,,,508.9500122,33.37052536,
475,61.82162094,,,,,,,509.8500061,32.24783325,
476.0599976,58.55611801,,,,,,,510.8999939,29.72455215,
476.9599915,59.61233902,,,,,,,511.9599915,30.96782684,
478.0299988,59.36783218,,,,,,,512.8699951,29.39945602,
478.9299927,56.17353439,,,,,,,513.9299927,26.25934982,
480,54.56214523,,,,,,,514.8400269,27.97502136,
481.0599976,53.88219833,,,,,,,515.9000244,25.19429398,
481.9599915,53.37227249,,,,,,,516.960022,25.55932617,
483.0299988,51.60348892,,,,,,,517.8699951,24.83101654,
483.9299927,51.60716629,,,,,,,518.9299927,22.92226028,
485,51.13635635,,,,,,,519.8400269,22.48000336,
486.0599976,48.1896553,,,,,,,520.8900146,21.89757919,
486.9599915,48.8021431,,,,,,,521.9400024,19.44644547,
488.0299988,46.53926468,,,,,,,522.9799805,18.00188065,
488.9299927,45.74502945,,,,,,,523.8800049,17.80633545,
490,46.23102188,,,,,,,524.9199829,15.95040131,
491.0400085,44.50859451,,,,,,,525.9699707,17.21043777,
491.9400024,43.54852676,,,,,,,526.8599854,15.1487999,
492.980011,41.26657486,,,,,,,527.9099731,14.90982437,
494.019989,39.87288666,,,,,,,528.9500122,14.97336197,
495.0700073,40.453228,,,,,,,529.8499756,12.51305008,
495.9700012,38.89283371,,,,,,,530.8900146,13.12916946,
497.0100098,37.54094315,,,,,,,531.9400024,11.29549789,
498.0499878,36.688591,,,,,,,532.9799805,10.84856415,
498.9500122,35.03538132,,,,,,,533.8800049,9.919597626,
500,34.86857605,,,,,,,534.9199829,9.166702271,
,,,,,,,,535.9699707,8.455673218,
,,,,,,,,536.8599854,8.110652924,
,,,,,,,,537.9099731,6.655246735,
,,,,,,,,538.9500122,5.926834106,
,,,,,,,,539.8499756,6.429508209,
,,,,,,,,540.8800049,5.602607727,
,,,,,,,,541.9099731,4.391944885,
,,,,,,,,542.9400024,4.445550919,
,,,,,,,,543.9699707,3.008008957,
,,,,,,,,544.8499756,3.062675476,
,,,,,,,,545.8800049,2.476219177,
,,,,,,,,546.9099731,2.140544891,
,,,,,,,,547.9400024,1.977514267,
,,,,,,,,548.9699707,0.4852733612,
,,,,,,,,549.8499756,0.3078861237,
,,,,,,,,550.8900146,0.02599716187,
,,,,,,,,551.9400024,0.4264431,
,,,,,,,,552.9799805,-2.049137115,
,,,,,,,,553.8800049,-1.54242897,
,,,,,,,,554.9199829,-1.719976425,
,,,,,,,,555.9699707,-1.908378601,
,,,,,,,,556.8599854,-3.599143982,
,,,,,,,,557.9099731,-3.861484528,
,,,,,,,,558.9500122,-2.954090118,
,,,,,,,,559.8499756,-4.416671753,
,,,,,,,,560.8900146,-4.784788132,
,,,,,,,,561.9400024,-5.828266144,
,,,,,,,,562.9799805,-4.601049423,
,,,,,,,,563.8800049,-5.230079651,
,,,,,,,,564.9199829,-7.46040535,
,,,,,,,,565.9699707,-7.422595978,
,,,,,,,,566.8599854,-6.906703949,
,,,,,,,,567.9099731,-5.797742844,
,,,,,,,,568.9500122,-7.472343445,
,,,,,,,,569.8499756,-8.82591629,
,,,,,,,,570.8800049,-9.05283165,
,,,,,,,,571.9099731,-8.887069702,
,,,,,,,,572.9400024,-9.443470001,
,,,,,,,,573.9699707,-10.47871017,
,,,,,,,,574.8499756,-9.088949203,
,,,,,,,,575.8800049,-11.20142746,
,,,,,,,,576.9099731,-9.440734863,
,,,,,,,,577.9400024,-11.02079487,
,,,,,,,,578.9699707,-10.44381905,
,,,,,,,,579.8499756,-10.4825592,
,,,,,,,,580.8800049,-11.66567707,
,,,,,,,,581.9099731,-12.29936886,
,,,,,,,,582.9400024,-12.30251312,
,,,,,,,,583.9699707,-11.32060146,
,,,,,,,,584.8499756,-12.31464767,
,,,,,,,,585.8800049,-13.23340225,
,,,,,,,,586.9099731,-13.13684464,
,,,,,,,,587.9400024,-13.88295555,
,,,,,,,,588.9699707,-13.26916027,
,,,,,,,,589.8499756,-14.04251575,
,,,,,,,,590.8800049,-14.0177393,
,,,,,,,,591.9099731,-13.5553751,
,,,,,,,,592.9400024,-14.39720249,
,,,,,,,,593.9699707,-14.14918518,
,,,,,,,,594.8499756,-14.67070007,
,,,,,,,,595.8800049,-14.70942116,
,,,,,,,,596.9099731,-15.29306126,
,,,,,,,,597.9400024,-15.90606785,
,,,,,,,,598.9699707,-15.69367409,
,,,,,,,,599.8499756,-16.58648872,
,,,,,,,,600.8800049,-15.9065609,

CdS sonochem 60min ex300,
CdS sonochem 60min ex300
Collection Time: 8/19/2022 12:27:44 PM
Operator Name  :
Scan Software Version: 1.1(132)
Parameter List :
Instrument                        Cary Eclipse
Instrument Serial Number          E08013467
Data mode                         Fluorescence
Scan mode                         Emission
X Mode                            Wavelength (nm)
Start (nm)                        310.00
Stop (nm)                         500.00
Ex. Wavelength (nm)               300.00
Ex. Slit (nm)                     5
Em. Slit (nm)                     5
Scan rate (nm/min)                600.00
Data interval (nm)                1.0000
Averaging Time (s)                0.1000
Excitation filter                 Auto
Emission filter                   Open
PMT voltage (V)                   Medium
Corrected spectra                 OFF
Method Log     :
Method Name    : Default
Date/Time stamp: 8/19/2022 12:23:28 PM
Method Modifications:
Overlayed Graphs Changed: 8/19/2022 12:24:53 PM, Old:OFF, New:ON
Y max Changed: 8/19/2022 12:24:53 PM, Old:  1000.0000, New:   300.0000
Excitation Wavelength Changed: 8/19/2022 12:27:20 PM, Old: 350.00, New: 300.00
Emission Wavelength Changed: 8/19/2022 12:27:20 PM, Old: 400.00, New: 310.00
Stop Wavelength Changed: 8/19/2022 12:27:20 PM, Old: 600.00, New: 500.00
Zero Mode Changed: 8/19/2022 12:27:22 PM, Old:OFF, New:Reading
Zero Mode Changed: 8/19/2022 12:27:22 PM, Old:Reading, New:ON
End Method Modifications

CdS sonochem 60min em400,
CdS sonochem 60min em400
Collection Time: 8/19/2022 12:28:39 PM
Operator Name  :
Scan Software Version: 1.1(132)
Parameter List :
Instrument                        Cary Eclipse
Instrument Serial Number          E08013467
Data mode                         Fluorescence
Scan mode                         Excitation
X Mode                            Wavelength (nm)
Start (nm)                        240.00
Stop (nm)                         390.00
Em. Wavelength (nm)               400.00
Ex. Slit (nm)                     5
Em. Slit (nm)                     5
Scan rate (nm/min)                600.00
Data interval (nm)                1.0000
Averaging Time (s)                0.1000
Excitation filter                 Auto
Emission filter                   Open
PMT voltage (V)                   Medium
Corrected spectra                 OFF
Method Log     :
Method Name    : Default
Date/Time stamp: 8/19/2022 12:23:28 PM
Method Modifications:
Overlayed Graphs Changed: 8/19/2022 12:24:53 PM, Old:OFF, New:ON
Y max Changed: 8/19/2022 12:24:53 PM, Old:  1000.0000, New:   300.0000
Excitation Wavelength Changed: 8/19/2022 12:27:20 PM, Old: 350.00, New: 300.00
Emission Wavelength Changed: 8/19/2022 12:27:20 PM, Old: 400.00, New: 310.00
Stop Wavelength Changed: 8/19/2022 12:27:20 PM, Old: 600.00, New: 500.00
Zero Mode Changed: 8/19/2022 12:27:22 PM, Old:OFF, New:Reading
Zero Mode Changed: 8/19/2022 12:27:22 PM, Old:Reading, New:ON
Scan mode: Changed: 8/19/2022 12:28:28 PM, Old:Emission, New:Excitation
Excitation Wavelength Changed: 8/19/2022 12:28:28 PM, Old: 300.00, New: 240.00
Emission Wavelength Changed: 8/19/2022 12:28:28 PM, Old: 310.00, New: 400.00
Stop Wavelength Changed: 8/19/2022 12:28:28 PM, Old: 500.00, New: 390.00
Zero Mode Changed: 8/19/2022 12:28:31 PM, Old:ON, New:Reading
Zero Mode Changed: 8/19/2022 12:28:31 PM, Old:Reading, New:ON
End Method Modifications

CdS sonochem 60min ex330,
CdS sonochem 60min ex330
Collection Time: 8/19/2022 12:29:27 PM
Operator Name  :
Scan Software Version: 1.1(132)
Parameter List :
Instrument                        Cary Eclipse
Instrument Serial Number          E08013467
Data mode                         Fluorescence
Scan mode                         Emission
X Mode                            Wavelength (nm)
Start (nm)                        340.00
Stop (nm)                         500.00
Ex. Wavelength (nm)               330.00
Ex. Slit (nm)                     5
Em. Slit (nm)                     5
Scan rate (nm/min)                600.00
Data interval (nm)                1.0000
Averaging Time (s)                0.1000
Excitation filter                 Auto
Emission filter                   Open
PMT voltage (V)                   Medium
Corrected spectra                 OFF
Method Log     :
Method Name    : Default
Date/Time stamp: 8/19/2022 12:23:28 PM
Method Modifications:
Overlayed Graphs Changed: 8/19/2022 12:24:53 PM, Old:OFF, New:ON
Y max Changed: 8/19/2022 12:24:53 PM, Old:  1000.0000, New:   300.0000
Excitation Wavelength Changed: 8/19/2022 12:27:20 PM, Old: 350.00, New: 300.00
Emission Wavelength Changed: 8/19/2022 12:27:20 PM, Old: 400.00, New: 310.00
Stop Wavelength Changed: 8/19/2022 12:27:20 PM, Old: 600.00, New: 500.00
Zero Mode Changed: 8/19/2022 12:27:22 PM, Old:OFF, New:Reading
Zero Mode Changed: 8/19/2022 12:27:22 PM, Old:Reading, New:ON
Scan mode: Changed: 8/19/2022 12:28:28 PM, Old:Emission, New:Excitation
Excitation Wavelength Changed: 8/19/2022 12:28:28 PM, Old: 300.00, New: 240.00
Emission Wavelength Changed: 8/19/2022 12:28:28 PM, Old: 310.00, New: 400.00
Stop Wavelength Changed: 8/19/2022 12:28:28 PM, Old: 500.00, New: 390.00
Zero Mode Changed: 8/19/2022 12:28:31 PM, Old:ON, New:Reading
Zero Mode Changed: 8/19/2022 12:28:31 PM, Old:Reading, New:ON
Scan mode: Changed: 8/19/2022 12:29:17 PM, Old:Excitation, New:Emission
Excitation Wavelength Changed: 8/19/2022 12:29:17 PM, Old: 240.00, New: 330.00
Emission Wavelength Changed: 8/19/2022 12:29:17 PM, Old: 400.00, New: 340.00
Stop Wavelength Changed: 8/19/2022 12:29:17 PM, Old: 390.00, New: 500.00
Zero Mode Changed: 8/19/2022 12:29:19 PM, Old:ON, New:Reading
Zero Mode Changed: 8/19/2022 12:29:19 PM, Old:Reading, New:ON
End Method Modifications

CdS sonochem 60min em410,
CdS sonochem 60min em410
Collection Time: 8/19/2022 12:30:19 PM
Operator Name  :
Scan Software Version: 1.1(132)
Parameter List :
Instrument                        Cary Eclipse
Instrument Serial Number          E08013467
Data mode                         Fluorescence
Scan mode                         Excitation
X Mode                            Wavelength (nm)
Start (nm)                        240.00
Stop (nm)                         400.00
Em. Wavelength (nm)               410.00
Ex. Slit (nm)                     5
Em. Slit (nm)                     5
Scan rate (nm/min)                600.00
Data interval (nm)                1.0000
Averaging Time (s)                0.1000
Excitation filter                 Auto
Emission filter                   Open
PMT voltage (V)                   Medium
Corrected spectra                 OFF
Method Log     :
Method Name    : Default
Date/Time stamp: 8/19/2022 12:23:28 PM
Method Modifications:
Overlayed Graphs Changed: 8/19/2022 12:24:53 PM, Old:OFF, New:ON
Y max Changed: 8/19/2022 12:24:53 PM, Old:  1000.0000, New:   300.0000
Excitation Wavelength Changed: 8/19/2022 12:27:20 PM, Old: 350.00, New: 300.00
Emission Wavelength Changed: 8/19/2022 12:27:20 PM, Old: 400.00, New: 310.00
Stop Wavelength Changed: 8/19/2022 12:27:20 PM, Old: 600.00, New: 500.00
Zero Mode Changed: 8/19/2022 12:27:22 PM, Old:OFF, New:Reading
Zero Mode Changed: 8/19/2022 12:27:22 PM, Old:Reading, New:ON
Scan mode: Changed: 8/19/2022 12:28:28 PM, Old:Emission, New:Excitation
Excitation Wavelength Changed: 8/19/2022 12:28:28 PM, Old: 300.00, New: 240.00
Emission Wavelength Changed: 8/19/2022 12:28:28 PM, Old: 310.00, New: 400.00
Stop Wavelength Changed: 8/19/2022 12:28:28 PM, Old: 500.00, New: 390.00
Zero Mode Changed: 8/19/2022 12:28:31 PM, Old:ON, New:Reading
Zero Mode Changed: 8/19/2022 12:28:31 PM, Old:Reading, New:ON
Scan mode: Changed: 8/19/2022 12:29:17 PM, Old:Excitation, New:Emission
Excitation Wavelength Changed: 8/19/2022 12:29:17 PM, Old: 240.00, New: 330.00
Emission Wavelength Changed: 8/19/2022 12:29:17 PM, Old: 400.00, New: 340.00
Stop Wavelength Changed: 8/19/2022 12:29:17 PM, Old: 390.00, New: 500.00
Zero Mode Changed: 8/19/2022 12:29:19 PM, Old:ON, New:Reading
Zero Mode Changed: 8/19/2022 12:29:19 PM, Old:Reading, New:ON
Scan mode: Changed: 8/19/2022 12:30:02 PM, Old:Emission, New:Excitation
Excitation Wavelength Changed: 8/19/2022 12:30:02 PM, Old: 330.00, New: 240.00
Emission Wavelength Changed: 8/19/2022 12:30:02 PM, Old: 340.00, New: 410.00
Stop Wavelength Changed: 8/19/2022 12:30:02 PM, Old: 500.00, New: 400.00
Zero Mode Changed: 8/19/2022 12:30:08 PM, Old:ON, New:Reading
Zero Mode Changed: 8/19/2022 12:30:08 PM, Old:Reading, New:ON
End Method Modifications

CdS sonochem 60min ex335,
CdS sonochem 60min ex335
Collection Time: 8/19/2022 12:31:02 PM
Operator Name  :
Scan Software Version: 1.1(132)
Parameter List :
Instrument                        Cary Eclipse
Instrument Serial Number          E08013467
Data mode                         Fluorescence
Scan mode                         Emission
X Mode                            Wavelength (nm)
Start (nm)                        345.00
Stop (nm)                         600.00
Ex. Wavelength (nm)               335.00
Ex. Slit (nm)                     5
Em. Slit (nm)                     5
Scan rate (nm/min)                600.00
Data interval (nm)                1.0000
Averaging Time (s)                0.1000
Excitation filter                 Auto
Emission filter                   Open
PMT voltage (V)                   Medium
Corrected spectra                 OFF
Method Log     :
Method Name    : Default
Date/Time stamp: 8/19/2022 12:23:28 PM
Method Modifications:
Overlayed Graphs Changed: 8/19/2022 12:24:53 PM, Old:OFF, New:ON
Y max Changed: 8/19/2022 12:24:53 PM, Old:  1000.0000, New:   300.0000
Excitation Wavelength Changed: 8/19/2022 12:27:20 PM, Old: 350.00, New: 300.00
Emission Wavelength Changed: 8/19/2022 12:27:20 PM, Old: 400.00, New: 310.00
Stop Wavelength Changed: 8/19/2022 12:27:20 PM, Old: 600.00, New: 500.00
Zero Mode Changed: 8/19/2022 12:27:22 PM, Old:OFF, New:Reading
Zero Mode Changed: 8/19/2022 12:27:22 PM, Old:Reading, New:ON
Scan mode: Changed: 8/19/2022 12:28:28 PM, Old:Emission, New:Excitation
Excitation Wavelength Changed: 8/19/2022 12:28:28 PM, Old: 300.00, New: 240.00
Emission Wavelength Changed: 8/19/2022 12:28:28 PM, Old: 310.00, New: 400.00
Stop Wavelength Changed: 8/19/2022 12:28:28 PM, Old: 500.00, New: 390.00
Zero Mode Changed: 8/19/2022 12:28:31 PM, Old:ON, New:Reading
Zero Mode Changed: 8/19/2022 12:28:31 PM, Old:Reading, New:ON
Scan mode: Changed: 8/19/2022 12:29:17 PM, Old:Excitation, New:Emission
Excitation Wavelength Changed: 8/19/2022 12:29:17 PM, Old: 240.00, New: 330.00
Emission Wavelength Changed: 8/19/2022 12:29:17 PM, Old: 400.00, New: 340.00
Stop Wavelength Changed: 8/19/2022 12:29:17 PM, Old: 390.00, New: 500.00
Zero Mode Changed: 8/19/2022 12:29:19 PM, Old:ON, New:Reading
Zero Mode Changed: 8/19/2022 12:29:19 PM, Old:Reading, New:ON
Scan mode: Changed: 8/19/2022 12:30:02 PM, Old:Emission, New:Excitation
Excitation Wavelength Changed: 8/19/2022 12:30:02 PM, Old: 330.00, New: 240.00
Emission Wavelength Changed: 8/19/2022 12:30:02 PM, Old: 340.00, New: 410.00
Stop Wavelength Changed: 8/19/2022 12:30:02 PM, Old: 500.00, New: 400.00
Zero Mode Changed: 8/19/2022 12:30:08 PM, Old:ON, New:Reading
Zero Mode Changed: 8/19/2022 12:30:08 PM, Old:Reading, New:ON
Scan mode: Changed: 8/19/2022 12:30:53 PM, Old:Excitation, New:Emission
Excitation Wavelength Changed: 8/19/2022 12:30:53 PM, Old: 240.00, New: 335.00
Emission Wavelength Changed: 8/19/2022 12:30:53 PM, Old: 410.00, New: 345.00
Stop Wavelength Changed: 8/19/2022 12:30:53 PM, Old: 400.00, New: 600.00
Zero Mode Changed: 8/19/2022 12:30:55 PM, Old:ON, New:Reading
Zero Mode Changed: 8/19/2022 12:30:55 PM, Old:Reading, New:ON
End Method Modifications

