CdS 10sec ODE2 Toluene1 em400,,CdS 10sec ODE2 Toluene1 ex330,,CdS 10sec ODE2 Toluene1 ex310,,CdS 10sec ODE2 Toluene1 ex350,,CdS 10sec ODE2 Toluene1 em417,,
Wavelength (nm),Intensity (a.u.),Wavelength (nm),Intensity (a.u.),Wavelength (nm),Intensity (a.u.),Wavelength (nm),Intensity (a.u.),Wavelength (nm),Intensity (a.u.),
220,-0.228843689,340,-6.827497482,320,0.09692764282,360,3.69748497,220,-0.3926696777,
220.9299927,-6.084676743,341.0700073,-4.538667679,320.9299927,2.565570831,361.0700073,7.461227417,220.9299927,3.703868866,
222.0299988,-5.179784775,342,-0.08480453491,322.0299988,6.186824799,362,9.010368347,222.0299988,-3.15602684,
222.9600067,-4.62682724,343.0700073,2.338596344,322.9599915,8.761707306,363.0700073,10.94133377,222.9600067,-5.808574677,
224.0599976,-10.44675255,344,5.1521492,324.0599976,13.5980835,364,14.59856415,224.0599976,-7.232013702,
225,-11.10032654,345.0700073,10.01728058,325,17.67770004,365.0700073,18.12595367,225,-8.747087479,
225.9299927,-13.51317596,346,12.26158142,325.9299927,20.1973114,366,22.53016281,225.9299927,-12.37337685,
227.0299988,-17.58907318,347.0700073,16.89514542,327.0299988,26.84729767,367.0700073,24.65603638,227.0299988,-14.72920609,
227.9600067,-18.32427979,348,18.22438049,327.9599915,29.48578644,368,29.00074768,227.9600067,-15.65844727,
229.0599976,-18.7364769,349.0700073,24.59341431,329.0599976,33.99026871,369.0700073,34.04676819,229.0599976,-14.36420631,
230,-18.06398392,350,29.66519547,330,37.9661293,370,38.54899597,230,-14.07678223,
230.9299927,-17.69882774,351.0700073,33.17309189,331.0700073,42.45991135,371.0700073,41.86739731,230.9299927,-15.61975861,
232.0299988,-16.06513786,352,37.58676529,332,45.1606636,372,47.41708755,232.0299988,-15.28257179,
232.9600067,-17.16826439,353.0700073,40.91749954,333.0700073,48.05025864,373.0700073,51.99544144,232.9600067,-14.40920448,
234.0599976,-18.63280106,354,45.87935257,334,51.20769882,374,54.42718124,234.0599976,-14.45217514,
235,-16.05677605,355.0700073,51.3350563,335.0700073,54.41202927,375.0700073,60.99553299,235,-11.56682587,
235.9299927,-16.03014374,356,54.74808121,336,58.82129288,376,63.88952255,235.9299927,-12.48521233,
237.0299988,-16.4803772,357.0700073,60.0221138,337.0700073,61.73918533,377.0700073,68.27035522,237.0299988,-13.31321716,
237.9600067,-15.74218941,358,65.26670837,338,66.52880859,378,74.54908752,237.9600067,-10.89657974,
239.0599976,-15.04853439,359.0700073,70.55123901,339.0700073,69.85870361,379.0700073,79.66688538,239.0599976,-14.33240509,
240,-16.61531448,360,76.10794067,340,76.41818237,380,85.47903442,240,-13.68994141,
240.9299927,-14.92905235,361.0700073,82.93104553,341.0700073,78.86190796,381.0700073,89.73577881,240.9299927,-13.09250641,
242.0299988,-16.42914009,362,91.19252014,342,83.36709595,382,93.37007141,242.0299988,-13.27775955,
242.9600067,-16.49381638,363.0700073,96.38790894,343.0700073,87.92485046,383.0700073,103.3899231,242.9600067,-13.81237984,
244.0599976,-16.34116936,364,104.6672363,344,89.55967712,384,106.3465881,244.0599976,-14.08061981,
245,-16.13665009,365.0700073,108.7839355,345.0700073,96.81723022,385.0700073,111.7979126,245,-12.99813461,
245.9299927,-15.81566238,366,114.6796722,346,97.72608948,386,116.7162628,245.9299927,-13.90006065,
247.0299988,-16.2365303,367.0700073,120.3230743,347.0700073,103.7227173,387.0700073,123.8903656,247.0299988,-13.78504944,
247.9600067,-15.47966766,368,126.0414581,348,107.5460663,388,129.3439484,247.9600067,-13.03465271,
249.0599976,-15.54810333,369.0700073,133.0524902,349.0700073,112.3413849,389.0700073,134.5538635,249.0599976,-12.84321785,
250,-15.74845123,370,134.4547424,350,115.3770294,390,137.9653015,250,-12.96438217,
250.9299927,-15.17351151,371.0700073,139.4849396,351.0700073,119.3920746,391.0700073,145.5305939,250.9299927,-13.00924683,
252.0299988,-14.40768623,372,146.8412476,352,123.0272827,392,148.5943298,252.0299988,-11.55420876,
252.9600067,-13.22686577,373.0700073,146.8582458,353.0700073,127.9111328,393.0700073,154.6458435,252.9600067,-11.38303375,
254.0599976,-13.197855,374,154.2276306,354,132.4223328,394,154.6878662,254.0599976,-11.17517471,
255,-12.26355934,375.0700073,158.1149139,355.0700073,134.1553192,395.0700073,158.4721832,255,-11.53860283,
255.9299927,-11.87232208,376,163.6528931,356,137.1984406,396,161.0176086,255.9299927,-10.75554657,
257.0299988,-12.0661068,377.0700073,165.6012115,357.0700073,144.2551422,397.0700073,166.5871582,257.0299988,-9.936244965,
257.9599915,-11.54367638,378,170.0533752,358,146.0610504,398,168.914093,257.9599915,-10.65494156,
259.0599976,-12.2477932,379.0700073,181.0142212,359.0700073,148.7490692,399.0700073,174.1860504,259.0599976,-10.20705795,
260,-11.21528625,380,181.6788788,360,155.1560211,400,175.5533142,260,-10.30763817,
260.9299927,-13.1139431,381.0700073,183.1090851,361.0700073,159.3642426,401.0700073,178.2012939,260.9299927,-11.44395828,
262.0299988,-11.59887314,382,191.1790161,362,159.6975861,402,178.5126038,262.0299988,-10.86665154,
262.9599915,-12.10270691,383.0700073,192.2403107,363.0700073,165.4549561,403.0700073,183.6304016,262.9599915,-11.18175125,
264.0599976,-11.41964149,384,196.6821442,364,169.4394989,404,188.4231567,264.0599976,-10.75308418,
265,-11.8660717,385.0700073,198.3439026,365.0700073,170.498764,405.0700073,189.7202759,265,-10.341465,
265.9299927,-10.28800774,386,200.4592743,366,173.6868134,406,193.2201996,265.9299927,-10.96727371,
267.0299988,-10.47117996,387.0700073,207.2975311,367.0700073,179.7523651,407.0700073,192.3098755,267.0299988,-11.08444405,
267.9599915,-10.86322403,388,210.6750793,368,181.6223145,408,195.747879,267.9599915,-11.74835777,
269.0599976,-12.55889702,389.0700073,212.984375,369.0700073,182.4050903,409.0700073,195.3973694,269.0599976,-12.19602394,
270,-13.47876167,390,212.8257599,370,184.9079285,410,197.3513489,270,-13.02684212,
271.0700073,-14.47768784,391.0700073,215.3416901,371.0700073,187.6913452,411.0599976,200.9017487,271.0700073,-14.10891533,
272,-14.35828972,392,218.6080017,372,187.1111145,411.9599915,200.1993713,272,-14.26236153,
273.0700073,-14.62537575,393.0700073,222.8831177,373.0700073,190.3764496,413.0299988,205.9666138,273.0700073,-14.86544228,
274,-15.71809387,394,222.4395752,374,192.63797,413.9299927,203.7151642,274,-16.0694313,
275.0700073,-16.51426506,395.0700073,221.6893616,375.0700073,191.6313629,415,207.1003418,275.0700073,-17.17371941,
276,-17.16611481,396,222.5156555,376,194.3973083,416.0599976,202.9713898,276,-17.46497917,
277.0700073,-17.49406815,397.0700073,223.5530396,377.0700073,193.5782776,416.9599915,208.9681244,277.0700073,-16.96920776,
278,-14.57926559,398,222.7027283,378,198.2084808,418.0299988,206.9157104,278,-14.98487854,
279.0700073,-9.881849289,399.0700073,223.0812073,379.0700073,199.2445831,418.9299927,207.7338104,279.0700073,-10.43414307,
280,-3.242351532,400,231.8748169,380,199.511322,420,206.4453735,280,-6.194929123,
280.9299927,2.866046906,401.0700073,227.3775635,381.0700073,200.7253265,421.0700073,204.0751648,280.9299927,1.589347839,
282.0299988,12.76591492,402,227.2366943,382,200.5487366,422,204.6557465,282.0299988,9.809101105,
282.9599915,21.9453125,403.0700073,229.5835266,383.0700073,203.1649017,423.0700073,206.8143616,282.9599915,18.33768463,
284.0599976,33.03815079,404,227.8771973,384,204.111496,424,203.317215,284.0599976,27.98323441,
285,43.43149948,405.0700073,225.2989502,385.0700073,203.660141,425.0700073,202.0418854,285,35.91638565,
285.9299927,50.57899094,406,226.9768677,386,204.2699432,426,201.0991516,285.9299927,43.14017868,
287.0299988,59.94198227,407.0700073,226.0823364,387.0700073,203.8165283,427.0700073,198.3166046,287.0299988,51.01367569,
287.9599915,65.48934937,408,225.487793,388,201.5896454,428,197.0589905,287.9599915,57.74367142,
289.0599976,73.67977905,409.0700073,222.6758118,389.0700073,202.7841797,429.0700073,198.1651001,289.0599976,63.53572464,
290,80.50721741,410,222.98172,390,200.5050964,430,190.7743073,290,67.64630127,
290.9299927,85.05758667,411.0599976,222.6151733,391.0700073,204.401474,431.0599976,195.352356,290.9299927,75.16798401,
292.0299988,91.94140625,411.9599915,224.1471558,392,202.5305176,431.9599915,189.7050018,292.0299988,79.31872559,
292.9599915,99.48181152,413.0299988,218.451004,393.0700073,201.9533081,433.0299988,187.6261444,292.9599915,85.28494263,
294.0599976,104.5314636,413.9299927,216.2998047,394,201.8022308,433.9299927,186.6453247,294.0599976,88.97953796,
295,111.117157,415,215.1894684,395.0700073,199.7049408,435,187.0004425,295,94.28570557,
295.9299927,116.6565094,416.0599976,217.6362152,396,195.4118805,436.0599976,181.269516,295.9299927,99.28373718,
297.0299988,121.6510162,416.9599915,212.0409088,397.0700073,197.055069,436.9599915,179.1498871,297.0299988,105.6107635,
297.9599915,123.9147339,418.0299988,209.0089264,398,195.294281,438.0299988,178.2882843,297.9599915,108.0419159,
299.0599976,128.6098022,418.9299927,207.9071808,399.0700073,195.0404816,438.9299927,175.7980652,299.0599976,113.5178833,
300,134.3702545,420,209.6431122,400,194.2160645,440,170.5314484,300,117.2166901,
301.0700073,137.7825928,421.0700073,207.1202698,401.0700073,192.2777557,441.0599976,169.8847046,301.0700073,121.2870331,
302,142.7042847,422,200.5641022,402,191.7246399,441.9599915,169.1071472,302,122.0332489,
303.0700073,147.1398621,423.0700073,199.9702911,403.0700073,190.003479,443.0299988,165.8488617,303.0700073,130.2369537,
304,148.2161865,424,197.1333618,404,187.1753845,443.9299927,163.9618378,304,131.5477295,
305.0700073,157.6022034,425.0700073,194.5612946,405.0700073,188.2176056,445,162.4887848,305.0700073,136.3188782,
306,159.7202148,426,190.7384644,406,188.3126221,446.0599976,160.0022736,306,140.2193146,
307.0700073,165.227005,427.0700073,188.9335175,407.0700073,181.3580475,446.9599915,157.816452,307.0700073,142.8491516,
308,168.288269,428,183.1428833,408,181.9254456,448.0299988,153.0026398,308,149.1770935,
309.0700073,172.7988586,429.0700073,180.5378723,409.0700073,182.7203674,448.9299927,155.5077362,309.0700073,153.2524567,
310,179.3190613,430,177.1779327,410,179.7379303,450,153.6348724,310,154.5234985,
311.0700073,184.9821472,431.0599976,173.0799255,411.0599976,178.1138916,451.0599976,150.8078156,311.0700073,159.921875,
312,186.4774933,431.9599915,172.4859161,411.9599915,176.831543,451.9599915,149.344635,312,163.7678375,
313.0700073,188.915741,433.0299988,167.6425781,413.0299988,175.0058136,453.0299988,147.0059052,313.0700073,166.9356689,
314,191.1603394,433.9299927,165.9476013,413.9299927,170.8396149,453.9299927,142.8151703,314,166.9823761,
315.0700073,193.9797363,435,160.7693176,415,169.3745422,455,142.8076782,315.0700073,169.4532623,
316,197.5009003,436.0599976,160.1810608,416.0599976,169.1919556,456.0599976,141.286911,316,175.7224884,
317.0700073,200.3530426,436.9599915,154.0092926,416.9599915,166.1791077,456.9599915,139.8316193,317.0700073,175.7915649,
318,203.7488708,438.0299988,152.5348969,418.0299988,165.3076172,458.0299988,136.8123322,318,183.3219452,
319.0700073,204.0963593,438.9299927,151.1507874,418.9299927,161.5793762,458.9299927,132.734848,319.0700073,184.4350128,
320,208.8817139,440,145.0111084,420,160.8123779,460,132.0719452,320,186.0755615,
320.9299927,210.0935516,441.0599976,144.3624878,421.0700073,158.7421722,461.0599976,132.4831543,320.9299927,189.7110901,
322.0299988,215.5173187,441.9599915,142.5573273,422,158.4752045,461.9599915,131.9336853,322.0299988,191.1000061,
322.9599915,217.7623291,443.0299988,138.2959137,423.0700073,156.2515717,463.0299988,127.1568909,322.9599915,197.5919495,
324.0599976,217.059082,443.9299927,137.5005646,424,153.3016357,463.9299927,123.9835815,324.0599976,201.3491364,
325,217.1251831,445,134.4400177,425.0700073,148.6907654,465,122.6744843,325,203.1253967,
325.9299927,221.4052429,446.0599976,130.1247711,426,146.0655365,466.0599976,118.8158875,325.9299927,204.2263641,
327.0299988,222.7514343,446.9599915,128.1410065,427.0700073,145.268631,466.9599915,118.0187836,327.0299988,210.7664032,
327.9599915,220.2451477,448.0299988,126.7691803,428,146.0328674,468.0299988,114.7531433,327.9599915,208.0786896,
329.0599976,220.6304321,448.9299927,126.5388489,429.0700073,139.7658997,468.9299927,113.5464478,329.0599976,215.0223694,
330,224.5695496,450,123.8676147,430,139.5437775,470,111.9158173,330,215.7953949,
331.0700073,228.1073608,451.0599976,121.282135,431.0599976,135.9367828,471.0599976,108.8903961,331.0700073,218.0452271,
332,219.0736389,451.9599915,117.3875122,431.9599915,132.6851654,471.9599915,106.5930481,332,216.7789307,
333.0700073,225.0869751,453.0299988,115.4934082,433.0299988,131.5734406,473.0299988,104.3835144,333.0700073,219.5951843,
334,222.9872437,453.9299927,111.8323669,433.9299927,129.3935852,473.9299927,101.0866547,334,220.8082581,
335.0700073,219.9057312,455,112.9779663,435,125.4509277,475,102.2879181,335.0700073,222.1817322,
336,217.5571442,456.0599976,110.8061066,436.0599976,123.8716736,476.0599976,97.02281189,336,223.7067261,
337.0700073,213.6123047,456.9599915,106.7392426,436.9599915,121.6725311,476.9599915,97.30308533,337.0700073,221.5012512,
338,208.3292236,458.0299988,105.7933044,438.0299988,118.8271484,478.0299988,92.36282349,338,219.4345551,
339.0700073,210.7797241,458.9299927,102.7663574,438.9299927,116.9947357,478.9299927,91.46388245,339.0700073,221.8249817,
340,204.0214233,460,99.63136292,440,115.7042542,480,89.5342865,340,220.6296539,
341.0700073,200.8903503,461.0599976,99.3709259,441.0599976,112.6522675,481.0599976,86.58543396,341.0700073,219.5652618,
342,197.063385,461.9599915,99.19799805,441.9599915,110.598587,481.9599915,86.20082092,342,218.2859192,
343.0700073,191.5771179,463.0299988,96.30497742,443.0299988,108.3692627,483.0299988,86.72131348,343.0700073,219.5602875,
344,191.7602539,463.9299927,93.3449707,443.9299927,108.0609589,483.9299927,80.06625366,344,213.2433167,
345.0700073,187.1597595,465,92.72569275,445,105.1442719,485,81.80786133,345.0700073,209.7849579,
346,182.6405945,466.0599976,89.65901184,446.0599976,102.5796509,486.0599976,77.87153625,346,209.2776947,
347.0700073,177.9122925,466.9599915,87.71859741,446.9599915,102.0558472,486.9599915,76.08738708,347.0700073,205.9523468,
348,168.9414673,468.0299988,86.82705688,448.0299988,100.555191,488.0299988,73.50881958,348,200.476593,
349.0700073,163.3896484,468.9299927,83.62461853,448.9299927,99.39907837,488.9299927,73.07954407,349.0700073,196.1208801,
350,156.6171722,470,79.82077026,450,98.41574097,490,71.94200134,350,193.1620178,
351.0700073,151.7601624,471.0599976,78.13265991,451.0599976,97.01850891,491.0400085,68.91438293,351.0700073,189.9671631,
352,147.1320038,471.9599915,76.60360718,451.9599915,94.75762939,491.9400024,67.39431763,352,185.1617737,
353.0700073,140.5079956,473.0299988,74.48635864,453.0299988,95.75216675,492.980011,65.23609924,353.0700073,179.8801422,
354,135.7401886,473.9299927,72.91273499,453.9299927,89.81817627,494.019989,61.23595047,354,176.1034393,
355.0700073,129.9109192,475,72.08694458,455,90.80204773,495.0700073,60.95650864,355.0700073,172.7671967,
356,127.3582001,476.0599976,67.74604797,456.0599976,90.95127869,495.9700012,61.23794937,356,167.4433899,
357.0700073,120.7873383,476.9599915,69.57055664,456.9599915,87.67741394,497.0100098,58.90372086,357.0700073,164.0779114,
358,113.2919312,478.0299988,65.95925903,458.0299988,87.59362793,498.0499878,59.1150322,358,157.0030212,
359.0700073,106.8666077,478.9299927,66.30895996,458.9299927,87.33276367,498.9500122,56.1690712,359.0700073,151.3601379,
360,101.889801,480,61.22185135,460,84.00653076,500,54.02997971,360,149.0582886,
361.0700073,95.15286255,481.0599976,61.73099136,461.0599976,83.50569153,501.0400085,51.29702377,361.0700073,145.3873138,
362,89.94203186,481.9599915,60.72053909,461.9599915,81.4992981,501.9400024,52.47585678,362,139.8054962,
363.0700073,85.32269287,483.0299988,56.10026169,463.0299988,79.03971863,502.980011,50.03739548,363.0700073,135.3516846,
364,80.92549133,483.9299927,58.27287674,463.9299927,76.93753052,504.019989,49.12417984,364,131.9053345,
365.0700073,73.22479248,485,54.6712532,465,77.44425964,505.0700073,48.01643753,365.0700073,126.911911,
366,68.90055847,486.0599976,52.46578598,466.0599976,75.40106201,505.9700012,46.65547562,366,121.5339966,
367.0700073,61.71678543,486.9599915,50.18986893,466.9599915,75.9808197,507.0100098,46.50741959,367.0700073,116.2231903,
368,56.53815079,488.0299988,49.80678177,468.0299988,72.71507263,508.0499878,44.27526474,368,111.9048157,
369.0700073,51.49472427,488.9299927,48.06137466,468.9299927,71.06277466,508.9500122,42.92686081,369.0700073,108.4573364,
370,47.24780655,490,45.59992599,470,70.70558167,510,41.41584778,370,105.5121765,
371.0700073,41.72638321,491.0400085,46.08856583,471.0599976,69.61109924,511.0599976,39.86715698,371.0700073,100.3885193,
372,39.03068161,491.9400024,42.63818741,471.9599915,66.15879822,511.9599915,37.28775787,372,96.58033752,
373.0700073,32.46819687,492.980011,40.06666946,473.0299988,68.58070374,513.0300293,37.61561966,373.0700073,89.76409912,
374,28.52694321,494.019989,43.08302689,473.9299927,66.2297821,513.9299927,36.85689545,374,83.9026947,
375.0700073,26.06238556,495.0700073,39.95306778,475,62.79520798,515,34.95762253,375.0700073,79.1459198,
376,22.38571167,495.9700012,39.99663162,476.0599976,62.4777565,516.0599976,33.45769119,376,75.16940308,
377.0700073,17.44739914,497.0100098,37.76980209,476.9599915,62.54846573,516.960022,33.12085724,377.0700073,70.61531067,
378,17.42938614,498.0499878,37.10223007,478.0299988,60.2183876,518.0300293,31.75551605,378,67.02734375,
379.0700073,12.98230362,498.9500122,34.127285,478.9299927,59.99241257,518.9299927,30.10076141,379.0700073,63.16727066,
380,9.482692719,500,32.53420639,480,57.2841301,520,29.77516174,380,58.9721489,
381.0700073,6.140216827,501.0400085,30.51653671,481.0599976,55.34210587,521.039978,27.60667801,381.0700073,53.41453934,
382,4.127449036,501.9400024,31.77529526,481.9599915,55.05804825,521.9400024,27.22259521,382,50.49037552,
383.0700073,0.3376541138,502.980011,28.47055435,483.0299988,53.91459274,522.9799805,26.05611038,383.0700073,47.50511551,
384,-2.282718658,504.019989,26.84700394,483.9299927,53.33246994,524.0200195,26.81739044,384,42.85596085,
385.0700073,-4.923768997,505.0700073,27.84285355,485,51.26722336,525.0700073,25.45063782,385.0700073,39.58993149,
386,-6.600349426,505.9700012,25.86450958,486.0599976,50.92746353,525.9699707,23.57833481,386,36.91382217,
387.0700073,-9.013336182,507.0100098,26.49497986,486.9599915,49.06069565,527.0100098,22.4202919,387.0700073,32.81603622,
388,-10.51301575,508.0499878,22.74478149,488.0299988,49.54652023,528.0499878,21.06694412,388,31.29410934,
389.0700073,-13.00748634,508.9500122,21.64381409,488.9299927,46.40868759,528.9500122,20.07153702,389.0700073,26.70042801,
390,-14.10829544,510,21.9095726,490,47.73034286,530,19.02672195,390,23.18491364,
,,511.0599976,19.80448532,491.0400085,45.97992325,531.039978,18.88253403,391.0599976,21.80509567,
,,511.9599915,19.76068878,491.9400024,44.58441544,531.9400024,18.03647232,391.9599915,19.41347885,
,,513.0300293,17.90116501,492.980011,43.94440079,532.9799805,17.50863266,393.0299988,17.15010452,
,,513.9299927,17.30662537,494.019989,42.7314949,534.0200195,16.59005356,393.9299927,14.68771744,
,,515,14.72725677,495.0700073,40.8482399,535.0700073,15.52200317,395,11.43083954,
,,516.0599976,14.52800369,495.9700012,39.42758942,535.9699707,14.73724747,396.0599976,8.724449158,
,,516.960022,13.3140564,497.0100098,38.19802094,537.0100098,13.9873085,396.9599915,6.823154449,
,,518.0300293,12.10297012,498.0499878,37.90945816,538.0499878,14.00969696,398.0299988,3.987995148,
,,518.9299927,12.84406662,498.9500122,37.11923218,538.9500122,13.50273895,398.9299927,2.638237,
,,520,12.2908783,500,36.29606247,540,13.07412338,400,0.3686714172,
,,521.039978,11.40822601,501.0400085,35.47846603,541.0200195,11.02331161,401.0700073,-1.971382141,
,,521.9400024,8.880767822,501.9400024,33.71245575,542.0499878,10.894207,402,-3.686174393,
,,522.9799805,9.367145538,502.980011,33.43104553,542.9400024,10.74707413,403.0700073,-6.170091629,
,,524.0200195,8.028442383,504.019989,33.27257156,543.9699707,9.267637253,404,-6.856616974,
,,525.0700073,7.005138397,505.0700073,32.31895828,545,8.209699631,405.0700073,-8.6463871,
,,525.9699707,6.951263428,505.9700012,29.5139122,546.0200195,8.175617218,406,-10.05399132,
,,527.0100098,5.014305115,507.0100098,30.22710419,547.0499878,6.524765015,407.0700073,-10.79947281,
,,528.0499878,4.310375214,508.0499878,28.90969849,547.9400024,6.601827621,,,
,,528.9500122,3.540882111,508.9500122,27.49359894,548.9699707,6.663814545,,,
,,530,3.192874908,510,28.4120636,550,6.501653671,,,
,,531.039978,1.842220306,511.0599976,25.66767883,551.039978,5.495082855,,,
,,531.9400024,0.7403526306,511.9599915,26.62796021,551.9400024,4.103330612,,,
,,532.9799805,0.3660202026,513.0300293,25.78807831,552.9799805,4.431440353,,,
,,534.0200195,1.668598175,513.9299927,24.23419189,554.0200195,3.536691666,,,
,,535.0700073,-0.08557510376,515,23.25402451,555.0700073,3.152339935,,,
,,535.9699707,-1.703239441,516.0599976,21.95261002,555.9699707,2.39572525,,,
,,537.0100098,-1.430366516,516.960022,21.52794647,557.0100098,2.733098984,,,
,,538.0499878,-2.975570679,518.0300293,20.78048325,558.0499878,0.9804096222,,,
,,538.9500122,-3.987766266,518.9299927,20.43940735,558.9500122,1.136238098,,,
,,540,-2.503101349,520,20.15076065,560,0.7597026825,,,
,,541.0200195,-4.169948578,521.039978,19.27610016,561.039978,-0.5285549164,,,
,,542.0499878,-4.957424164,521.9400024,19.02473831,561.9400024,-0.224647522,,,
,,542.9400024,-4.383495331,522.9799805,17.30442047,562.9799805,-1.205257416,,,
,,543.9699707,-7.163103104,524.0200195,16.5656662,564.0200195,-0.5039100647,,,
,,545,-5.960559845,525.0700073,16.27267456,565.0700073,-1.248872757,,,
,,546.0200195,-7.468040466,525.9699707,14.31939697,565.9699707,-0.5326461792,,,
,,547.0499878,-7.915632248,527.0100098,15.63760376,567.0100098,-2.349981308,,,
,,547.9400024,-8.636619568,528.0499878,14.88192368,568.0499878,-3.444393158,,,
,,548.9699707,-9.164489746,528.9500122,13.72275162,568.9500122,-2.572292328,,,
,,550,-8.47290802,530,11.98622894,570,-3.745773315,,,
,,551.039978,-10.62153053,531.039978,12.70562363,571.0200195,-3.641672134,,,
,,551.9400024,-9.820741653,531.9400024,11.91576385,572.0499878,-3.365875244,,,
,,552.9799805,-12.62716866,532.9799805,11.76501846,572.9400024,-4.304849625,,,
,,554.0200195,-11.1042614,534.0200195,11.45750427,573.9699707,-5.728668213,,,
,,555.0700073,-11.96405983,535.0700073,9.667156219,575,-6.174127579,,,
,,555.9699707,-12.57864571,535.9699707,9.242372513,576.0200195,-5.750200272,,,
,,557.0100098,-13.11493492,537.0100098,8.121282578,577.0499878,-5.437419891,,,
,,558.0499878,-13.56556892,538.0499878,8.000478745,577.9400024,-5.485069275,,,
,,558.9500122,-13.76847076,538.9500122,8.668552399,578.9699707,-6.824914932,,,
,,560,-15.27675438,540,6.286794662,580,-7.430400848,,,
,,561.039978,-13.51673126,541.0200195,7.215702057,581.0200195,-6.498614311,,,
,,561.9400024,-14.14869118,542.0499878,6.625516891,582.0499878,-7.302098274,,,
,,562.9799805,-14.19914246,542.9400024,5.652650833,582.9400024,-7.775993347,,,
,,564.0200195,-16.28777504,543.9699707,6.365036011,583.9699707,-7.358101845,,,
,,565.0700073,-16.46007729,545,5.128780365,585,-7.246850967,,,
,,565.9699707,-16.19071198,546.0200195,4.046977997,586.0200195,-8.461373329,,,
,,567.0100098,-16.48534012,547.0499878,3.475933075,587.0499878,-8.656983376,,,
,,568.0499878,-17.78490829,547.9400024,2.076622009,587.9400024,-8.569348335,,,
,,568.9500122,-16.49114037,548.9699707,2.896331787,588.9699707,-9.284508705,,,
,,570,-18.27515793,550,2.133838654,590,-9.034842491,,,
,,571.0200195,-19.39871407,551.039978,2.837608337,591.0200195,-10.10887909,,,
,,572.0499878,-17.50959206,551.9400024,1.445875168,592.0499878,-9.648439407,,,
,,572.9400024,-19.03493309,552.9799805,0.3479137421,592.9400024,-9.935805321,,,
,,573.9699707,-19.62386703,554.0200195,0.3045806885,593.9699707,-10.61718941,,,
,,575,-19.40797043,555.0700073,-0.4543075562,595,-10.51166916,,,
,,576.0200195,-20.39956665,555.9699707,-0.9146022797,596.0200195,-10.72190475,,,
,,577.0499878,-20.39182091,557.0100098,-0.7093925476,597.0499878,-11.02912617,,,
,,577.9400024,-20.69349289,558.0499878,-1.263711929,597.9400024,-10.99190426,,,
,,578.9699707,-20.85715675,558.9500122,-1.703504562,598.9699707,-10.96618557,,,
,,580,-20.60578537,560,-2.556095123,600,-11.30792618,,,
,,581.0200195,-21.26076698,561.039978,-1.365673065,,,,,
,,582.0499878,-20.87517166,561.9400024,-2.767522812,,,,,
,,582.9400024,-21.7747345,562.9799805,-3.335266113,,,,,
,,583.9699707,-22.04567337,564.0200195,-3.086425781,,,,,
,,585,-22.34738541,565.0700073,-3.800947189,,,,,
,,586.0200195,-22.51733971,565.9699707,-3.830591202,,,,,
,,587.0499878,-22.73882484,567.0100098,-4.561004639,,,,,
,,587.9400024,-22.70307159,568.0499878,-4.453937531,,,,,
,,588.9699707,-22.82140732,568.9500122,-5.236591339,,,,,
,,590,-23.76111221,570,-5.627912521,,,,,
,,591.0200195,-23.25729752,571.0200195,-6.037153244,,,,,
,,592.0499878,-23.78416824,572.0499878,-6.012086868,,,,,
,,592.9400024,-24.52655411,572.9400024,-6.060426712,,,,,
,,593.9699707,-24.65452957,573.9699707,-7.13949585,,,,,
,,595,-24.5013504,575,-7.391160965,,,,,
,,596.0200195,-24.50627136,576.0200195,-7.295912743,,,,,
,,597.0499878,-25.71245575,577.0499878,-7.837121964,,,,,
,,597.9400024,-25.05335045,577.9400024,-8.16324234,,,,,
,,598.9699707,-25.66426849,578.9699707,-7.198570251,,,,,
,,600,-26.16729927,580,-8.551808357,,,,,
,,,,581.0200195,-8.390442848,,,,,
,,,,582.0499878,-9.072755814,,,,,
,,,,582.9400024,-9.33010006,,,,,
,,,,583.9699707,-9.035825729,,,,,
,,,,585,-9.428538322,,,,,
,,,,586.0200195,-9.627501488,,,,,
,,,,587.0499878,-10.31897831,,,,,
,,,,587.9400024,-10.7103672,,,,,
,,,,588.9699707,-10.43019009,,,,,
,,,,590,-10.52837467,,,,,
,,,,591.0200195,-11.30504036,,,,,
,,,,592.0499878,-10.21246243,,,,,
,,,,592.9400024,-11.41916275,,,,,
,,,,593.9699707,-11.64927959,,,,,
,,,,595,-12.26302338,,,,,
,,,,596.0200195,-12.24027634,,,,,
,,,,597.0499878,-12.05434704,,,,,
,,,,597.9400024,-12.35036373,,,,,
,,,,598.9699707,-12.93505096,,,,,
,,,,600,-12.21766853,,,,,

CdS 10sec ODE2 Toluene1 em400,
CdS 10sec ODE2 Toluene1 em400
Collection Time: 8/19/2022 12:23:14 PM
Operator Name  :
Scan Software Version: 1.1(132)
Parameter List :
Instrument                        Cary Eclipse
Instrument Serial Number          E08013467
Data mode                         Fluorescence
Scan mode                         Excitation
X Mode                            Wavelength (nm)
Start (nm)                        220.00
Stop (nm)                         390.00
Em. Wavelength (nm)               400.00
Ex. Slit (nm)                     5
Em. Slit (nm)                     5
Scan rate (nm/min)                600.00
Data interval (nm)                1.0000
Averaging Time (s)                0.1000
Excitation filter                 Auto
Emission filter                   Open
PMT voltage (V)                   Medium
Corrected spectra                 OFF
Method Log     :
Method Name    : Default
Date/Time stamp: 8/19/2022 12:21:40 PM
Method Modifications:
Zero Mode Changed: 8/19/2022 1:01:28 PM, Old:OFF, New:Reading
Zero Mode Changed: 8/19/2022 1:01:28 PM, Old:Reading, New:ON
Excitation Wavelength Changed: 8/19/2022 1:04:17 PM, Old: 350.00, New: 284.00
Emission Wavelength Changed: 8/19/2022 1:04:17 PM, Old: 400.00, New: 300.00
Stop Wavelength Changed: 8/19/2022 1:04:17 PM, Old: 600.00, New: 550.00
Zero Mode Changed: 8/19/2022 1:04:20 PM, Old:ON, New:Reading
Zero Mode Changed: 8/19/2022 1:04:20 PM, Old:Reading, New:ON
Emission Wavelength Changed: 8/19/2022 1:05:41 PM, Old: 300.00, New: 290.00
Zero Mode Changed: 8/19/2022 1:05:43 PM, Old:ON, New:Reading
Zero Mode Changed: 8/19/2022 1:05:43 PM, Old:Reading, New:ON
Scan mode: Changed: 8/19/2022 1:07:20 PM, Old:Emission, New:Excitation
Excitation Wavelength Changed: 8/19/2022 1:07:20 PM, Old: 284.00, New: 220.00
Emission Wavelength Changed: 8/19/2022 1:07:20 PM, Old: 290.00, New: 330.00
Stop Wavelength Changed: 8/19/2022 1:07:20 PM, Old: 550.00, New: 320.00
Zero Mode Changed: 8/19/2022 1:07:23 PM, Old:ON, New:Reading
Zero Mode Changed: 8/19/2022 1:07:24 PM, Old:Reading, New:ON
Scan mode: Changed: 8/19/2022 1:09:00 PM, Old:Excitation, New:Emission
Excitation Wavelength Changed: 8/19/2022 1:09:00 PM, Old: 220.00, New: 287.00
Emission Wavelength Changed: 8/19/2022 1:09:00 PM, Old: 330.00, New: 297.00
Stop Wavelength Changed: 8/19/2022 1:09:00 PM, Old: 320.00, New: 550.00
Zero Mode Changed: 8/19/2022 1:09:02 PM, Old:ON, New:Reading
Zero Mode Changed: 8/19/2022 1:09:03 PM, Old:Reading, New:ON
Excitation Wavelength Changed: 8/19/2022 1:10:13 PM, Old: 287.00, New: 300.00
Emission Wavelength Changed: 8/19/2022 1:10:13 PM, Old: 297.00, New: 310.00
Zero Mode Changed: 8/19/2022 1:10:15 PM, Old:ON, New:Reading
Zero Mode Changed: 8/19/2022 1:10:15 PM, Old:Reading, New:ON
Overlayed Graphs Changed: 8/19/2022 1:12:23 PM, Old:OFF, New:ON
Scan mode: Changed: 8/19/2022 1:13:08 PM, Old:Emission, New:Excitation
Excitation Wavelength Changed: 8/19/2022 1:13:08 PM, Old: 300.00, New: 220.00
Emission Wavelength Changed: 8/19/2022 1:13:08 PM, Old: 310.00, New: 350.00
Stop Wavelength Changed: 8/19/2022 1:13:08 PM, Old: 550.00, New: 340.00
Zero Mode Changed: 8/19/2022 1:13:11 PM, Old:ON, New:Reading
Zero Mode Changed: 8/19/2022 1:13:12 PM, Old:Reading, New:ON
Emission Wavelength Changed: 8/19/2022 12:22:43 PM, Old: 350.00, New: 400.00
Stop Wavelength Changed: 8/19/2022 12:22:43 PM, Old: 340.00, New: 390.00
Zero Mode Changed: 8/19/2022 12:22:45 PM, Old:ON, New:Reading
Zero Mode Changed: 8/19/2022 12:22:45 PM, Old:Reading, New:ON
End Method Modifications

CdS 10sec ODE2 Toluene1 ex330,
CdS 10sec ODE2 Toluene1 ex330
Collection Time: 8/19/2022 12:27:25 PM
Operator Name  :
Scan Software Version: 1.1(132)
Parameter List :
Instrument                        Cary Eclipse
Instrument Serial Number          E08013467
Data mode                         Fluorescence
Scan mode                         Emission
X Mode                            Wavelength (nm)
Start (nm)                        340.00
Stop (nm)                         600.00
Ex. Wavelength (nm)               330.00
Ex. Slit (nm)                     5
Em. Slit (nm)                     5
Scan rate (nm/min)                600.00
Data interval (nm)                1.0000
Averaging Time (s)                0.1000
Excitation filter                 Auto
Emission filter                   Open
PMT voltage (V)                   Medium
Corrected spectra                 OFF
Method Log     :
Method Name    : Default
Date/Time stamp: 8/19/2022 12:21:40 PM
Method Modifications:
Zero Mode Changed: 8/19/2022 1:01:28 PM, Old:OFF, New:Reading
Zero Mode Changed: 8/19/2022 1:01:28 PM, Old:Reading, New:ON
Excitation Wavelength Changed: 8/19/2022 1:04:17 PM, Old: 350.00, New: 284.00
Emission Wavelength Changed: 8/19/2022 1:04:17 PM, Old: 400.00, New: 300.00
Stop Wavelength Changed: 8/19/2022 1:04:17 PM, Old: 600.00, New: 550.00
Zero Mode Changed: 8/19/2022 1:04:20 PM, Old:ON, New:Reading
Zero Mode Changed: 8/19/2022 1:04:20 PM, Old:Reading, New:ON
Emission Wavelength Changed: 8/19/2022 1:05:41 PM, Old: 300.00, New: 290.00
Zero Mode Changed: 8/19/2022 1:05:43 PM, Old:ON, New:Reading
Zero Mode Changed: 8/19/2022 1:05:43 PM, Old:Reading, New:ON
Scan mode: Changed: 8/19/2022 1:07:20 PM, Old:Emission, New:Excitation
Excitation Wavelength Changed: 8/19/2022 1:07:20 PM, Old: 284.00, New: 220.00
Emission Wavelength Changed: 8/19/2022 1:07:20 PM, Old: 290.00, New: 330.00
Stop Wavelength Changed: 8/19/2022 1:07:20 PM, Old: 550.00, New: 320.00
Zero Mode Changed: 8/19/2022 1:07:23 PM, Old:ON, New:Reading
Zero Mode Changed: 8/19/2022 1:07:24 PM, Old:Reading, New:ON
Scan mode: Changed: 8/19/2022 1:09:00 PM, Old:Excitation, New:Emission
Excitation Wavelength Changed: 8/19/2022 1:09:00 PM, Old: 220.00, New: 287.00
Emission Wavelength Changed: 8/19/2022 1:09:00 PM, Old: 330.00, New: 297.00
Stop Wavelength Changed: 8/19/2022 1:09:00 PM, Old: 320.00, New: 550.00
Zero Mode Changed: 8/19/2022 1:09:02 PM, Old:ON, New:Reading
Zero Mode Changed: 8/19/2022 1:09:03 PM, Old:Reading, New:ON
Excitation Wavelength Changed: 8/19/2022 1:10:13 PM, Old: 287.00, New: 300.00
Emission Wavelength Changed: 8/19/2022 1:10:13 PM, Old: 297.00, New: 310.00
Zero Mode Changed: 8/19/2022 1:10:15 PM, Old:ON, New:Reading
Zero Mode Changed: 8/19/2022 1:10:15 PM, Old:Reading, New:ON
Overlayed Graphs Changed: 8/19/2022 1:12:23 PM, Old:OFF, New:ON
Scan mode: Changed: 8/19/2022 1:13:08 PM, Old:Emission, New:Excitation
Excitation Wavelength Changed: 8/19/2022 1:13:08 PM, Old: 300.00, New: 220.00
Emission Wavelength Changed: 8/19/2022 1:13:08 PM, Old: 310.00, New: 350.00
Stop Wavelength Changed: 8/19/2022 1:13:08 PM, Old: 550.00, New: 340.00
Zero Mode Changed: 8/19/2022 1:13:11 PM, Old:ON, New:Reading
Zero Mode Changed: 8/19/2022 1:13:12 PM, Old:Reading, New:ON
Emission Wavelength Changed: 8/19/2022 12:22:43 PM, Old: 350.00, New: 400.00
Stop Wavelength Changed: 8/19/2022 12:22:43 PM, Old: 340.00, New: 390.00
Zero Mode Changed: 8/19/2022 12:22:45 PM, Old:ON, New:Reading
Zero Mode Changed: 8/19/2022 12:22:45 PM, Old:Reading, New:ON
Scan mode: Changed: 8/19/2022 12:27:15 PM, Old:Excitation, New:Emission
Excitation Wavelength Changed: 8/19/2022 12:27:15 PM, Old: 220.00, New: 330.00
Emission Wavelength Changed: 8/19/2022 12:27:15 PM, Old: 400.00, New: 340.00
Stop Wavelength Changed: 8/19/2022 12:27:15 PM, Old: 390.00, New: 600.00
End Method Modifications

CdS 10sec ODE2 Toluene1 ex310,
CdS 10sec ODE2 Toluene1 ex310
Collection Time: 8/19/2022 12:30:40 PM
Operator Name  :
Scan Software Version: 1.1(132)
Parameter List :
Instrument                        Cary Eclipse
Instrument Serial Number          E08013467
Data mode                         Fluorescence
Scan mode                         Emission
X Mode                            Wavelength (nm)
Start (nm)                        320.00
Stop (nm)                         600.00
Ex. Wavelength (nm)               310.00
Ex. Slit (nm)                     5
Em. Slit (nm)                     5
Scan rate (nm/min)                600.00
Data interval (nm)                1.0000
Averaging Time (s)                0.1000
Excitation filter                 Auto
Emission filter                   Open
PMT voltage (V)                   Medium
Corrected spectra                 OFF
Method Log     :
Method Name    : Default
Date/Time stamp: 8/19/2022 12:21:40 PM
Method Modifications:
Zero Mode Changed: 8/19/2022 1:01:28 PM, Old:OFF, New:Reading
Zero Mode Changed: 8/19/2022 1:01:28 PM, Old:Reading, New:ON
Excitation Wavelength Changed: 8/19/2022 1:04:17 PM, Old: 350.00, New: 284.00
Emission Wavelength Changed: 8/19/2022 1:04:17 PM, Old: 400.00, New: 300.00
Stop Wavelength Changed: 8/19/2022 1:04:17 PM, Old: 600.00, New: 550.00
Zero Mode Changed: 8/19/2022 1:04:20 PM, Old:ON, New:Reading
Zero Mode Changed: 8/19/2022 1:04:20 PM, Old:Reading, New:ON
Emission Wavelength Changed: 8/19/2022 1:05:41 PM, Old: 300.00, New: 290.00
Zero Mode Changed: 8/19/2022 1:05:43 PM, Old:ON, New:Reading
Zero Mode Changed: 8/19/2022 1:05:43 PM, Old:Reading, New:ON
Scan mode: Changed: 8/19/2022 1:07:20 PM, Old:Emission, New:Excitation
Excitation Wavelength Changed: 8/19/2022 1:07:20 PM, Old: 284.00, New: 220.00
Emission Wavelength Changed: 8/19/2022 1:07:20 PM, Old: 290.00, New: 330.00
Stop Wavelength Changed: 8/19/2022 1:07:20 PM, Old: 550.00, New: 320.00
Zero Mode Changed: 8/19/2022 1:07:23 PM, Old:ON, New:Reading
Zero Mode Changed: 8/19/2022 1:07:24 PM, Old:Reading, New:ON
Scan mode: Changed: 8/19/2022 1:09:00 PM, Old:Excitation, New:Emission
Excitation Wavelength Changed: 8/19/2022 1:09:00 PM, Old: 220.00, New: 287.00
Emission Wavelength Changed: 8/19/2022 1:09:00 PM, Old: 330.00, New: 297.00
Stop Wavelength Changed: 8/19/2022 1:09:00 PM, Old: 320.00, New: 550.00
Zero Mode Changed: 8/19/2022 1:09:02 PM, Old:ON, New:Reading
Zero Mode Changed: 8/19/2022 1:09:03 PM, Old:Reading, New:ON
Excitation Wavelength Changed: 8/19/2022 1:10:13 PM, Old: 287.00, New: 300.00
Emission Wavelength Changed: 8/19/2022 1:10:13 PM, Old: 297.00, New: 310.00
Zero Mode Changed: 8/19/2022 1:10:15 PM, Old:ON, New:Reading
Zero Mode Changed: 8/19/2022 1:10:15 PM, Old:Reading, New:ON
Overlayed Graphs Changed: 8/19/2022 1:12:23 PM, Old:OFF, New:ON
Scan mode: Changed: 8/19/2022 1:13:08 PM, Old:Emission, New:Excitation
Excitation Wavelength Changed: 8/19/2022 1:13:08 PM, Old: 300.00, New: 220.00
Emission Wavelength Changed: 8/19/2022 1:13:08 PM, Old: 310.00, New: 350.00
Stop Wavelength Changed: 8/19/2022 1:13:08 PM, Old: 550.00, New: 340.00
Zero Mode Changed: 8/19/2022 1:13:11 PM, Old:ON, New:Reading
Zero Mode Changed: 8/19/2022 1:13:12 PM, Old:Reading, New:ON
Emission Wavelength Changed: 8/19/2022 12:22:43 PM, Old: 350.00, New: 400.00
Stop Wavelength Changed: 8/19/2022 12:22:43 PM, Old: 340.00, New: 390.00
Zero Mode Changed: 8/19/2022 12:22:45 PM, Old:ON, New:Reading
Zero Mode Changed: 8/19/2022 12:22:45 PM, Old:Reading, New:ON
Scan mode: Changed: 8/19/2022 12:27:15 PM, Old:Excitation, New:Emission
Excitation Wavelength Changed: 8/19/2022 12:27:15 PM, Old: 220.00, New: 330.00
Emission Wavelength Changed: 8/19/2022 12:27:15 PM, Old: 400.00, New: 340.00
Stop Wavelength Changed: 8/19/2022 12:27:15 PM, Old: 390.00, New: 600.00
Excitation Wavelength Changed: 8/19/2022 12:30:30 PM, Old: 330.00, New: 310.00
Emission Wavelength Changed: 8/19/2022 12:30:30 PM, Old: 340.00, New: 320.00
Zero Mode Changed: 8/19/2022 12:30:32 PM, Old:ON, New:Reading
Zero Mode Changed: 8/19/2022 12:30:33 PM, Old:Reading, New:ON
End Method Modifications

CdS 10sec ODE2 Toluene1 ex350,
CdS 10sec ODE2 Toluene1 ex350
Collection Time: 8/19/2022 12:33:02 PM
Operator Name  :
Scan Software Version: 1.1(132)
Parameter List :
Instrument                        Cary Eclipse
Instrument Serial Number          E08013467
Data mode                         Fluorescence
Scan mode                         Emission
X Mode                            Wavelength (nm)
Start (nm)                        360.00
Stop (nm)                         600.00
Ex. Wavelength (nm)               350.00
Ex. Slit (nm)                     5
Em. Slit (nm)                     5
Scan rate (nm/min)                600.00
Data interval (nm)                1.0000
Averaging Time (s)                0.1000
Excitation filter                 Auto
Emission filter                   Open
PMT voltage (V)                   Medium
Corrected spectra                 OFF
Method Log     :
Method Name    : Default
Date/Time stamp: 8/19/2022 12:21:40 PM
Method Modifications:
Zero Mode Changed: 8/19/2022 1:01:28 PM, Old:OFF, New:Reading
Zero Mode Changed: 8/19/2022 1:01:28 PM, Old:Reading, New:ON
Excitation Wavelength Changed: 8/19/2022 1:04:17 PM, Old: 350.00, New: 284.00
Emission Wavelength Changed: 8/19/2022 1:04:17 PM, Old: 400.00, New: 300.00
Stop Wavelength Changed: 8/19/2022 1:04:17 PM, Old: 600.00, New: 550.00
Zero Mode Changed: 8/19/2022 1:04:20 PM, Old:ON, New:Reading
Zero Mode Changed: 8/19/2022 1:04:20 PM, Old:Reading, New:ON
Emission Wavelength Changed: 8/19/2022 1:05:41 PM, Old: 300.00, New: 290.00
Zero Mode Changed: 8/19/2022 1:05:43 PM, Old:ON, New:Reading
Zero Mode Changed: 8/19/2022 1:05:43 PM, Old:Reading, New:ON
Scan mode: Changed: 8/19/2022 1:07:20 PM, Old:Emission, New:Excitation
Excitation Wavelength Changed: 8/19/2022 1:07:20 PM, Old: 284.00, New: 220.00
Emission Wavelength Changed: 8/19/2022 1:07:20 PM, Old: 290.00, New: 330.00
Stop Wavelength Changed: 8/19/2022 1:07:20 PM, Old: 550.00, New: 320.00
Zero Mode Changed: 8/19/2022 1:07:23 PM, Old:ON, New:Reading
Zero Mode Changed: 8/19/2022 1:07:24 PM, Old:Reading, New:ON
Scan mode: Changed: 8/19/2022 1:09:00 PM, Old:Excitation, New:Emission
Excitation Wavelength Changed: 8/19/2022 1:09:00 PM, Old: 220.00, New: 287.00
Emission Wavelength Changed: 8/19/2022 1:09:00 PM, Old: 330.00, New: 297.00
Stop Wavelength Changed: 8/19/2022 1:09:00 PM, Old: 320.00, New: 550.00
Zero Mode Changed: 8/19/2022 1:09:02 PM, Old:ON, New:Reading
Zero Mode Changed: 8/19/2022 1:09:03 PM, Old:Reading, New:ON
Excitation Wavelength Changed: 8/19/2022 1:10:13 PM, Old: 287.00, New: 300.00
Emission Wavelength Changed: 8/19/2022 1:10:13 PM, Old: 297.00, New: 310.00
Zero Mode Changed: 8/19/2022 1:10:15 PM, Old:ON, New:Reading
Zero Mode Changed: 8/19/2022 1:10:15 PM, Old:Reading, New:ON
Overlayed Graphs Changed: 8/19/2022 1:12:23 PM, Old:OFF, New:ON
Scan mode: Changed: 8/19/2022 1:13:08 PM, Old:Emission, New:Excitation
Excitation Wavelength Changed: 8/19/2022 1:13:08 PM, Old: 300.00, New: 220.00
Emission Wavelength Changed: 8/19/2022 1:13:08 PM, Old: 310.00, New: 350.00
Stop Wavelength Changed: 8/19/2022 1:13:08 PM, Old: 550.00, New: 340.00
Zero Mode Changed: 8/19/2022 1:13:11 PM, Old:ON, New:Reading
Zero Mode Changed: 8/19/2022 1:13:12 PM, Old:Reading, New:ON
Emission Wavelength Changed: 8/19/2022 12:22:43 PM, Old: 350.00, New: 400.00
Stop Wavelength Changed: 8/19/2022 12:22:43 PM, Old: 340.00, New: 390.00
Zero Mode Changed: 8/19/2022 12:22:45 PM, Old:ON, New:Reading
Zero Mode Changed: 8/19/2022 12:22:45 PM, Old:Reading, New:ON
Scan mode: Changed: 8/19/2022 12:27:15 PM, Old:Excitation, New:Emission
Excitation Wavelength Changed: 8/19/2022 12:27:15 PM, Old: 220.00, New: 330.00
Emission Wavelength Changed: 8/19/2022 12:27:15 PM, Old: 400.00, New: 340.00
Stop Wavelength Changed: 8/19/2022 12:27:15 PM, Old: 390.00, New: 600.00
Excitation Wavelength Changed: 8/19/2022 12:30:30 PM, Old: 330.00, New: 310.00
Emission Wavelength Changed: 8/19/2022 12:30:30 PM, Old: 340.00, New: 320.00
Zero Mode Changed: 8/19/2022 12:30:32 PM, Old:ON, New:Reading
Zero Mode Changed: 8/19/2022 12:30:33 PM, Old:Reading, New:ON
Excitation Wavelength Changed: 8/19/2022 12:32:16 PM, Old: 310.00, New: 350.00
Emission Wavelength Changed: 8/19/2022 12:32:16 PM, Old: 320.00, New: 360.00
End Method Modifications

CdS 10sec ODE2 Toluene1 em417,
CdS 10sec ODE2 Toluene1 em417
Collection Time: 8/19/2022 12:34:28 PM
Operator Name  :
Scan Software Version: 1.1(132)
Parameter List :
Instrument                        Cary Eclipse
Instrument Serial Number          E08013467
Data mode                         Fluorescence
Scan mode                         Excitation
X Mode                            Wavelength (nm)
Start (nm)                        220.00
Stop (nm)                         407.00
Em. Wavelength (nm)               417.00
Ex. Slit (nm)                     5
Em. Slit (nm)                     5
Scan rate (nm/min)                600.00
Data interval (nm)                1.0000
Averaging Time (s)                0.1000
Excitation filter                 Auto
Emission filter                   Open
PMT voltage (V)                   Medium
Corrected spectra                 OFF
Method Log     :
Method Name    : Default
Date/Time stamp: 8/19/2022 12:21:40 PM
Method Modifications:
Zero Mode Changed: 8/19/2022 1:01:28 PM, Old:OFF, New:Reading
Zero Mode Changed: 8/19/2022 1:01:28 PM, Old:Reading, New:ON
Excitation Wavelength Changed: 8/19/2022 1:04:17 PM, Old: 350.00, New: 284.00
Emission Wavelength Changed: 8/19/2022 1:04:17 PM, Old: 400.00, New: 300.00
Stop Wavelength Changed: 8/19/2022 1:04:17 PM, Old: 600.00, New: 550.00
Zero Mode Changed: 8/19/2022 1:04:20 PM, Old:ON, New:Reading
Zero Mode Changed: 8/19/2022 1:04:20 PM, Old:Reading, New:ON
Emission Wavelength Changed: 8/19/2022 1:05:41 PM, Old: 300.00, New: 290.00
Zero Mode Changed: 8/19/2022 1:05:43 PM, Old:ON, New:Reading
Zero Mode Changed: 8/19/2022 1:05:43 PM, Old:Reading, New:ON
Scan mode: Changed: 8/19/2022 1:07:20 PM, Old:Emission, New:Excitation
Excitation Wavelength Changed: 8/19/2022 1:07:20 PM, Old: 284.00, New: 220.00
Emission Wavelength Changed: 8/19/2022 1:07:20 PM, Old: 290.00, New: 330.00
Stop Wavelength Changed: 8/19/2022 1:07:20 PM, Old: 550.00, New: 320.00
Zero Mode Changed: 8/19/2022 1:07:23 PM, Old:ON, New:Reading
Zero Mode Changed: 8/19/2022 1:07:24 PM, Old:Reading, New:ON
Scan mode: Changed: 8/19/2022 1:09:00 PM, Old:Excitation, New:Emission
Excitation Wavelength Changed: 8/19/2022 1:09:00 PM, Old: 220.00, New: 287.00
Emission Wavelength Changed: 8/19/2022 1:09:00 PM, Old: 330.00, New: 297.00
Stop Wavelength Changed: 8/19/2022 1:09:00 PM, Old: 320.00, New: 550.00
Zero Mode Changed: 8/19/2022 1:09:02 PM, Old:ON, New:Reading
Zero Mode Changed: 8/19/2022 1:09:03 PM, Old:Reading, New:ON
Excitation Wavelength Changed: 8/19/2022 1:10:13 PM, Old: 287.00, New: 300.00
Emission Wavelength Changed: 8/19/2022 1:10:13 PM, Old: 297.00, New: 310.00
Zero Mode Changed: 8/19/2022 1:10:15 PM, Old:ON, New:Reading
Zero Mode Changed: 8/19/2022 1:10:15 PM, Old:Reading, New:ON
Overlayed Graphs Changed: 8/19/2022 1:12:23 PM, Old:OFF, New:ON
Scan mode: Changed: 8/19/2022 1:13:08 PM, Old:Emission, New:Excitation
Excitation Wavelength Changed: 8/19/2022 1:13:08 PM, Old: 300.00, New: 220.00
Emission Wavelength Changed: 8/19/2022 1:13:08 PM, Old: 310.00, New: 350.00
Stop Wavelength Changed: 8/19/2022 1:13:08 PM, Old: 550.00, New: 340.00
Zero Mode Changed: 8/19/2022 1:13:11 PM, Old:ON, New:Reading
Zero Mode Changed: 8/19/2022 1:13:12 PM, Old:Reading, New:ON
Emission Wavelength Changed: 8/19/2022 12:22:43 PM, Old: 350.00, New: 400.00
Stop Wavelength Changed: 8/19/2022 12:22:43 PM, Old: 340.00, New: 390.00
Zero Mode Changed: 8/19/2022 12:22:45 PM, Old:ON, New:Reading
Zero Mode Changed: 8/19/2022 12:22:45 PM, Old:Reading, New:ON
Scan mode: Changed: 8/19/2022 12:27:15 PM, Old:Excitation, New:Emission
Excitation Wavelength Changed: 8/19/2022 12:27:15 PM, Old: 220.00, New: 330.00
Emission Wavelength Changed: 8/19/2022 12:27:15 PM, Old: 400.00, New: 340.00
Stop Wavelength Changed: 8/19/2022 12:27:15 PM, Old: 390.00, New: 600.00
Excitation Wavelength Changed: 8/19/2022 12:30:30 PM, Old: 330.00, New: 310.00
Emission Wavelength Changed: 8/19/2022 12:30:30 PM, Old: 340.00, New: 320.00
Zero Mode Changed: 8/19/2022 12:30:32 PM, Old:ON, New:Reading
Zero Mode Changed: 8/19/2022 12:30:33 PM, Old:Reading, New:ON
Excitation Wavelength Changed: 8/19/2022 12:32:16 PM, Old: 310.00, New: 350.00
Emission Wavelength Changed: 8/19/2022 12:32:16 PM, Old: 320.00, New: 360.00
Scan mode: Changed: 8/19/2022 12:34:16 PM, Old:Emission, New:Excitation
Excitation Wavelength Changed: 8/19/2022 12:34:16 PM, Old: 350.00, New: 220.00
Emission Wavelength Changed: 8/19/2022 12:34:16 PM, Old: 360.00, New: 417.00
Stop Wavelength Changed: 8/19/2022 12:34:16 PM, Old: 600.00, New: 407.00
Zero Mode Changed: 8/19/2022 12:34:20 PM, Old:ON, New:Reading
Zero Mode Changed: 8/19/2022 12:34:20 PM, Old:Reading, New:ON
End Method Modifications

