CdS sonochem 120min em410,,CdS sonochem 120min ex337,,CdS sonochem 120min em415,,CdS sonochem 120min ex340,,CdS sonochem 120min ex340 slow,,CdS sonochem 120min em420 slow,,CdS sonochem 120min ex295,,CdS sonochem 120min em350,,
Wavelength (nm),Intensity (a.u.),Wavelength (nm),Intensity (a.u.),Wavelength (nm),Intensity (a.u.),Wavelength (nm),Intensity (a.u.),Wavelength (nm),Intensity (a.u.),Wavelength (nm),Intensity (a.u.),Wavelength (nm),Intensity (a.u.),Wavelength (nm),Intensity (a.u.),
240,-0.1733570099,346.9200134,-1.666250229,240,-0.5740585327,350,0.200176239,350,0.3968772888,240,-0.05106163025,305,1.359636307,240,0.1422948837,
240.9299927,-0.8812961578,347.8399963,1.383054733,240.9299927,-1.011732101,351.0700073,1.811811447,351.0700073,1.733892441,240.9299927,-0.7417049408,305.9299927,3.559518814,240.9299927,-0.4962434769,
242.0299988,0.5502738953,348.9200134,3.422044754,242.0299988,-0.4561252594,352,2.861917496,352,3.301427841,242.0299988,-0.7423419952,307.0299988,6.632904053,242.0299988,-0.226931572,
242.9600067,-0.01194763184,349.8399963,4.081890106,242.9600067,-0.2719974518,353.0700073,6.104070663,353.0700073,6.173118591,242.9600067,-1.097755432,307.9599915,7.736494064,242.9600067,-0.682062149,
244.0599976,0.1657371521,350.9200134,6.651697159,244.0599976,-1.344369888,354,8.643156052,354,8.310480118,244.0599976,-0.615852356,309.0599976,10.70463943,244.0599976,-0.3494262695,
245,0.4688110352,351.8399963,8.501689911,245,-1.103908539,355.0700073,11.2527256,355.0700073,11.00492096,245,-0.7903003693,310,12.90309906,245,-0.8390798569,
245.9299927,0.0604724884,352.9200134,11.81190491,245.9299927,-0.7971401215,356,12.66877556,356,13.53346634,245.9299927,-0.6676540375,311.0700073,16.44690132,245.9299927,-0.1324195862,
247.0299988,0.7785339355,353.8399963,15.39826965,247.0299988,-1.11397934,357.0700073,15.52176094,357.0700073,16.796772,247.0299988,-0.2594165802,312,18.3423214,247.0299988,0.09620952606,
247.9600067,0.4681816101,354.9200134,17.02882004,247.9600067,-0.120098114,358,17.24913597,358,19.81735611,247.9600067,-0.7478961945,313.0700073,20.34833717,247.9600067,0.2451124191,
249.0599976,0.5290584564,355.8399963,19.93904495,249.0599976,-0.8370838165,359.0700073,22.93670464,359.0700073,23.79048157,249.0599976,-0.287197113,314,23.0512104,249.0599976,0.2762613297,
250,0.4078006744,356.9200134,23.24491882,250,-0.06188201904,360,27.47686577,360,26.30483246,250,-0.07446861267,315.0700073,25.64146614,250,0.6600618362,
250.9299927,1.389333725,357.8399963,26.92830276,250.9299927,-0.5314846039,361.0700073,29.3126812,361.0700073,30.6408844,250.9299927,-0.1704330444,316,28.23438835,250.9299927,0.8798618317,
252.0299988,0.9858264923,358.9200134,31.44278717,252.0299988,0.5799827576,362,31.48990059,362,32.8708725,252.0299988,1.005716324,317.0700073,31.40213966,252.0299988,1.018630981,
252.9600067,2.32613945,359.8399963,33.05473709,252.9600067,1.686782837,363.0700073,36.7232132,363.0700073,37.37382889,252.9600067,1.307592392,318,35.32130432,252.9600067,2.208362579,
254.0599976,2.370414734,360.9200134,37.41526794,254.0599976,1.407655716,364,39.20809174,364,40.76079559,254.0599976,1.809700012,319.0700073,39.64850616,254.0599976,1.870864868,
255,3.499555588,361.8399963,41.66998672,255,0.7191867828,365.0700073,46.12345123,365.0700073,45.4232254,255,1.619375229,320,44.753479,255,2.612765312,
255.9299927,3.681638718,362.9200134,45.80576706,255.9299927,1.545110703,366,47.13976288,366,48.58341217,255.9299927,2.121335983,320.9299927,51.72795105,255.9299927,3.639733315,
257.0299988,4.099542618,363.8399963,48.4288063,257.0299988,2.737203598,367.0700073,52.89594269,367.0700073,53.59617615,257.0299988,1.922077179,322.0299988,60.48879242,257.0299988,5.269803047,
257.9599915,3.819805145,364.9200134,53.79870987,257.9599915,2.060501099,368,56.2771759,368,56.86642456,257.9599915,1.364170074,322.9599915,67.45374298,257.9599915,5.496811867,
259.0599976,3.861307144,365.8399963,59.1380806,259.0599976,2.322397232,369.0700073,59.6621933,369.0700073,62.24597931,259.0599976,1.609922409,324.0599976,76.49795532,259.0599976,4.564307213,
260,4.150461197,366.9200134,63.43484116,260,1.732053757,370,66.32344055,370,66.32678986,260,1.626598358,325,82.84833527,260,4.758503914,
260.9299927,3.521371841,367.8399963,67.43864441,260.9299927,2.490530014,371.0700073,70.19415283,371.0700073,70.91517639,260.9299927,1.521999359,325.9299927,91.55202484,260.9299927,5.305304527,
262.0299988,3.978481293,368.9200134,72.95318604,262.0299988,1.945669174,372,73.39709473,372,75.39561462,262.0299988,1.560623169,327.0299988,99.85118103,262.0299988,5.306698799,
262.9599915,4.453018188,369.8399963,78.53025818,262.9599915,2.093626022,373.0700073,79.67770386,373.0700073,80.84337616,262.9599915,1.469106674,327.9599915,104.9557724,262.9599915,5.116646767,
264.0599976,4.077045441,370.9200134,83.42179871,264.0599976,2.58937645,374,85.01741791,374,85.33447266,264.0599976,1.716920853,329.0599976,109.8535614,264.0599976,5.635760307,
265,3.554973602,371.8399963,84.94613647,265,2.1693573,375.0700073,89.44000244,375.0700073,92.24565887,265,1.910312653,330,114.6300659,265,5.796782494,
265.9299927,3.829504013,372.9200134,93.8692627,265.9299927,1.669898987,376,97.42526245,376,96.48514557,265.9299927,1.904788971,331.0700073,118.8565674,265.9299927,6.126431465,
267.0299988,3.725990295,373.8399963,97.97015381,267.0299988,1.067783356,377.0700073,101.4577332,377.0700073,101.9951706,267.0299988,1.582820892,332,124.0989685,267.0299988,6.080182076,
267.9599915,2.90747261,374.9200134,103.3043365,267.9599915,1.290596008,378,105.8839798,378,106.4279327,267.9599915,0.5863227844,333.0700073,126.2263641,267.9599915,5.678069115,
269.0599976,2.903911591,375.8399963,109.3061981,269.0599976,0.3837738037,379.0700073,110.6332932,379.0700073,112.1608734,269.0599976,-0.1497459412,334,128.4734802,269.0599976,5.729773521,
270,2.65422821,376.9200134,110.3370514,270,-0.5617675781,380,114.2316208,380,113.8273621,270,-0.4985485077,335.0700073,131.316925,270,6.09068203,
271.0700073,1.306217194,377.8399963,112.9996948,271.0700073,-0.8931522369,381.0700073,118.6912766,381.0700073,119.1218872,271.0700073,-1.595823288,336,134.4339447,271.0700073,4.44991684,
272,0.8701915741,378.9200134,116.8387451,272,-1.975114822,382,120.7134018,382,122.4041901,272,-2.161701202,337.0700073,135.8943176,272,4.561598778,
273.0700073,0.50806427,379.8399963,119.3170319,273.0700073,-2.575857162,383.0700073,124.1586075,383.0700073,124.7548828,273.0700073,-3.246545792,338,137.9726105,273.0700073,3.903166771,
274,-1.06145668,380.9200134,123.1291046,274,-3.381500244,384,129.1772614,384,129.5877991,274,-4.290224075,339.0700073,141.3479919,274,2.943984985,
275.0700073,-1.983299255,381.8399963,125.6355591,275.0700073,-4.040525436,385.0700073,132.3554535,385.0700073,131.6549683,275.0700073,-4.696933746,340,141.2362061,275.0700073,1.499519348,
276,-2.269723892,382.9200134,131.8142242,276,-4.371528625,386,133.9124298,386,136.4519043,276,-5.372502327,341.0700073,143.0524597,276,2.511768341,
277.0700073,-3.600172043,383.8399963,136.6502991,277.0700073,-4.949203491,387.0700073,139.1533508,387.0700073,139.775177,277.0700073,-5.881812096,342,146.7260742,277.0700073,3.349015236,
278,-2.954698563,384.9200134,140.5713348,278,-4.793739319,388,142.4509277,388,142.1519623,278,-5.649482727,343.0700073,148.4448853,278,5.852040291,
279.0700073,-1.148645401,385.8399963,142.7532806,279.0700073,-2.78809166,389.0700073,147.7282715,389.0700073,146.2986908,279.0700073,-3.200141907,344,151.5561523,279.0700073,14.35680103,
280,2.191457748,386.9200134,145.3400879,280,0.09295654297,390,149.5600128,390,149.682663,280,0.003580093384,345.0700073,152.8500977,280,21.30200195,
280.9299927,6.615749359,387.8399963,148.3527069,280.9299927,5.308954239,391.0700073,153.2660675,391.0700073,153.8809204,280.9299927,4.741172791,346,151.1365662,280.9299927,33.21944809,
282.0299988,13.38844681,388.9200134,153.532547,282.0299988,13.38853264,392,156.8500671,392,156.4345856,282.0299988,12.50218964,347.0700073,152.3448792,282.0299988,51.40640259,
282.9599915,21.11436844,389.8399963,156.2272034,282.9599915,20.07375908,393.0700073,157.335968,393.0700073,158.9937286,282.9599915,20.6831665,348,154.0410767,282.9599915,68.3819809,
284.0599976,30.69475555,390.9200134,158.1244812,284.0599976,31.93959999,394,165.3906403,394,162.4321289,284.0599976,30.46056366,349.0700073,155.0692902,284.0599976,87.32670593,
285,40.48220825,391.8399963,161.5142365,285,40.23002625,395.0700073,164.1399384,395.0700073,165.0284729,285,38.96347046,350,152.1836243,285,106.0867996,
285.9299927,46.54858017,392.9200134,160.4116974,285.9299927,46.44620514,396,167.437851,396,166.3196411,285.9299927,46.61244965,351.0700073,151.3445282,285.9299927,116.8780746,
287.0299988,56.71772385,393.8399963,166.658432,287.0299988,58.27105713,397.0700073,168.0464783,397.0700073,169.3979187,287.0299988,55.23843384,352,152.3802032,287.0299988,131.8740082,
287.9599915,61.69678879,394.9200134,169.7651062,287.9599915,63.02439117,398,171.2386169,398,169.8702393,287.9599915,61.02436829,353.0700073,151.5309906,287.9599915,141.4000549,
289.0599976,67.53330994,395.8399963,169.3585815,289.0599976,68.89111328,399.0700073,173.0958557,399.0700073,173.2761688,289.0599976,68.72950745,354,151.0824432,289.0599976,148.8502045,
290,74.66886902,396.9200134,173.5804291,290,75.88562775,400,175.2418976,400,174.8344727,290,73.80237579,355.0700073,148.1853485,290,152.5618744,
290.9299927,79.51667786,397.8399963,173.1331787,290.9299927,79.50758362,401.0700073,173.809082,401.0700073,177.9168243,290.9299927,79.26972198,356,147.081955,290.9299927,157.6923828,
292.0299988,82.54023743,398.9200134,173.4644623,292.0299988,84.79360199,402,179.6346588,402,179.8492279,292.0299988,84.29006958,357.0700073,146.4115295,292.0299988,156.8769531,
292.9599915,88.91978455,399.8399963,175.798645,292.9599915,90.67795563,403.0700073,180.7023315,403.0700073,181.6772919,292.9599915,89.04460907,358,145.1713562,292.9599915,160.7634125,
294.0599976,94.54907227,400.9200134,184.4042664,294.0599976,95.04262543,404,179.7127075,404,182.9358826,294.0599976,94.8355484,359.0700073,142.1275787,294.0599976,158.7904968,
295,101.0032501,401.8399963,180.8571625,295,99.40407562,405.0700073,185.9444733,405.0700073,184.0496674,295,99.74179077,360,144.7678528,295,160.6532288,
295.9299927,104.0902863,402.9200134,179.6844025,295.9299927,104.1453857,406,185.4155121,406,185.6385651,295.9299927,103.4226151,361.0700073,143.9535828,295.9299927,160.4396057,
297.0299988,107.2457275,403.8399963,185.4212799,297.0299988,109.5870895,407.0700073,186.1429596,407.0700073,187.0445099,297.0299988,108.0423126,362,143.3964233,297.0299988,161.0346069,
297.9599915,111.0764313,404.9200134,184.9052277,297.9599915,112.089119,408,187.7041779,408,188.4721832,297.9599915,111.6220703,363.0700073,139.5364685,297.9599915,158.4077759,
299.0599976,117.0942078,405.8399963,187.776535,299.0599976,116.7876205,409.0700073,186.0871429,409.0700073,189.1556854,299.0599976,114.935257,364,139.3120728,299.0599976,158.5400543,
300,116.5165253,406.9200134,187.2671814,300,119.845314,410,186.4195251,410,191.3778992,300,117.4006805,365.0700073,137.1050568,300,155.5874176,
301.0700073,123.4427795,407.8399963,189.9150543,301.0700073,122.2410812,411.0599976,191.9900818,411.0599976,190.2522278,301.0700073,120.950119,366,136.7009735,301.0700073,153.2630463,
302,124.0597839,408.9200134,190.938324,302,125.7734756,411.9599915,188.6890259,411.9599915,192.2793427,302,122.0205994,367.0700073,135.2801819,302,149.9221954,
303.0700073,128.3240356,409.8399963,187.869278,303.0700073,127.2942581,413.0299988,190.470047,413.0299988,192.1219482,303.0700073,125.2650909,368,134.6363373,303.0700073,145.2726593,
304,131.2553406,410.8999939,191.3072662,304,131.1236572,413.9299927,190.4443054,413.9299927,193.6436462,304,127.7956085,369.0700073,134.0704956,304,140.9756775,
305.0700073,133.1390228,411.9599915,191.1981201,305.0700073,132.8643494,415,189.7012177,415,193.4840393,305.0700073,130.8549652,370,132.7395325,305.0700073,136.6285553,
306,135.0474701,412.8699951,193.3951416,306,136.5207062,416.0599976,192.3474426,416.0599976,194.8992615,306,131.8212738,371.0700073,128.6638031,306,133.4449921,
307.0700073,137.1551971,413.9299927,194.3348541,307.0700073,137.700882,416.9599915,190.8737793,416.9599915,195.5458221,307.0700073,135.950119,372,128.6185303,307.0700073,127.4721298,
308,139.6042023,414.8399963,192.101593,308,139.0505066,418.0299988,193.9890289,418.0299988,196.2988586,308,137.5952606,373.0700073,128.2419128,308,123.401207,
309.0700073,143.7103424,415.8999939,191.1705933,309.0700073,143.8300476,418.9299927,194.293396,418.9299927,195.0443573,309.0700073,139.6811371,374,124.7304382,309.0700073,119.1322861,
310,144.9677277,416.9599915,193.228363,310,145.5024872,420,194.7588348,420,196.0528564,310,142.2155914,375.0700073,126.4023438,310,116.0207062,
311.0700073,149.9746094,417.8699951,191.6805725,311.0700073,149.4977875,421.0700073,193.7496033,421.0700073,196.3669128,311.0700073,144.5031281,376,124.4234161,311.0700073,112.2667694,
312,147.1367493,418.9299927,189.4399261,312,147.8981628,422,194.3590698,422,196.2130585,312,145.2887573,377.0700073,120.7897491,312,110.0007858,
313.0700073,150.4445496,419.8399963,190.9964905,313.0700073,153.6486816,423.0700073,194.0986633,423.0700073,194.6459045,313.0700073,147.6769409,378,121.0447998,313.0700073,104.4725723,
314,153.6894226,420.9200134,191.7408142,314,154.2393646,424,192.8926544,424,192.7584229,314,149.4334106,379.0700073,121.1369324,314,105.0402451,
315.0700073,157.8277435,421.8399963,192.0547943,315.0700073,157.6428986,425.0700073,193.0591431,425.0700073,194.2431946,315.0700073,151.9442749,380,118.8916779,315.0700073,99.25950623,
316,158.6053772,422.9200134,189.1136627,316,162.5260925,426,191.8568878,426,191.2817078,316,153.6473236,381.0700073,115.6547546,316,95.72541046,
317.0700073,159.7624817,423.8399963,186.5749054,317.0700073,162.0779419,427.0700073,189.2990417,427.0700073,190.5558014,317.0700073,155.7908783,382,118.5802917,317.0700073,91.41238403,
318,165.1485443,424.9200134,190.5583038,318,165.0968323,428,186.2950439,428,189.4850922,318,158.5448303,383.0700073,117.0485687,318,86.30973053,
319.0700073,164.8660583,425.8399963,184.3626404,319.0700073,165.2802887,429.0700073,186.494812,429.0700073,187.3288269,319.0700073,161.0409241,384,118.2173004,319.0700073,80.40034485,
320,165.9724884,426.9200134,182.3741302,320,166.1837463,430,181.9878998,430,184.4523621,320,163.4216003,385.0700073,113.2855225,320,75.6739502,
320.9299927,169.4716187,427.8399963,184.4759674,320.9299927,175.1869507,431.0599976,180.6506042,431.0599976,182.9117889,320.9299927,166.2981415,386,113.4388123,320.9299927,67.96656036,
322.0299988,172.6883698,428.9200134,181.9820862,322.0299988,175.0682526,431.9599915,180.8967285,431.9599915,180.1365814,322.0299988,169.8833466,387.0700073,113.664566,322.0299988,66.88694,
322.9599915,176.3228912,429.8399963,176.8696136,322.9599915,177.7670593,433.0299988,175.8899231,433.0299988,178.3431396,322.9599915,172.3635406,388,114.0083771,322.9599915,65.55027008,
324.0599976,177.3431549,430.8999939,176.18367,324.0599976,182.8546143,433.9299927,174.2648315,433.9299927,173.9072266,324.0599976,175.5992279,389.0700073,110.1000671,324.0599976,62.51258087,
325,180.4240417,431.9599915,174.1737213,325,185.129715,435,167.7259216,435,171.4585571,325,177.3953247,390,109.8717194,325,61.73233795,
325.9299927,178.6209869,432.8699951,174.2124481,325.9299927,186.8026276,436.0599976,166.246994,436.0599976,167.5793304,325.9299927,179.8540649,391.0700073,110.5126953,325.9299927,60.63118744,
327.0299988,182.7523041,433.9299927,170.1412964,327.0299988,190.6469116,436.9599915,163.141922,436.9599915,165.5615692,327.0299988,181.710968,392,109.6386414,327.0299988,58.05818939,
327.9599915,184.094162,434.8399963,162.4535522,327.9599915,188.9612274,438.0299988,160.4011993,438.0299988,161.0562592,327.9599915,184.2032013,393.0700073,109.5299225,327.9599915,56.61673737,
329.0599976,188.1989288,435.8999939,160.7444,329.0599976,190.6946259,438.9299927,158.0132294,438.9299927,158.274231,329.0599976,185.2746124,394,106.3913727,329.0599976,51.91991806,
330,188.9362488,436.9599915,160.2294769,330,193.9821777,440,154.8804169,440,154.6545258,330,187.3777466,395.0700073,106.2629089,330,46.84514236,
331.0700073,190.6278381,437.8699951,153.3563843,331.0700073,195.3113403,441.0599976,150.4030914,441.0599976,152.3225708,331.0700073,190.1924896,396,106.2341232,331.0700073,43.95775604,
332,190.0672302,438.9299927,149.6812744,332,194.9476776,441.9599915,147.2432861,441.9599915,149.5328064,332,190.9608612,397.0700073,106.4578171,332,38.81452179,
333.0700073,189.6070251,439.8399963,151.8236084,333.0700073,203.3729095,443.0299988,145.456604,443.0299988,147.1993408,333.0700073,191.9105377,398,105.5021362,333.0700073,35.43828964,
334,189.7211914,440.8999939,142.0861664,334,202.0178833,443.9299927,146.6799927,443.9299927,143.5191956,334,193.6640472,399.0700073,105.4112473,334,29.85415649,
335.0700073,192.3721466,441.9599915,141.9220428,335.0700073,204.2365265,445,140.6036377,445,143.1040649,335.0700073,195.4409332,400,104.8515396,335.0700073,25.24594498,
336,193.261795,442.8699951,138.4996796,336,202.4198151,446.0599976,140.0035858,446.0599976,139.1914825,336,193.9058228,401.0700073,104.7428436,336,22.34371948,
337.0700073,195.7376556,443.9299927,137.1099243,337.0700073,203.2798615,446.9599915,135.8313751,446.9599915,138.1793518,337.0700073,197.6946411,402,105.0296555,337.0700073,18.76113892,
338,194.4162445,444.8399963,134.4719849,338,204.4650726,448.0299988,134.684433,448.0299988,135.2280579,338,196.9234467,403.0700073,104.9514389,338,16.71477127,
339.0700073,187.3367767,445.8999939,134.024765,339.0700073,203.7826691,448.9299927,133.244278,448.9299927,133.3737793,339.0700073,197.434845,404,103.2052689,339.0700073,13.70928097,
340,188.7560577,446.9599915,130.2066803,340,207.3735504,450,128.9975128,450,131.8553009,340,195.634903,405.0700073,103.0806198,340,10.69160938,
341.0700073,189.7558136,447.8699951,129.5890656,341.0700073,202.2948608,451.0599976,127.2084122,451.0599976,129.2756042,341.0700073,195.3596344,406,103.3269577,,,
342,184.2382202,448.9299927,123.8964081,342,202.0500336,451.9599915,122.1381302,451.9599915,126.3890228,342,194.9576569,407.0700073,103.1272125,,,
343.0700073,184.5805664,449.8399963,123.9645081,343.0700073,200.6976318,453.0299988,123.2528,453.0299988,122.905304,343.0700073,194.4946136,408,103.4499969,,,
344,183.4054565,450.8999939,122.559021,344,197.7618103,453.9299927,119.5920639,453.9299927,120.2716827,344,193.1551514,409.0700073,103.0856628,,,
345.0700073,180.720993,451.9599915,122.4773865,345.0700073,198.0652313,455,120.3808365,455,118.671524,345.0700073,192.3708191,410,100.6194229,,,
346,179.6049194,452.8699951,120.485733,346,197.2531891,456.0599976,115.4347916,456.0599976,117.3036957,346,191.1602631,411.0599976,101.7478256,,,
347.0700073,176.9131012,453.9299927,114.6195068,347.0700073,190.108963,456.9599915,113.2210922,456.9599915,115.5651703,347.0700073,188.6735992,411.9599915,101.8499603,,,
348,170.6138,454.8399963,115.3694153,348,191.0820923,458.0299988,111.8139267,458.0299988,112.9403687,348,186.9624481,413.0299988,100.333847,,,
349.0700073,170.7991943,455.8999939,113.2317352,349.0700073,184.2960205,458.9299927,112.4074173,458.9299927,111.4469452,349.0700073,182.8418427,413.9299927,101.100914,,,
350,164.6586304,456.9599915,109.0933685,350,180.1585693,460,108.9440384,460,110.232666,350,180.2323456,415,100.2173767,,,
351.0700073,159.710022,457.8699951,109.4829254,351.0700073,177.9610291,461.0599976,105.4629593,461.0599976,105.9542847,351.0700073,177.4506683,416.0599976,101.5517807,,,
352,154.048111,458.9299927,105.8519287,352,173.3631897,461.9599915,104.5535355,461.9599915,104.7099686,352,173.3912354,416.9599915,98.96735382,,,
353.0700073,151.2911224,459.8399963,104.6664581,353.0700073,167.6881866,463.0299988,103.8129807,463.0299988,102.8804245,353.0700073,168.2780304,418.0299988,101.4648666,,,
354,148.4216766,460.8999939,100.6669464,354,165.6686859,463.9299927,99.28193665,463.9299927,100.025238,354,167.0971069,418.9299927,100.9171829,,,
355.0700073,143.3129578,461.9599915,99.03437805,355.0700073,161.5177765,465,102.6106949,465,98.62885284,355.0700073,161.3970184,420,100.4199371,,,
356,139.9277344,462.8699951,94.99053955,356,156.6941528,466.0599976,97.54512024,466.0599976,97.15193176,356,159.7112122,421.0700073,100.0492935,,,
357.0700073,135.7175598,463.9299927,92.00016785,357.0700073,151.7135468,466.9599915,95.85746765,466.9599915,95.18685913,357.0700073,155.605896,422,100.218605,,,
358,130.5986023,464.8399963,94.61204529,358,147.9309692,468.0299988,92.76599121,468.0299988,94.07571411,358,152.5607147,423.0700073,101.288147,,,
359.0700073,127.8350677,465.8999939,90.8097229,359.0700073,145.49263,468.9299927,90.71895599,468.9299927,90.45121765,359.0700073,147.8227081,424,100.5857925,,,
360,126.3218994,466.9599915,90.0892334,360,139.504364,470,90.37397003,470,88.09420776,360,145.4522095,425.0700073,99.41916656,,,
361.0700073,119.9535217,467.8699951,87.59710693,361.0700073,136.5807495,471.0599976,86.7342453,471.0599976,87.82495117,361.0700073,141.224472,426,100.8003006,,,
362,119.5773315,468.9299927,84.49755859,362,132.9536896,471.9599915,84.81518555,471.9599915,86.02067566,362,138.4910126,427.0700073,99.08268738,,,
363.0700073,115.5058289,469.8399963,83.17640686,363.0700073,128.6290131,473.0299988,85.20477295,473.0299988,84.33031464,363.0700073,134.0428925,428,96.95763397,,,
364,112.7870789,470.8999939,83.06794739,364,123.8613968,473.9299927,82.11439514,473.9299927,82.20720673,364,132.3983612,429.0700073,98.32152557,,,
365.0700073,108.2908783,471.9599915,80.78448486,365.0700073,119.1819229,475,79.67784882,475,80.58605957,365.0700073,126.9941254,430,96.29230499,,,
366,104.5234985,472.8699951,78.00134277,366,115.9591751,476.0599976,77.19342804,476.0599976,78.32415771,366,122.6709595,431.0599976,94.1245575,,,
367.0700073,96.54348755,473.9299927,76.6295929,367.0700073,110.245018,476.9599915,78.58364868,476.9599915,76.93522644,367.0700073,116.4308624,431.9599915,94.43857574,,,
368,92.46185303,474.8399963,76.97610474,368,106.5804062,478.0299988,75.0223465,478.0299988,74.37652588,368,113.6286011,433.0299988,94.92012787,,,
369.0700073,88.13075256,475.8999939,71.93963623,369.0700073,102.0181198,478.9299927,74.58302307,478.9299927,73.7277298,369.0700073,109.6424713,433.9299927,91.55846405,,,
370,89.78529358,476.9599915,73.62782288,370,98.65283203,480,72.11751556,480,71.11341858,370,108.4004211,435,90.07405853,,,
371.0700073,86.54434204,477.8699951,70.50712585,371.0700073,92.25867462,481.0599976,70.58464813,481.0599976,69.04743958,371.0700073,105.0703888,436.0599976,87.96450043,,,
372,81.36842346,478.9299927,68.38423157,372,89.26271057,481.9599915,69.71408081,481.9599915,67.83890533,372,102.0195694,436.9599915,87.47449493,,,
373.0700073,78.13957214,479.8399963,66.36952209,373.0700073,83.29324341,483.0299988,65.28507233,483.0299988,65.91383362,373.0700073,97.8582077,438.0299988,84.34777069,,,
374,74.5032196,480.8999939,64.13824463,374,76.64639282,483.9299927,66.05007935,483.9299927,64.43199158,374,93.39588165,438.9299927,83.88540649,,,
375.0700073,72.26994324,481.9599915,63.49982071,375.0700073,74.34705353,485,65.45729065,485,62.98255157,375.0700073,89.16833496,440,81.37456512,,,
376,70.69656372,482.8699951,60.52108383,376,71.30513,486.0599976,59.92126465,486.0599976,61.16487885,376,85.97065735,441.0599976,78.28485107,,,
377.0700073,66.44554138,483.9299927,59.59696579,377.0700073,66.75312042,486.9599915,59.13468933,486.9599915,59.87293243,377.0700073,81.54013062,441.9599915,76.65534973,,,
378,64.39016724,484.8399963,58.04491806,378,63.64247131,488.0299988,58.29980469,488.0299988,58.14008331,378,77.86212921,443.0299988,75.69042969,,,
379.0700073,59.55708694,485.8999939,56.15775681,379.0700073,61.11870575,488.9299927,56.00033569,488.9299927,56.65851593,379.0700073,74.38938141,443.9299927,75.24523926,,,
380,58.17142868,486.9599915,55.30139542,380,57.70308685,490,54.50614929,490,55.11943054,380,70.63187408,445,72.35943604,,,
381.0700073,55.65688705,487.8699951,54.9602623,381.0700073,55.38866425,491.0400085,51.6276474,491.0400085,53.19563293,381.0700073,67.12914276,446.0599976,71.61708069,,,
382,50.74820328,488.9299927,53.04550552,382,51.08310699,491.9400024,49.9699707,491.9400024,51.52619934,382,63.51557159,446.9599915,70.47116852,,,
383.0700073,47.76382828,489.8399963,49.34804153,383.0700073,47.75482941,492.980011,51.64891815,492.980011,50.24304962,383.0700073,59.9564743,448.0299988,69.4909668,,,
384,44.24909592,490.8900146,50.22025681,384,43.87793732,494.019989,47.72237396,494.019989,49.60678101,384,56.86193848,448.9299927,67.70349884,,,
385.0700073,42.15625,491.9400024,47.30463028,385.0700073,40.69404602,495.0700073,46.1802063,495.0700073,47.02359772,385.0700073,54.35221863,450,68.04811859,,,
386,38.24482346,492.980011,45.60317612,386,38.89592743,495.9700012,46.19341278,495.9700012,45.59790802,386,51.31797028,451.0599976,66.4149704,,,
387.0700073,35.08054733,493.8800049,45.50120926,387.0700073,37.1329422,497.0100098,45.63642883,497.0100098,45.66685486,387.0700073,48.07910156,451.9599915,65.65459442,,,
388,32.73017883,494.9200134,43.83315659,388,35.10720825,498.0499878,43.55242157,498.0499878,43.85574341,388,45.51277924,453.0299988,64.35868835,,,
389.0700073,30.1612854,495.9700012,40.46256638,389.0700073,30.19822884,498.9500122,41.43321228,498.9500122,41.719841,389.0700073,42.63742065,453.9299927,63.83907318,,,
390,27.59209061,496.8599854,40.78763962,390,28.28100777,500,40.02191925,500,40.56242371,390,40.41054153,455,62.30262756,,,
391.0599976,25.04853058,497.9100037,38.3120575,391.0599976,26.07154274,501.0400085,39.83078003,501.0400085,39.77752304,391.0599976,37.55834579,456.0599976,60.95795441,,,
391.9599915,22.54256821,498.9500122,39.63096237,391.9599915,24.02561378,501.9400024,38.07187653,501.9400024,38.90747452,391.9599915,35.29717255,456.9599915,61.54688263,,,
393.0299988,20.71707916,499.8500061,37.42264175,393.0299988,21.316679,502.980011,36.72523499,502.980011,37.92167664,393.0299988,32.95991516,458.0299988,59.20089722,,,
393.9299927,18.57588959,500.8900146,35.37711716,393.9299927,19.75903893,504.019989,35.1453476,504.019989,35.94330215,393.9299927,31.06032562,458.9299927,58.17687988,,,
395,16.40321732,501.9400024,33.60453033,395,18.16034889,505.0700073,33.66526794,505.0700073,34.63310242,395,28.7952919,460,59.05161285,,,
396.0599976,14.87902832,502.980011,34.10463715,396.0599976,15.02492332,505.9700012,32.73422241,505.9700012,33.62866211,396.0599976,26.14651489,461.0599976,56.24872589,,,
396.9599915,12.80110168,503.8800049,33.32806396,396.9599915,13.70144081,507.0100098,32.58493805,507.0100098,32.65231705,396.9599915,24.24137497,461.9599915,56.213974,,,
398.0299988,10.99633598,504.9200134,33.12638474,398.0299988,11.80932045,508.0499878,32.86103058,508.0499878,32.01469421,398.0299988,22.44261932,463.0299988,54.15958405,,,
398.9299927,8.83382225,505.9700012,31.15433121,398.9299927,10.3339653,508.9500122,29.31366539,508.9500122,30.85473633,398.9299927,20.24978256,463.9299927,54.1842041,,,
400,7.28710556,506.8599854,30.06568527,400,8.376823425,510,29.77049065,510,29.73184204,400,18.23981476,465,52.2664566,,,
,,507.9100037,30.0452919,,,511.0599976,28.25638771,511.0599976,29.042099,401.0700073,16.60425949,466.0599976,52.16721344,,,
,,508.9500122,27.20803833,,,511.9599915,26.90142632,511.9599915,28.09191513,402,14.61003494,466.9599915,53.1841507,,,
,,509.8500061,26.73825073,,,513.0300293,27.29300499,513.0300293,26.90316391,403.0700073,13.23480606,468.0299988,50.63041687,,,
,,510.8999939,26.16326141,,,513.9299927,26.14592171,513.9299927,26.26694107,404,12.36109543,468.9299927,49.72502899,,,
,,511.9599915,23.13312531,,,515,25.91898537,515,24.88145447,405.0700073,10.49151421,470,49.08582306,,,
,,512.8699951,23.67504883,,,516.0599976,23.81186485,516.0599976,24.22254944,406,9.44708252,471.0599976,46.94956207,,,
,,513.9299927,22.2808609,,,516.960022,21.88134575,516.960022,23.29790878,407.0700073,8.197296143,471.9599915,47.12485504,,,
,,514.8400269,21.09394073,,,518.0300293,22.89173317,518.0300293,22.42339325,408,7.135559082,473.0299988,46.04330444,,,
,,515.9000244,21.36884308,,,518.9299927,22.07957268,518.9299927,22.0013504,409.0700073,5.771661758,473.9299927,45.45922089,,,
,,516.960022,20.75767517,,,520,20.89797401,520,20.59802246,410,4.892990112,475,43.87649536,,,
,,517.8699951,19.88332748,,,521.039978,19.75172615,521.039978,19.61761093,,,476.0599976,43.9552002,,,
,,518.9299927,19.61320877,,,521.9400024,18.44251442,521.9400024,19.11357498,,,476.9599915,42.60610199,,,
,,519.8400269,17.20811844,,,522.9799805,17.43364906,522.9799805,17.42133331,,,478.0299988,43.5297699,,,
,,520.8900146,16.30462265,,,524.0200195,16.89336967,524.0200195,17.36607361,,,478.9299927,41.51464081,,,
,,521.9400024,16.53393936,,,525.0700073,16.06781197,525.0700073,15.9200592,,,480,40.36856842,,,
,,522.9799805,13.64467239,,,525.9699707,15.8883152,525.9699707,15.92748642,,,481.0599976,38.7002182,,,
,,523.8800049,14.58043671,,,527.0100098,14.371912,527.0100098,14.59883499,,,481.9599915,39.01646423,,,
,,524.9199829,13.06106186,,,528.0499878,15.7006855,528.0499878,13.60086823,,,483.0299988,38.53111267,,,
,,525.9699707,12.45563507,,,528.9500122,12.66023827,528.9500122,13.89412308,,,483.9299927,38.6633606,,,
,,526.8599854,11.73368835,,,530,13.72260857,530,12.8212204,,,485,37.69454956,,,
,,527.9099731,10.58785248,,,531.039978,11.5761013,531.039978,12.22384262,,,486.0599976,35.17903137,,,
,,528.9500122,9.55890274,,,531.9400024,11.75432014,531.9400024,11.69581223,,,486.9599915,34.1255188,,,
,,529.8499756,9.779060364,,,532.9799805,10.16157722,532.9799805,11.40843201,,,488.0299988,33.66112518,,,
,,530.8900146,9.53131485,,,534.0200195,10.42282677,534.0200195,10.4691124,,,488.9299927,33.24208069,,,
,,531.9400024,9.742927551,,,535.0700073,9.226270676,535.0700073,9.808654785,,,490,32.52489471,,,
,,532.9799805,8.659687042,,,535.9699707,8.084087372,535.9699707,8.788358688,,,491.0400085,31.60799599,,,
,,533.8800049,8.108047485,,,537.0100098,8.871387482,537.0100098,8.334409714,,,491.9400024,31.15135002,,,
,,534.9199829,6.093782425,,,538.0499878,6.774709702,538.0499878,8.053844452,,,492.980011,30.14200401,,,
,,535.9699707,5.253442764,,,538.9500122,7.310153961,538.9500122,7.608493805,,,494.019989,29.08634377,,,
,,536.8599854,5.927745819,,,540,6.403930664,540,6.714427948,,,495.0700073,29.00526619,,,
,,537.9099731,6.157842636,,,541.0200195,5.410074234,541.0200195,6.343902588,,,495.9700012,27.20315361,,,
,,538.9500122,3.743028641,,,542.0499878,5.557260513,542.0499878,5.621042252,,,497.0100098,27.24840736,,,
,,539.8499756,5.342935562,,,542.9400024,5.05957222,542.9400024,5.217861176,,,498.0499878,27.2103405,,,
,,540.8800049,3.423885345,,,543.9699707,4.349586487,543.9699707,4.045402527,,,498.9500122,25.41763496,,,
,,541.9099731,3.190414429,,,545,4.117286682,545,3.970003128,,,500,24.44630241,,,
,,542.9400024,3.209306717,,,546.0200195,3.295717239,546.0200195,3.169483185,,,501.0400085,24.55777168,,,
,,543.9699707,2.238737106,,,547.0499878,3.740009308,547.0499878,2.883106232,,,501.9400024,23.95076942,,,
,,544.8499756,0.941318512,,,547.9400024,1.848796844,547.9400024,2.723648071,,,502.980011,23.74659157,,,
,,545.8800049,0.9767513275,,,548.9699707,2.383337021,548.9699707,2.551431656,,,504.019989,23.45544624,,,
,,546.9099731,-0.1315670013,,,550,2.472434998,550,2.091978073,,,505.0700073,20.84749031,,,
,,547.9400024,0.09246063232,,,551.039978,0.587266922,551.039978,0.9694671631,,,505.9700012,21.09032631,,,
,,548.9699707,-1.071378708,,,551.9400024,0.2489967346,551.9400024,0.5967845917,,,507.0100098,20.57708168,,,
,,549.8499756,-0.924741745,,,552.9799805,-0.3259735107,552.9799805,0.5350761414,,,508.0499878,20.33987999,,,
,,550.8900146,-0.8759384155,,,554.0200195,-0.848772049,554.0200195,-0.5486869812,,,508.9500122,19.38281441,,,
,,551.9400024,-1.715263367,,,555.0700073,-0.9550704956,555.0700073,-0.3701267242,,,510,18.63704491,,,
,,552.9799805,-2.384906769,,,555.9699707,-0.9062232971,555.9699707,-1.033285141,,,511.0599976,18.2243557,,,
,,553.8800049,-2.464134216,,,557.0100098,-0.7167282104,557.0100098,-1.736131668,,,511.9599915,17.47400856,,,
,,554.9199829,-2.821578979,,,558.0499878,-0.5027332306,558.0499878,-1.80311203,,,513.0300293,17.49653816,,,
,,555.9699707,-4.040708542,,,558.9500122,-1.779361725,558.9500122,-2.11218071,,,513.9299927,16.33457375,,,
,,556.8599854,-3.863822937,,,560,-2.283309937,560,-2.626878738,,,515,15.63289452,,,
,,557.9099731,-4.559286118,,,561.039978,-2.914794922,561.039978,-3.039943695,,,516.0599976,15.98806572,,,
,,558.9500122,-5.036857605,,,561.9400024,-3.031591415,561.9400024,-2.827293396,,,516.960022,14.39969063,,,
,,559.8499756,-4.733194351,,,562.9799805,-4.066894531,562.9799805,-3.763994217,,,518.0300293,14.07306099,,,
,,560.8900146,-5.410354614,,,564.0200195,-3.655296326,564.0200195,-4.132966995,,,518.9299927,14.11885643,,,
,,561.9400024,-5.83637619,,,565.0700073,-4.691740036,565.0700073,-4.172288895,,,520,12.21595955,,,
,,562.9799805,-6.025966644,,,565.9699707,-4.246606827,565.9699707,-4.202310562,,,521.039978,11.82712936,,,
,,563.8800049,-6.434206009,,,567.0100098,-4.82973671,567.0100098,-4.448705673,,,521.9400024,11.76281357,,,
,,564.9199829,-6.39865303,,,568.0499878,-6.270179749,568.0499878,-5.690778732,,,522.9799805,11.16283607,,,
,,565.9699707,-6.952205658,,,568.9500122,-5.75453186,568.9500122,-5.496623993,,,524.0200195,10.82534409,,,
,,566.8599854,-7.502653122,,,570,-6.507318497,570,-5.916296005,,,525.0700073,9.780481339,,,
,,567.9099731,-8.606048584,,,571.0200195,-6.815244675,571.0200195,-5.927452087,,,525.9699707,10.05212593,,,
,,568.9500122,-7.739814758,,,572.0499878,-6.79224968,572.0499878,-6.49842453,,,527.0100098,9.577611923,,,
,,569.8499756,-7.757129669,,,572.9400024,-5.858263016,572.9400024,-6.849478722,,,528.0499878,9.295631409,,,
,,570.8800049,-8.577978134,,,573.9699707,-6.554182053,573.9699707,-6.846264839,,,528.9500122,8.463668823,,,
,,571.9099731,-8.064062119,,,575,-7.19434166,575,-6.973176956,,,530,8.335590363,,,
,,572.9400024,-9.194476128,,,576.0200195,-7.281736374,576.0200195,-7.402480125,,,531.039978,7.934204102,,,
,,573.9699707,-9.552268982,,,577.0499878,-8.046465874,577.0499878,-8.033713341,,,531.9400024,6.891191483,,,
,,574.8499756,-8.762130737,,,577.9400024,-7.407418251,577.9400024,-7.7915411,,,532.9799805,6.927080154,,,
,,575.8800049,-10.52187347,,,578.9699707,-8.617314339,578.9699707,-8.511220932,,,534.0200195,6.254018784,,,
,,576.9099731,-10.33293724,,,580,-9.554332733,580,-8.557339668,,,535.0700073,6.411582947,,,
,,577.9400024,-10.5899992,,,581.0200195,-9.483136177,581.0200195,-8.778120995,,,535.9699707,6.286542892,,,
,,578.9699707,-10.82322598,,,582.0499878,-8.668520927,582.0499878,-8.967760086,,,537.0100098,5.208835602,,,
,,579.8499756,-11.30609703,,,582.9400024,-9.631513596,582.9400024,-8.945725441,,,538.0499878,4.74858284,,,
,,580.8800049,-11.31992245,,,583.9699707,-9.529836655,583.9699707,-9.668067932,,,538.9500122,5.572038651,,,
,,581.9099731,-11.36005211,,,585,-9.860226631,585,-9.796048164,,,540,3.976455688,,,
,,582.9400024,-11.93005657,,,586.0200195,-10.27798271,586.0200195,-9.675501823,,,541.0200195,3.500188828,,,
,,583.9699707,-12.83951759,,,587.0499878,-10.59077644,587.0499878,-10.14549541,,,542.0499878,3.911071777,,,
,,584.8499756,-12.70414352,,,587.9400024,-10.35478497,587.9400024,-10.4935627,,,542.9400024,2.596424103,,,
,,585.8800049,-12.18042278,,,588.9699707,-10.04068375,588.9699707,-10.54163742,,,543.9699707,2.387411118,,,
,,586.9099731,-12.44971943,,,590,-10.41676617,590,-11.09875011,,,545,1.466564178,,,
,,587.9400024,-12.59473419,,,591.0200195,-10.7300787,591.0200195,-11.04942799,,,546.0200195,1.732034683,,,
,,588.9699707,-12.94190216,,,592.0499878,-11.80240345,592.0499878,-11.25456715,,,547.0499878,2.084280014,,,
,,589.8499756,-13.3779459,,,592.9400024,-11.5273428,592.9400024,-11.12882805,,,547.9400024,1.386930466,,,
,,590.8800049,-13.5961771,,,593.9699707,-11.20014668,593.9699707,-11.85104847,,,548.9699707,0.8612480164,,,
,,591.9099731,-13.95477962,,,595,-11.50191975,595,-11.68576431,,,550,1.007030487,,,
,,592.9400024,-13.9138298,,,596.0200195,-11.76220989,596.0200195,-12.05347157,,,,,,,
,,593.9699707,-14.44421864,,,597.0499878,-11.7414217,597.0499878,-12.06005955,,,,,,,
,,594.8499756,-13.77956104,,,597.9400024,-12.87443542,597.9400024,-12.39941788,,,,,,,
,,595.8800049,-14.9822588,,,598.9699707,-12.68350887,598.9699707,-12.66354179,,,,,,,
,,596.9099731,-14.87404346,,,600,-12.83857441,600,-12.45439053,,,,,,,
,,597.9400024,-15.38375282,,,,,,,,,,,,,
,,598.9699707,-15.52898884,,,,,,,,,,,,,
,,599.8499756,-15.39781189,,,,,,,,,,,,,
,,600.8800049,-15.00897121,,,,,,,,,,,,,

CdS sonochem 120min em410,
CdS sonochem 120min em410
Collection Time: 8/19/2022 12:50:37 PM
Operator Name  :
Scan Software Version: 1.1(132)
Parameter List :
Instrument                        Cary Eclipse
Instrument Serial Number          E08013467
Data mode                         Fluorescence
Scan mode                         Excitation
X Mode                            Wavelength (nm)
Start (nm)                        240.00
Stop (nm)                         400.00
Em. Wavelength (nm)               410.00
Ex. Slit (nm)                     5
Em. Slit (nm)                     5
Scan rate (nm/min)                600.00
Data interval (nm)                1.0000
Averaging Time (s)                0.1000
Excitation filter                 Auto
Emission filter                   Open
PMT voltage (V)                   Medium
Corrected spectra                 OFF
Method Log     :
Method Name    : Default
Date/Time stamp: 8/19/2022 12:23:28 PM
Method Modifications:
Overlayed Graphs Changed: 8/19/2022 12:24:53 PM, Old:OFF, New:ON
Y max Changed: 8/19/2022 12:24:53 PM, Old:  1000.0000, New:   300.0000
Excitation Wavelength Changed: 8/19/2022 12:27:20 PM, Old: 350.00, New: 300.00
Emission Wavelength Changed: 8/19/2022 12:27:20 PM, Old: 400.00, New: 310.00
Stop Wavelength Changed: 8/19/2022 12:27:20 PM, Old: 600.00, New: 500.00
Zero Mode Changed: 8/19/2022 12:27:22 PM, Old:OFF, New:Reading
Zero Mode Changed: 8/19/2022 12:27:22 PM, Old:Reading, New:ON
Scan mode: Changed: 8/19/2022 12:28:28 PM, Old:Emission, New:Excitation
Excitation Wavelength Changed: 8/19/2022 12:28:28 PM, Old: 300.00, New: 240.00
Emission Wavelength Changed: 8/19/2022 12:28:28 PM, Old: 310.00, New: 400.00
Stop Wavelength Changed: 8/19/2022 12:28:28 PM, Old: 500.00, New: 390.00
Zero Mode Changed: 8/19/2022 12:28:31 PM, Old:ON, New:Reading
Zero Mode Changed: 8/19/2022 12:28:31 PM, Old:Reading, New:ON
Scan mode: Changed: 8/19/2022 12:29:17 PM, Old:Excitation, New:Emission
Excitation Wavelength Changed: 8/19/2022 12:29:17 PM, Old: 240.00, New: 330.00
Emission Wavelength Changed: 8/19/2022 12:29:17 PM, Old: 400.00, New: 340.00
Stop Wavelength Changed: 8/19/2022 12:29:17 PM, Old: 390.00, New: 500.00
Zero Mode Changed: 8/19/2022 12:29:19 PM, Old:ON, New:Reading
Zero Mode Changed: 8/19/2022 12:29:19 PM, Old:Reading, New:ON
Scan mode: Changed: 8/19/2022 12:30:02 PM, Old:Emission, New:Excitation
Excitation Wavelength Changed: 8/19/2022 12:30:02 PM, Old: 330.00, New: 240.00
Emission Wavelength Changed: 8/19/2022 12:30:02 PM, Old: 340.00, New: 410.00
Stop Wavelength Changed: 8/19/2022 12:30:02 PM, Old: 500.00, New: 400.00
Zero Mode Changed: 8/19/2022 12:30:08 PM, Old:ON, New:Reading
Zero Mode Changed: 8/19/2022 12:30:08 PM, Old:Reading, New:ON
Scan mode: Changed: 8/19/2022 12:30:53 PM, Old:Excitation, New:Emission
Excitation Wavelength Changed: 8/19/2022 12:30:53 PM, Old: 240.00, New: 335.00
Emission Wavelength Changed: 8/19/2022 12:30:53 PM, Old: 410.00, New: 345.00
Stop Wavelength Changed: 8/19/2022 12:30:53 PM, Old: 400.00, New: 600.00
Zero Mode Changed: 8/19/2022 12:30:55 PM, Old:ON, New:Reading
Zero Mode Changed: 8/19/2022 12:30:55 PM, Old:Reading, New:ON
Zero Mode Changed: 8/19/2022 12:34:51 PM, Old:ON, New:Reading
Zero Mode Changed: 8/19/2022 12:34:51 PM, Old:Reading, New:ON
Scan mode: Changed: 8/19/2022 12:35:39 PM, Old:Emission, New:Excitation
Excitation Wavelength Changed: 8/19/2022 12:35:39 PM, Old: 335.00, New: 240.00
Emission Wavelength Changed: 8/19/2022 12:35:39 PM, Old: 345.00, New: 410.00
Stop Wavelength Changed: 8/19/2022 12:35:39 PM, Old: 600.00, New: 400.00
Zero Mode Changed: 8/19/2022 12:35:42 PM, Old:ON, New:Reading
Zero Mode Changed: 8/19/2022 12:35:43 PM, Old:Reading, New:ON
Scan mode: Changed: 8/19/2022 12:36:52 PM, Old:Excitation, New:Emission
Excitation Wavelength Changed: 8/19/2022 12:36:52 PM, Old: 240.00, New: 300.00
Emission Wavelength Changed: 8/19/2022 12:36:52 PM, Old: 410.00, New: 310.00
Stop Wavelength Changed: 8/19/2022 12:36:52 PM, Old: 400.00, New: 600.00
Zero Mode Changed: 8/19/2022 12:36:54 PM, Old:ON, New:Reading
Zero Mode Changed: 8/19/2022 12:36:54 PM, Old:Reading, New:ON
Scan mode: Changed: 8/19/2022 12:37:46 PM, Old:Emission, New:Excitation
Excitation Wavelength Changed: 8/19/2022 12:37:46 PM, Old: 300.00, New: 240.00
Emission Wavelength Changed: 8/19/2022 12:37:46 PM, Old: 310.00, New: 350.00
Stop Wavelength Changed: 8/19/2022 12:37:46 PM, Old: 600.00, New: 340.00
Zero Mode Changed: 8/19/2022 12:37:49 PM, Old:ON, New:Reading
Zero Mode Changed: 8/19/2022 12:37:49 PM, Old:Reading, New:ON
Scan mode: Changed: 8/19/2022 12:38:28 PM, Old:Excitation, New:Emission
Excitation Wavelength Changed: 8/19/2022 12:38:28 PM, Old: 240.00, New: 295.00
Emission Wavelength Changed: 8/19/2022 12:38:28 PM, Old: 350.00, New: 305.00
Stop Wavelength Changed: 8/19/2022 12:38:28 PM, Old: 340.00, New: 550.00
Zero Mode Changed: 8/19/2022 12:38:31 PM, Old:ON, New:Reading
Zero Mode Changed: 8/19/2022 12:38:31 PM, Old:Reading, New:ON
Scan Control Changed: 8/19/2022 12:39:12 PM, Old:Medium, New:Slow
Ave. time (s): Changed: 8/19/2022 12:39:12 PM, Old:0.10000, New:0.50000
Zero Mode Changed: 8/19/2022 12:39:14 PM, Old:ON, New:Reading
Zero Mode Changed: 8/19/2022 12:39:14 PM, Old:Reading, New:ON
Excitation Wavelength Changed: 8/19/2022 12:41:46 PM, Old: 295.00, New: 335.00
Emission Wavelength Changed: 8/19/2022 12:41:46 PM, Old: 305.00, New: 345.00
Stop Wavelength Changed: 8/19/2022 12:41:46 PM, Old: 550.00, New: 600.00
Zero Mode Changed: 8/19/2022 12:41:49 PM, Old:ON, New:Reading
Zero Mode Changed: 8/19/2022 12:41:50 PM, Old:Reading, New:ON
Scan mode: Changed: 8/19/2022 12:46:36 PM, Old:Emission, New:Excitation
Excitation Wavelength Changed: 8/19/2022 12:46:36 PM, Old: 335.00, New: 240.00
Emission Wavelength Changed: 8/19/2022 12:46:36 PM, Old: 345.00, New: 410.00
Stop Wavelength Changed: 8/19/2022 12:46:36 PM, Old: 600.00, New: 400.00
Zero Mode Changed: 8/19/2022 12:46:39 PM, Old:ON, New:Reading
Zero Mode Changed: 8/19/2022 12:46:40 PM, Old:Reading, New:ON
Scan Control Changed: 8/19/2022 12:50:26 PM, Old:Slow, New:Medium
Ave. time (s): Changed: 8/19/2022 12:50:26 PM, Old:0.50000, New:0.10000
Zero Mode Changed: 8/19/2022 12:50:27 PM, Old:ON, New:Reading
Zero Mode Changed: 8/19/2022 12:50:27 PM, Old:Reading, New:ON
End Method Modifications

CdS sonochem 120min ex337,
CdS sonochem 120min ex337
Collection Time: 8/19/2022 12:51:41 PM
Operator Name  :
Scan Software Version: 1.1(132)
Parameter List :
Instrument                        Cary Eclipse
Instrument Serial Number          E08013467
Data mode                         Fluorescence
Scan mode                         Emission
X Mode                            Wavelength (nm)
Start (nm)                        347.00
Stop (nm)                         600.00
Ex. Wavelength (nm)               337.00
Ex. Slit (nm)                     5
Em. Slit (nm)                     5
Scan rate (nm/min)                600.00
Data interval (nm)                1.0000
Averaging Time (s)                0.1000
Excitation filter                 Auto
Emission filter                   Open
PMT voltage (V)                   Medium
Corrected spectra                 OFF
Method Log     :
Method Name    : Default
Date/Time stamp: 8/19/2022 12:23:28 PM
Method Modifications:
Overlayed Graphs Changed: 8/19/2022 12:24:53 PM, Old:OFF, New:ON
Y max Changed: 8/19/2022 12:24:53 PM, Old:  1000.0000, New:   300.0000
Excitation Wavelength Changed: 8/19/2022 12:27:20 PM, Old: 350.00, New: 300.00
Emission Wavelength Changed: 8/19/2022 12:27:20 PM, Old: 400.00, New: 310.00
Stop Wavelength Changed: 8/19/2022 12:27:20 PM, Old: 600.00, New: 500.00
Zero Mode Changed: 8/19/2022 12:27:22 PM, Old:OFF, New:Reading
Zero Mode Changed: 8/19/2022 12:27:22 PM, Old:Reading, New:ON
Scan mode: Changed: 8/19/2022 12:28:28 PM, Old:Emission, New:Excitation
Excitation Wavelength Changed: 8/19/2022 12:28:28 PM, Old: 300.00, New: 240.00
Emission Wavelength Changed: 8/19/2022 12:28:28 PM, Old: 310.00, New: 400.00
Stop Wavelength Changed: 8/19/2022 12:28:28 PM, Old: 500.00, New: 390.00
Zero Mode Changed: 8/19/2022 12:28:31 PM, Old:ON, New:Reading
Zero Mode Changed: 8/19/2022 12:28:31 PM, Old:Reading, New:ON
Scan mode: Changed: 8/19/2022 12:29:17 PM, Old:Excitation, New:Emission
Excitation Wavelength Changed: 8/19/2022 12:29:17 PM, Old: 240.00, New: 330.00
Emission Wavelength Changed: 8/19/2022 12:29:17 PM, Old: 400.00, New: 340.00
Stop Wavelength Changed: 8/19/2022 12:29:17 PM, Old: 390.00, New: 500.00
Zero Mode Changed: 8/19/2022 12:29:19 PM, Old:ON, New:Reading
Zero Mode Changed: 8/19/2022 12:29:19 PM, Old:Reading, New:ON
Scan mode: Changed: 8/19/2022 12:30:02 PM, Old:Emission, New:Excitation
Excitation Wavelength Changed: 8/19/2022 12:30:02 PM, Old: 330.00, New: 240.00
Emission Wavelength Changed: 8/19/2022 12:30:02 PM, Old: 340.00, New: 410.00
Stop Wavelength Changed: 8/19/2022 12:30:02 PM, Old: 500.00, New: 400.00
Zero Mode Changed: 8/19/2022 12:30:08 PM, Old:ON, New:Reading
Zero Mode Changed: 8/19/2022 12:30:08 PM, Old:Reading, New:ON
Scan mode: Changed: 8/19/2022 12:30:53 PM, Old:Excitation, New:Emission
Excitation Wavelength Changed: 8/19/2022 12:30:53 PM, Old: 240.00, New: 335.00
Emission Wavelength Changed: 8/19/2022 12:30:53 PM, Old: 410.00, New: 345.00
Stop Wavelength Changed: 8/19/2022 12:30:53 PM, Old: 400.00, New: 600.00
Zero Mode Changed: 8/19/2022 12:30:55 PM, Old:ON, New:Reading
Zero Mode Changed: 8/19/2022 12:30:55 PM, Old:Reading, New:ON
Zero Mode Changed: 8/19/2022 12:34:51 PM, Old:ON, New:Reading
Zero Mode Changed: 8/19/2022 12:34:51 PM, Old:Reading, New:ON
Scan mode: Changed: 8/19/2022 12:35:39 PM, Old:Emission, New:Excitation
Excitation Wavelength Changed: 8/19/2022 12:35:39 PM, Old: 335.00, New: 240.00
Emission Wavelength Changed: 8/19/2022 12:35:39 PM, Old: 345.00, New: 410.00
Stop Wavelength Changed: 8/19/2022 12:35:39 PM, Old: 600.00, New: 400.00
Zero Mode Changed: 8/19/2022 12:35:42 PM, Old:ON, New:Reading
Zero Mode Changed: 8/19/2022 12:35:43 PM, Old:Reading, New:ON
Scan mode: Changed: 8/19/2022 12:36:52 PM, Old:Excitation, New:Emission
Excitation Wavelength Changed: 8/19/2022 12:36:52 PM, Old: 240.00, New: 300.00
Emission Wavelength Changed: 8/19/2022 12:36:52 PM, Old: 410.00, New: 310.00
Stop Wavelength Changed: 8/19/2022 12:36:52 PM, Old: 400.00, New: 600.00
Zero Mode Changed: 8/19/2022 12:36:54 PM, Old:ON, New:Reading
Zero Mode Changed: 8/19/2022 12:36:54 PM, Old:Reading, New:ON
Scan mode: Changed: 8/19/2022 12:37:46 PM, Old:Emission, New:Excitation
Excitation Wavelength Changed: 8/19/2022 12:37:46 PM, Old: 300.00, New: 240.00
Emission Wavelength Changed: 8/19/2022 12:37:46 PM, Old: 310.00, New: 350.00
Stop Wavelength Changed: 8/19/2022 12:37:46 PM, Old: 600.00, New: 340.00
Zero Mode Changed: 8/19/2022 12:37:49 PM, Old:ON, New:Reading
Zero Mode Changed: 8/19/2022 12:37:49 PM, Old:Reading, New:ON
Scan mode: Changed: 8/19/2022 12:38:28 PM, Old:Excitation, New:Emission
Excitation Wavelength Changed: 8/19/2022 12:38:28 PM, Old: 240.00, New: 295.00
Emission Wavelength Changed: 8/19/2022 12:38:28 PM, Old: 350.00, New: 305.00
Stop Wavelength Changed: 8/19/2022 12:38:28 PM, Old: 340.00, New: 550.00
Zero Mode Changed: 8/19/2022 12:38:31 PM, Old:ON, New:Reading
Zero Mode Changed: 8/19/2022 12:38:31 PM, Old:Reading, New:ON
Scan Control Changed: 8/19/2022 12:39:12 PM, Old:Medium, New:Slow
Ave. time (s): Changed: 8/19/2022 12:39:12 PM, Old:0.10000, New:0.50000
Zero Mode Changed: 8/19/2022 12:39:14 PM, Old:ON, New:Reading
Zero Mode Changed: 8/19/2022 12:39:14 PM, Old:Reading, New:ON
Excitation Wavelength Changed: 8/19/2022 12:41:46 PM, Old: 295.00, New: 335.00
Emission Wavelength Changed: 8/19/2022 12:41:46 PM, Old: 305.00, New: 345.00
Stop Wavelength Changed: 8/19/2022 12:41:46 PM, Old: 550.00, New: 600.00
Zero Mode Changed: 8/19/2022 12:41:49 PM, Old:ON, New:Reading
Zero Mode Changed: 8/19/2022 12:41:50 PM, Old:Reading, New:ON
Scan mode: Changed: 8/19/2022 12:46:36 PM, Old:Emission, New:Excitation
Excitation Wavelength Changed: 8/19/2022 12:46:36 PM, Old: 335.00, New: 240.00
Emission Wavelength Changed: 8/19/2022 12:46:36 PM, Old: 345.00, New: 410.00
Stop Wavelength Changed: 8/19/2022 12:46:36 PM, Old: 600.00, New: 400.00
Zero Mode Changed: 8/19/2022 12:46:39 PM, Old:ON, New:Reading
Zero Mode Changed: 8/19/2022 12:46:40 PM, Old:Reading, New:ON
Scan Control Changed: 8/19/2022 12:50:26 PM, Old:Slow, New:Medium
Ave. time (s): Changed: 8/19/2022 12:50:26 PM, Old:0.50000, New:0.10000
Zero Mode Changed: 8/19/2022 12:50:27 PM, Old:ON, New:Reading
Zero Mode Changed: 8/19/2022 12:50:27 PM, Old:Reading, New:ON
Scan mode: Changed: 8/19/2022 12:51:32 PM, Old:Excitation, New:Emission
Excitation Wavelength Changed: 8/19/2022 12:51:32 PM, Old: 240.00, New: 337.00
Emission Wavelength Changed: 8/19/2022 12:51:32 PM, Old: 410.00, New: 347.00
Stop Wavelength Changed: 8/19/2022 12:51:32 PM, Old: 400.00, New: 600.00
Zero Mode Changed: 8/19/2022 12:51:34 PM, Old:ON, New:Reading
Zero Mode Changed: 8/19/2022 12:51:35 PM, Old:Reading, New:ON
End Method Modifications

CdS sonochem 120min em415,
CdS sonochem 120min em415
Collection Time: 8/19/2022 12:52:39 PM
Operator Name  :
Scan Software Version: 1.1(132)
Parameter List :
Instrument                        Cary Eclipse
Instrument Serial Number          E08013467
Data mode                         Fluorescence
Scan mode                         Excitation
X Mode                            Wavelength (nm)
Start (nm)                        240.00
Stop (nm)                         400.00
Em. Wavelength (nm)               415.00
Ex. Slit (nm)                     5
Em. Slit (nm)                     5
Scan rate (nm/min)                600.00
Data interval (nm)                1.0000
Averaging Time (s)                0.1000
Excitation filter                 Auto
Emission filter                   Open
PMT voltage (V)                   Medium
Corrected spectra                 OFF
Method Log     :
Method Name    : Default
Date/Time stamp: 8/19/2022 12:23:28 PM
Method Modifications:
Overlayed Graphs Changed: 8/19/2022 12:24:53 PM, Old:OFF, New:ON
Y max Changed: 8/19/2022 12:24:53 PM, Old:  1000.0000, New:   300.0000
Excitation Wavelength Changed: 8/19/2022 12:27:20 PM, Old: 350.00, New: 300.00
Emission Wavelength Changed: 8/19/2022 12:27:20 PM, Old: 400.00, New: 310.00
Stop Wavelength Changed: 8/19/2022 12:27:20 PM, Old: 600.00, New: 500.00
Zero Mode Changed: 8/19/2022 12:27:22 PM, Old:OFF, New:Reading
Zero Mode Changed: 8/19/2022 12:27:22 PM, Old:Reading, New:ON
Scan mode: Changed: 8/19/2022 12:28:28 PM, Old:Emission, New:Excitation
Excitation Wavelength Changed: 8/19/2022 12:28:28 PM, Old: 300.00, New: 240.00
Emission Wavelength Changed: 8/19/2022 12:28:28 PM, Old: 310.00, New: 400.00
Stop Wavelength Changed: 8/19/2022 12:28:28 PM, Old: 500.00, New: 390.00
Zero Mode Changed: 8/19/2022 12:28:31 PM, Old:ON, New:Reading
Zero Mode Changed: 8/19/2022 12:28:31 PM, Old:Reading, New:ON
Scan mode: Changed: 8/19/2022 12:29:17 PM, Old:Excitation, New:Emission
Excitation Wavelength Changed: 8/19/2022 12:29:17 PM, Old: 240.00, New: 330.00
Emission Wavelength Changed: 8/19/2022 12:29:17 PM, Old: 400.00, New: 340.00
Stop Wavelength Changed: 8/19/2022 12:29:17 PM, Old: 390.00, New: 500.00
Zero Mode Changed: 8/19/2022 12:29:19 PM, Old:ON, New:Reading
Zero Mode Changed: 8/19/2022 12:29:19 PM, Old:Reading, New:ON
Scan mode: Changed: 8/19/2022 12:30:02 PM, Old:Emission, New:Excitation
Excitation Wavelength Changed: 8/19/2022 12:30:02 PM, Old: 330.00, New: 240.00
Emission Wavelength Changed: 8/19/2022 12:30:02 PM, Old: 340.00, New: 410.00
Stop Wavelength Changed: 8/19/2022 12:30:02 PM, Old: 500.00, New: 400.00
Zero Mode Changed: 8/19/2022 12:30:08 PM, Old:ON, New:Reading
Zero Mode Changed: 8/19/2022 12:30:08 PM, Old:Reading, New:ON
Scan mode: Changed: 8/19/2022 12:30:53 PM, Old:Excitation, New:Emission
Excitation Wavelength Changed: 8/19/2022 12:30:53 PM, Old: 240.00, New: 335.00
Emission Wavelength Changed: 8/19/2022 12:30:53 PM, Old: 410.00, New: 345.00
Stop Wavelength Changed: 8/19/2022 12:30:53 PM, Old: 400.00, New: 600.00
Zero Mode Changed: 8/19/2022 12:30:55 PM, Old:ON, New:Reading
Zero Mode Changed: 8/19/2022 12:30:55 PM, Old:Reading, New:ON
Zero Mode Changed: 8/19/2022 12:34:51 PM, Old:ON, New:Reading
Zero Mode Changed: 8/19/2022 12:34:51 PM, Old:Reading, New:ON
Scan mode: Changed: 8/19/2022 12:35:39 PM, Old:Emission, New:Excitation
Excitation Wavelength Changed: 8/19/2022 12:35:39 PM, Old: 335.00, New: 240.00
Emission Wavelength Changed: 8/19/2022 12:35:39 PM, Old: 345.00, New: 410.00
Stop Wavelength Changed: 8/19/2022 12:35:39 PM, Old: 600.00, New: 400.00
Zero Mode Changed: 8/19/2022 12:35:42 PM, Old:ON, New:Reading
Zero Mode Changed: 8/19/2022 12:35:43 PM, Old:Reading, New:ON
Scan mode: Changed: 8/19/2022 12:36:52 PM, Old:Excitation, New:Emission
Excitation Wavelength Changed: 8/19/2022 12:36:52 PM, Old: 240.00, New: 300.00
Emission Wavelength Changed: 8/19/2022 12:36:52 PM, Old: 410.00, New: 310.00
Stop Wavelength Changed: 8/19/2022 12:36:52 PM, Old: 400.00, New: 600.00
Zero Mode Changed: 8/19/2022 12:36:54 PM, Old:ON, New:Reading
Zero Mode Changed: 8/19/2022 12:36:54 PM, Old:Reading, New:ON
Scan mode: Changed: 8/19/2022 12:37:46 PM, Old:Emission, New:Excitation
Excitation Wavelength Changed: 8/19/2022 12:37:46 PM, Old: 300.00, New: 240.00
Emission Wavelength Changed: 8/19/2022 12:37:46 PM, Old: 310.00, New: 350.00
Stop Wavelength Changed: 8/19/2022 12:37:46 PM, Old: 600.00, New: 340.00
Zero Mode Changed: 8/19/2022 12:37:49 PM, Old:ON, New:Reading
Zero Mode Changed: 8/19/2022 12:37:49 PM, Old:Reading, New:ON
Scan mode: Changed: 8/19/2022 12:38:28 PM, Old:Excitation, New:Emission
Excitation Wavelength Changed: 8/19/2022 12:38:28 PM, Old: 240.00, New: 295.00
Emission Wavelength Changed: 8/19/2022 12:38:28 PM, Old: 350.00, New: 305.00
Stop Wavelength Changed: 8/19/2022 12:38:28 PM, Old: 340.00, New: 550.00
Zero Mode Changed: 8/19/2022 12:38:31 PM, Old:ON, New:Reading
Zero Mode Changed: 8/19/2022 12:38:31 PM, Old:Reading, New:ON
Scan Control Changed: 8/19/2022 12:39:12 PM, Old:Medium, New:Slow
Ave. time (s): Changed: 8/19/2022 12:39:12 PM, Old:0.10000, New:0.50000
Zero Mode Changed: 8/19/2022 12:39:14 PM, Old:ON, New:Reading
Zero Mode Changed: 8/19/2022 12:39:14 PM, Old:Reading, New:ON
Excitation Wavelength Changed: 8/19/2022 12:41:46 PM, Old: 295.00, New: 335.00
Emission Wavelength Changed: 8/19/2022 12:41:46 PM, Old: 305.00, New: 345.00
Stop Wavelength Changed: 8/19/2022 12:41:46 PM, Old: 550.00, New: 600.00
Zero Mode Changed: 8/19/2022 12:41:49 PM, Old:ON, New:Reading
Zero Mode Changed: 8/19/2022 12:41:50 PM, Old:Reading, New:ON
Scan mode: Changed: 8/19/2022 12:46:36 PM, Old:Emission, New:Excitation
Excitation Wavelength Changed: 8/19/2022 12:46:36 PM, Old: 335.00, New: 240.00
Emission Wavelength Changed: 8/19/2022 12:46:36 PM, Old: 345.00, New: 410.00
Stop Wavelength Changed: 8/19/2022 12:46:36 PM, Old: 600.00, New: 400.00
Zero Mode Changed: 8/19/2022 12:46:39 PM, Old:ON, New:Reading
Zero Mode Changed: 8/19/2022 12:46:40 PM, Old:Reading, New:ON
Scan Control Changed: 8/19/2022 12:50:26 PM, Old:Slow, New:Medium
Ave. time (s): Changed: 8/19/2022 12:50:26 PM, Old:0.50000, New:0.10000
Zero Mode Changed: 8/19/2022 12:50:27 PM, Old:ON, New:Reading
Zero Mode Changed: 8/19/2022 12:50:27 PM, Old:Reading, New:ON
Scan mode: Changed: 8/19/2022 12:51:32 PM, Old:Excitation, New:Emission
Excitation Wavelength Changed: 8/19/2022 12:51:32 PM, Old: 240.00, New: 337.00
Emission Wavelength Changed: 8/19/2022 12:51:32 PM, Old: 410.00, New: 347.00
Stop Wavelength Changed: 8/19/2022 12:51:32 PM, Old: 400.00, New: 600.00
Zero Mode Changed: 8/19/2022 12:51:34 PM, Old:ON, New:Reading
Zero Mode Changed: 8/19/2022 12:51:35 PM, Old:Reading, New:ON
Scan mode: Changed: 8/19/2022 12:52:30 PM, Old:Emission, New:Excitation
Excitation Wavelength Changed: 8/19/2022 12:52:30 PM, Old: 337.00, New: 240.00
Emission Wavelength Changed: 8/19/2022 12:52:30 PM, Old: 347.00, New: 415.00
Stop Wavelength Changed: 8/19/2022 12:52:30 PM, Old: 600.00, New: 400.00
Zero Mode Changed: 8/19/2022 12:52:33 PM, Old:ON, New:Reading
Zero Mode Changed: 8/19/2022 12:52:33 PM, Old:Reading, New:ON
End Method Modifications

CdS sonochem 120min ex340,
CdS sonochem 120min ex340
Collection Time: 8/19/2022 12:53:21 PM
Operator Name  :
Scan Software Version: 1.1(132)
Parameter List :
Instrument                        Cary Eclipse
Instrument Serial Number          E08013467
Data mode                         Fluorescence
Scan mode                         Emission
X Mode                            Wavelength (nm)
Start (nm)                        350.00
Stop (nm)                         600.00
Ex. Wavelength (nm)               340.00
Ex. Slit (nm)                     5
Em. Slit (nm)                     5
Scan rate (nm/min)                600.00
Data interval (nm)                1.0000
Averaging Time (s)                0.1000
Excitation filter                 Auto
Emission filter                   Open
PMT voltage (V)                   Medium
Corrected spectra                 OFF
Method Log     :
Method Name    : Default
Date/Time stamp: 8/19/2022 12:23:28 PM
Method Modifications:
Overlayed Graphs Changed: 8/19/2022 12:24:53 PM, Old:OFF, New:ON
Y max Changed: 8/19/2022 12:24:53 PM, Old:  1000.0000, New:   300.0000
Excitation Wavelength Changed: 8/19/2022 12:27:20 PM, Old: 350.00, New: 300.00
Emission Wavelength Changed: 8/19/2022 12:27:20 PM, Old: 400.00, New: 310.00
Stop Wavelength Changed: 8/19/2022 12:27:20 PM, Old: 600.00, New: 500.00
Zero Mode Changed: 8/19/2022 12:27:22 PM, Old:OFF, New:Reading
Zero Mode Changed: 8/19/2022 12:27:22 PM, Old:Reading, New:ON
Scan mode: Changed: 8/19/2022 12:28:28 PM, Old:Emission, New:Excitation
Excitation Wavelength Changed: 8/19/2022 12:28:28 PM, Old: 300.00, New: 240.00
Emission Wavelength Changed: 8/19/2022 12:28:28 PM, Old: 310.00, New: 400.00
Stop Wavelength Changed: 8/19/2022 12:28:28 PM, Old: 500.00, New: 390.00
Zero Mode Changed: 8/19/2022 12:28:31 PM, Old:ON, New:Reading
Zero Mode Changed: 8/19/2022 12:28:31 PM, Old:Reading, New:ON
Scan mode: Changed: 8/19/2022 12:29:17 PM, Old:Excitation, New:Emission
Excitation Wavelength Changed: 8/19/2022 12:29:17 PM, Old: 240.00, New: 330.00
Emission Wavelength Changed: 8/19/2022 12:29:17 PM, Old: 400.00, New: 340.00
Stop Wavelength Changed: 8/19/2022 12:29:17 PM, Old: 390.00, New: 500.00
Zero Mode Changed: 8/19/2022 12:29:19 PM, Old:ON, New:Reading
Zero Mode Changed: 8/19/2022 12:29:19 PM, Old:Reading, New:ON
Scan mode: Changed: 8/19/2022 12:30:02 PM, Old:Emission, New:Excitation
Excitation Wavelength Changed: 8/19/2022 12:30:02 PM, Old: 330.00, New: 240.00
Emission Wavelength Changed: 8/19/2022 12:30:02 PM, Old: 340.00, New: 410.00
Stop Wavelength Changed: 8/19/2022 12:30:02 PM, Old: 500.00, New: 400.00
Zero Mode Changed: 8/19/2022 12:30:08 PM, Old:ON, New:Reading
Zero Mode Changed: 8/19/2022 12:30:08 PM, Old:Reading, New:ON
Scan mode: Changed: 8/19/2022 12:30:53 PM, Old:Excitation, New:Emission
Excitation Wavelength Changed: 8/19/2022 12:30:53 PM, Old: 240.00, New: 335.00
Emission Wavelength Changed: 8/19/2022 12:30:53 PM, Old: 410.00, New: 345.00
Stop Wavelength Changed: 8/19/2022 12:30:53 PM, Old: 400.00, New: 600.00
Zero Mode Changed: 8/19/2022 12:30:55 PM, Old:ON, New:Reading
Zero Mode Changed: 8/19/2022 12:30:55 PM, Old:Reading, New:ON
Zero Mode Changed: 8/19/2022 12:34:51 PM, Old:ON, New:Reading
Zero Mode Changed: 8/19/2022 12:34:51 PM, Old:Reading, New:ON
Scan mode: Changed: 8/19/2022 12:35:39 PM, Old:Emission, New:Excitation
Excitation Wavelength Changed: 8/19/2022 12:35:39 PM, Old: 335.00, New: 240.00
Emission Wavelength Changed: 8/19/2022 12:35:39 PM, Old: 345.00, New: 410.00
Stop Wavelength Changed: 8/19/2022 12:35:39 PM, Old: 600.00, New: 400.00
Zero Mode Changed: 8/19/2022 12:35:42 PM, Old:ON, New:Reading
Zero Mode Changed: 8/19/2022 12:35:43 PM, Old:Reading, New:ON
Scan mode: Changed: 8/19/2022 12:36:52 PM, Old:Excitation, New:Emission
Excitation Wavelength Changed: 8/19/2022 12:36:52 PM, Old: 240.00, New: 300.00
Emission Wavelength Changed: 8/19/2022 12:36:52 PM, Old: 410.00, New: 310.00
Stop Wavelength Changed: 8/19/2022 12:36:52 PM, Old: 400.00, New: 600.00
Zero Mode Changed: 8/19/2022 12:36:54 PM, Old:ON, New:Reading
Zero Mode Changed: 8/19/2022 12:36:54 PM, Old:Reading, New:ON
Scan mode: Changed: 8/19/2022 12:37:46 PM, Old:Emission, New:Excitation
Excitation Wavelength Changed: 8/19/2022 12:37:46 PM, Old: 300.00, New: 240.00
Emission Wavelength Changed: 8/19/2022 12:37:46 PM, Old: 310.00, New: 350.00
Stop Wavelength Changed: 8/19/2022 12:37:46 PM, Old: 600.00, New: 340.00
Zero Mode Changed: 8/19/2022 12:37:49 PM, Old:ON, New:Reading
Zero Mode Changed: 8/19/2022 12:37:49 PM, Old:Reading, New:ON
Scan mode: Changed: 8/19/2022 12:38:28 PM, Old:Excitation, New:Emission
Excitation Wavelength Changed: 8/19/2022 12:38:28 PM, Old: 240.00, New: 295.00
Emission Wavelength Changed: 8/19/2022 12:38:28 PM, Old: 350.00, New: 305.00
Stop Wavelength Changed: 8/19/2022 12:38:28 PM, Old: 340.00, New: 550.00
Zero Mode Changed: 8/19/2022 12:38:31 PM, Old:ON, New:Reading
Zero Mode Changed: 8/19/2022 12:38:31 PM, Old:Reading, New:ON
Scan Control Changed: 8/19/2022 12:39:12 PM, Old:Medium, New:Slow
Ave. time (s): Changed: 8/19/2022 12:39:12 PM, Old:0.10000, New:0.50000
Zero Mode Changed: 8/19/2022 12:39:14 PM, Old:ON, New:Reading
Zero Mode Changed: 8/19/2022 12:39:14 PM, Old:Reading, New:ON
Excitation Wavelength Changed: 8/19/2022 12:41:46 PM, Old: 295.00, New: 335.00
Emission Wavelength Changed: 8/19/2022 12:41:46 PM, Old: 305.00, New: 345.00
Stop Wavelength Changed: 8/19/2022 12:41:46 PM, Old: 550.00, New: 600.00
Zero Mode Changed: 8/19/2022 12:41:49 PM, Old:ON, New:Reading
Zero Mode Changed: 8/19/2022 12:41:50 PM, Old:Reading, New:ON
Scan mode: Changed: 8/19/2022 12:46:36 PM, Old:Emission, New:Excitation
Excitation Wavelength Changed: 8/19/2022 12:46:36 PM, Old: 335.00, New: 240.00
Emission Wavelength Changed: 8/19/2022 12:46:36 PM, Old: 345.00, New: 410.00
Stop Wavelength Changed: 8/19/2022 12:46:36 PM, Old: 600.00, New: 400.00
Zero Mode Changed: 8/19/2022 12:46:39 PM, Old:ON, New:Reading
Zero Mode Changed: 8/19/2022 12:46:40 PM, Old:Reading, New:ON
Scan Control Changed: 8/19/2022 12:50:26 PM, Old:Slow, New:Medium
Ave. time (s): Changed: 8/19/2022 12:50:26 PM, Old:0.50000, New:0.10000
Zero Mode Changed: 8/19/2022 12:50:27 PM, Old:ON, New:Reading
Zero Mode Changed: 8/19/2022 12:50:27 PM, Old:Reading, New:ON
Scan mode: Changed: 8/19/2022 12:51:32 PM, Old:Excitation, New:Emission
Excitation Wavelength Changed: 8/19/2022 12:51:32 PM, Old: 240.00, New: 337.00
Emission Wavelength Changed: 8/19/2022 12:51:32 PM, Old: 410.00, New: 347.00
Stop Wavelength Changed: 8/19/2022 12:51:32 PM, Old: 400.00, New: 600.00
Zero Mode Changed: 8/19/2022 12:51:34 PM, Old:ON, New:Reading
Zero Mode Changed: 8/19/2022 12:51:35 PM, Old:Reading, New:ON
Scan mode: Changed: 8/19/2022 12:52:30 PM, Old:Emission, New:Excitation
Excitation Wavelength Changed: 8/19/2022 12:52:30 PM, Old: 337.00, New: 240.00
Emission Wavelength Changed: 8/19/2022 12:52:30 PM, Old: 347.00, New: 415.00
Stop Wavelength Changed: 8/19/2022 12:52:30 PM, Old: 600.00, New: 400.00
Zero Mode Changed: 8/19/2022 12:52:33 PM, Old:ON, New:Reading
Zero Mode Changed: 8/19/2022 12:52:33 PM, Old:Reading, New:ON
Scan mode: Changed: 8/19/2022 12:53:13 PM, Old:Excitation, New:Emission
Excitation Wavelength Changed: 8/19/2022 12:53:13 PM, Old: 240.00, New: 340.00
Emission Wavelength Changed: 8/19/2022 12:53:13 PM, Old: 415.00, New: 350.00
Stop Wavelength Changed: 8/19/2022 12:53:13 PM, Old: 400.00, New: 600.00
Zero Mode Changed: 8/19/2022 12:53:15 PM, Old:ON, New:Reading
Zero Mode Changed: 8/19/2022 12:53:15 PM, Old:Reading, New:ON
End Method Modifications

CdS sonochem 120min ex340 slow,
CdS sonochem 120min ex340 slow
Collection Time: 8/19/2022 12:55:00 PM
Operator Name  :
Scan Software Version: 1.1(132)
Parameter List :
Instrument                        Cary Eclipse
Instrument Serial Number          E08013467
Data mode                         Fluorescence
Scan mode                         Emission
X Mode                            Wavelength (nm)
Start (nm)                        350.00
Stop (nm)                         600.00
Ex. Wavelength (nm)               340.00
Ex. Slit (nm)                     5
Em. Slit (nm)                     5
Scan rate (nm/min)                120.00
Data interval (nm)                1.0000
Averaging Time (s)                0.5000
Excitation filter                 Auto
Emission filter                   Open
PMT voltage (V)                   Medium
Corrected spectra                 OFF
Method Log     :
Method Name    : Default
Date/Time stamp: 8/19/2022 12:23:28 PM
Method Modifications:
Overlayed Graphs Changed: 8/19/2022 12:24:53 PM, Old:OFF, New:ON
Y max Changed: 8/19/2022 12:24:53 PM, Old:  1000.0000, New:   300.0000
Excitation Wavelength Changed: 8/19/2022 12:27:20 PM, Old: 350.00, New: 300.00
Emission Wavelength Changed: 8/19/2022 12:27:20 PM, Old: 400.00, New: 310.00
Stop Wavelength Changed: 8/19/2022 12:27:20 PM, Old: 600.00, New: 500.00
Zero Mode Changed: 8/19/2022 12:27:22 PM, Old:OFF, New:Reading
Zero Mode Changed: 8/19/2022 12:27:22 PM, Old:Reading, New:ON
Scan mode: Changed: 8/19/2022 12:28:28 PM, Old:Emission, New:Excitation
Excitation Wavelength Changed: 8/19/2022 12:28:28 PM, Old: 300.00, New: 240.00
Emission Wavelength Changed: 8/19/2022 12:28:28 PM, Old: 310.00, New: 400.00
Stop Wavelength Changed: 8/19/2022 12:28:28 PM, Old: 500.00, New: 390.00
Zero Mode Changed: 8/19/2022 12:28:31 PM, Old:ON, New:Reading
Zero Mode Changed: 8/19/2022 12:28:31 PM, Old:Reading, New:ON
Scan mode: Changed: 8/19/2022 12:29:17 PM, Old:Excitation, New:Emission
Excitation Wavelength Changed: 8/19/2022 12:29:17 PM, Old: 240.00, New: 330.00
Emission Wavelength Changed: 8/19/2022 12:29:17 PM, Old: 400.00, New: 340.00
Stop Wavelength Changed: 8/19/2022 12:29:17 PM, Old: 390.00, New: 500.00
Zero Mode Changed: 8/19/2022 12:29:19 PM, Old:ON, New:Reading
Zero Mode Changed: 8/19/2022 12:29:19 PM, Old:Reading, New:ON
Scan mode: Changed: 8/19/2022 12:30:02 PM, Old:Emission, New:Excitation
Excitation Wavelength Changed: 8/19/2022 12:30:02 PM, Old: 330.00, New: 240.00
Emission Wavelength Changed: 8/19/2022 12:30:02 PM, Old: 340.00, New: 410.00
Stop Wavelength Changed: 8/19/2022 12:30:02 PM, Old: 500.00, New: 400.00
Zero Mode Changed: 8/19/2022 12:30:08 PM, Old:ON, New:Reading
Zero Mode Changed: 8/19/2022 12:30:08 PM, Old:Reading, New:ON
Scan mode: Changed: 8/19/2022 12:30:53 PM, Old:Excitation, New:Emission
Excitation Wavelength Changed: 8/19/2022 12:30:53 PM, Old: 240.00, New: 335.00
Emission Wavelength Changed: 8/19/2022 12:30:53 PM, Old: 410.00, New: 345.00
Stop Wavelength Changed: 8/19/2022 12:30:53 PM, Old: 400.00, New: 600.00
Zero Mode Changed: 8/19/2022 12:30:55 PM, Old:ON, New:Reading
Zero Mode Changed: 8/19/2022 12:30:55 PM, Old:Reading, New:ON
Zero Mode Changed: 8/19/2022 12:34:51 PM, Old:ON, New:Reading
Zero Mode Changed: 8/19/2022 12:34:51 PM, Old:Reading, New:ON
Scan mode: Changed: 8/19/2022 12:35:39 PM, Old:Emission, New:Excitation
Excitation Wavelength Changed: 8/19/2022 12:35:39 PM, Old: 335.00, New: 240.00
Emission Wavelength Changed: 8/19/2022 12:35:39 PM, Old: 345.00, New: 410.00
Stop Wavelength Changed: 8/19/2022 12:35:39 PM, Old: 600.00, New: 400.00
Zero Mode Changed: 8/19/2022 12:35:42 PM, Old:ON, New:Reading
Zero Mode Changed: 8/19/2022 12:35:43 PM, Old:Reading, New:ON
Scan mode: Changed: 8/19/2022 12:36:52 PM, Old:Excitation, New:Emission
Excitation Wavelength Changed: 8/19/2022 12:36:52 PM, Old: 240.00, New: 300.00
Emission Wavelength Changed: 8/19/2022 12:36:52 PM, Old: 410.00, New: 310.00
Stop Wavelength Changed: 8/19/2022 12:36:52 PM, Old: 400.00, New: 600.00
Zero Mode Changed: 8/19/2022 12:36:54 PM, Old:ON, New:Reading
Zero Mode Changed: 8/19/2022 12:36:54 PM, Old:Reading, New:ON
Scan mode: Changed: 8/19/2022 12:37:46 PM, Old:Emission, New:Excitation
Excitation Wavelength Changed: 8/19/2022 12:37:46 PM, Old: 300.00, New: 240.00
Emission Wavelength Changed: 8/19/2022 12:37:46 PM, Old: 310.00, New: 350.00
Stop Wavelength Changed: 8/19/2022 12:37:46 PM, Old: 600.00, New: 340.00
Zero Mode Changed: 8/19/2022 12:37:49 PM, Old:ON, New:Reading
Zero Mode Changed: 8/19/2022 12:37:49 PM, Old:Reading, New:ON
Scan mode: Changed: 8/19/2022 12:38:28 PM, Old:Excitation, New:Emission
Excitation Wavelength Changed: 8/19/2022 12:38:28 PM, Old: 240.00, New: 295.00
Emission Wavelength Changed: 8/19/2022 12:38:28 PM, Old: 350.00, New: 305.00
Stop Wavelength Changed: 8/19/2022 12:38:28 PM, Old: 340.00, New: 550.00
Zero Mode Changed: 8/19/2022 12:38:31 PM, Old:ON, New:Reading
Zero Mode Changed: 8/19/2022 12:38:31 PM, Old:Reading, New:ON
Scan Control Changed: 8/19/2022 12:39:12 PM, Old:Medium, New:Slow
Ave. time (s): Changed: 8/19/2022 12:39:12 PM, Old:0.10000, New:0.50000
Zero Mode Changed: 8/19/2022 12:39:14 PM, Old:ON, New:Reading
Zero Mode Changed: 8/19/2022 12:39:14 PM, Old:Reading, New:ON
Excitation Wavelength Changed: 8/19/2022 12:41:46 PM, Old: 295.00, New: 335.00
Emission Wavelength Changed: 8/19/2022 12:41:46 PM, Old: 305.00, New: 345.00
Stop Wavelength Changed: 8/19/2022 12:41:46 PM, Old: 550.00, New: 600.00
Zero Mode Changed: 8/19/2022 12:41:49 PM, Old:ON, New:Reading
Zero Mode Changed: 8/19/2022 12:41:50 PM, Old:Reading, New:ON
Scan mode: Changed: 8/19/2022 12:46:36 PM, Old:Emission, New:Excitation
Excitation Wavelength Changed: 8/19/2022 12:46:36 PM, Old: 335.00, New: 240.00
Emission Wavelength Changed: 8/19/2022 12:46:36 PM, Old: 345.00, New: 410.00
Stop Wavelength Changed: 8/19/2022 12:46:36 PM, Old: 600.00, New: 400.00
Zero Mode Changed: 8/19/2022 12:46:39 PM, Old:ON, New:Reading
Zero Mode Changed: 8/19/2022 12:46:40 PM, Old:Reading, New:ON
Scan Control Changed: 8/19/2022 12:50:26 PM, Old:Slow, New:Medium
Ave. time (s): Changed: 8/19/2022 12:50:26 PM, Old:0.50000, New:0.10000
Zero Mode Changed: 8/19/2022 12:50:27 PM, Old:ON, New:Reading
Zero Mode Changed: 8/19/2022 12:50:27 PM, Old:Reading, New:ON
Scan mode: Changed: 8/19/2022 12:51:32 PM, Old:Excitation, New:Emission
Excitation Wavelength Changed: 8/19/2022 12:51:32 PM, Old: 240.00, New: 337.00
Emission Wavelength Changed: 8/19/2022 12:51:32 PM, Old: 410.00, New: 347.00
Stop Wavelength Changed: 8/19/2022 12:51:32 PM, Old: 400.00, New: 600.00
Zero Mode Changed: 8/19/2022 12:51:34 PM, Old:ON, New:Reading
Zero Mode Changed: 8/19/2022 12:51:35 PM, Old:Reading, New:ON
Scan mode: Changed: 8/19/2022 12:52:30 PM, Old:Emission, New:Excitation
Excitation Wavelength Changed: 8/19/2022 12:52:30 PM, Old: 337.00, New: 240.00
Emission Wavelength Changed: 8/19/2022 12:52:30 PM, Old: 347.00, New: 415.00
Stop Wavelength Changed: 8/19/2022 12:52:30 PM, Old: 600.00, New: 400.00
Zero Mode Changed: 8/19/2022 12:52:33 PM, Old:ON, New:Reading
Zero Mode Changed: 8/19/2022 12:52:33 PM, Old:Reading, New:ON
Scan mode: Changed: 8/19/2022 12:53:13 PM, Old:Excitation, New:Emission
Excitation Wavelength Changed: 8/19/2022 12:53:13 PM, Old: 240.00, New: 340.00
Emission Wavelength Changed: 8/19/2022 12:53:13 PM, Old: 415.00, New: 350.00
Stop Wavelength Changed: 8/19/2022 12:53:13 PM, Old: 400.00, New: 600.00
Zero Mode Changed: 8/19/2022 12:53:15 PM, Old:ON, New:Reading
Zero Mode Changed: 8/19/2022 12:53:15 PM, Old:Reading, New:ON
Zero Mode Changed: 8/19/2022 12:54:45 PM, Old:ON, New:Reading
Zero Mode Changed: 8/19/2022 12:54:46 PM, Old:Reading, New:ON
Zero Mode Changed: 8/19/2022 12:54:49 PM, Old:ON, New:Reading
Zero Mode Changed: 8/19/2022 12:54:49 PM, Old:Reading, New:ON
Scan Control Changed: 8/19/2022 12:54:51 PM, Old:Medium, New:Slow
Ave. time (s): Changed: 8/19/2022 12:54:51 PM, Old:0.10000, New:0.50000
Zero Mode Changed: 8/19/2022 12:54:55 PM, Old:ON, New:Reading
Zero Mode Changed: 8/19/2022 12:54:56 PM, Old:Reading, New:ON
End Method Modifications

CdS sonochem 120min em420 slow,
CdS sonochem 120min em420 slow
Collection Time: 8/19/2022 12:57:40 PM
Operator Name  :
Scan Software Version: 1.1(132)
Parameter List :
Instrument                        Cary Eclipse
Instrument Serial Number          E08013467
Data mode                         Fluorescence
Scan mode                         Excitation
X Mode                            Wavelength (nm)
Start (nm)                        240.00
Stop (nm)                         410.00
Em. Wavelength (nm)               420.00
Ex. Slit (nm)                     5
Em. Slit (nm)                     5
Scan rate (nm/min)                120.00
Data interval (nm)                1.0000
Averaging Time (s)                0.5000
Excitation filter                 Auto
Emission filter                   Open
PMT voltage (V)                   Medium
Corrected spectra                 OFF
Method Log     :
Method Name    : Default
Date/Time stamp: 8/19/2022 12:23:28 PM
Method Modifications:
Overlayed Graphs Changed: 8/19/2022 12:24:53 PM, Old:OFF, New:ON
Y max Changed: 8/19/2022 12:24:53 PM, Old:  1000.0000, New:   300.0000
Excitation Wavelength Changed: 8/19/2022 12:27:20 PM, Old: 350.00, New: 300.00
Emission Wavelength Changed: 8/19/2022 12:27:20 PM, Old: 400.00, New: 310.00
Stop Wavelength Changed: 8/19/2022 12:27:20 PM, Old: 600.00, New: 500.00
Zero Mode Changed: 8/19/2022 12:27:22 PM, Old:OFF, New:Reading
Zero Mode Changed: 8/19/2022 12:27:22 PM, Old:Reading, New:ON
Scan mode: Changed: 8/19/2022 12:28:28 PM, Old:Emission, New:Excitation
Excitation Wavelength Changed: 8/19/2022 12:28:28 PM, Old: 300.00, New: 240.00
Emission Wavelength Changed: 8/19/2022 12:28:28 PM, Old: 310.00, New: 400.00
Stop Wavelength Changed: 8/19/2022 12:28:28 PM, Old: 500.00, New: 390.00
Zero Mode Changed: 8/19/2022 12:28:31 PM, Old:ON, New:Reading
Zero Mode Changed: 8/19/2022 12:28:31 PM, Old:Reading, New:ON
Scan mode: Changed: 8/19/2022 12:29:17 PM, Old:Excitation, New:Emission
Excitation Wavelength Changed: 8/19/2022 12:29:17 PM, Old: 240.00, New: 330.00
Emission Wavelength Changed: 8/19/2022 12:29:17 PM, Old: 400.00, New: 340.00
Stop Wavelength Changed: 8/19/2022 12:29:17 PM, Old: 390.00, New: 500.00
Zero Mode Changed: 8/19/2022 12:29:19 PM, Old:ON, New:Reading
Zero Mode Changed: 8/19/2022 12:29:19 PM, Old:Reading, New:ON
Scan mode: Changed: 8/19/2022 12:30:02 PM, Old:Emission, New:Excitation
Excitation Wavelength Changed: 8/19/2022 12:30:02 PM, Old: 330.00, New: 240.00
Emission Wavelength Changed: 8/19/2022 12:30:02 PM, Old: 340.00, New: 410.00
Stop Wavelength Changed: 8/19/2022 12:30:02 PM, Old: 500.00, New: 400.00
Zero Mode Changed: 8/19/2022 12:30:08 PM, Old:ON, New:Reading
Zero Mode Changed: 8/19/2022 12:30:08 PM, Old:Reading, New:ON
Scan mode: Changed: 8/19/2022 12:30:53 PM, Old:Excitation, New:Emission
Excitation Wavelength Changed: 8/19/2022 12:30:53 PM, Old: 240.00, New: 335.00
Emission Wavelength Changed: 8/19/2022 12:30:53 PM, Old: 410.00, New: 345.00
Stop Wavelength Changed: 8/19/2022 12:30:53 PM, Old: 400.00, New: 600.00
Zero Mode Changed: 8/19/2022 12:30:55 PM, Old:ON, New:Reading
Zero Mode Changed: 8/19/2022 12:30:55 PM, Old:Reading, New:ON
Zero Mode Changed: 8/19/2022 12:34:51 PM, Old:ON, New:Reading
Zero Mode Changed: 8/19/2022 12:34:51 PM, Old:Reading, New:ON
Scan mode: Changed: 8/19/2022 12:35:39 PM, Old:Emission, New:Excitation
Excitation Wavelength Changed: 8/19/2022 12:35:39 PM, Old: 335.00, New: 240.00
Emission Wavelength Changed: 8/19/2022 12:35:39 PM, Old: 345.00, New: 410.00
Stop Wavelength Changed: 8/19/2022 12:35:39 PM, Old: 600.00, New: 400.00
Zero Mode Changed: 8/19/2022 12:35:42 PM, Old:ON, New:Reading
Zero Mode Changed: 8/19/2022 12:35:43 PM, Old:Reading, New:ON
Scan mode: Changed: 8/19/2022 12:36:52 PM, Old:Excitation, New:Emission
Excitation Wavelength Changed: 8/19/2022 12:36:52 PM, Old: 240.00, New: 300.00
Emission Wavelength Changed: 8/19/2022 12:36:52 PM, Old: 410.00, New: 310.00
Stop Wavelength Changed: 8/19/2022 12:36:52 PM, Old: 400.00, New: 600.00
Zero Mode Changed: 8/19/2022 12:36:54 PM, Old:ON, New:Reading
Zero Mode Changed: 8/19/2022 12:36:54 PM, Old:Reading, New:ON
Scan mode: Changed: 8/19/2022 12:37:46 PM, Old:Emission, New:Excitation
Excitation Wavelength Changed: 8/19/2022 12:37:46 PM, Old: 300.00, New: 240.00
Emission Wavelength Changed: 8/19/2022 12:37:46 PM, Old: 310.00, New: 350.00
Stop Wavelength Changed: 8/19/2022 12:37:46 PM, Old: 600.00, New: 340.00
Zero Mode Changed: 8/19/2022 12:37:49 PM, Old:ON, New:Reading
Zero Mode Changed: 8/19/2022 12:37:49 PM, Old:Reading, New:ON
Scan mode: Changed: 8/19/2022 12:38:28 PM, Old:Excitation, New:Emission
Excitation Wavelength Changed: 8/19/2022 12:38:28 PM, Old: 240.00, New: 295.00
Emission Wavelength Changed: 8/19/2022 12:38:28 PM, Old: 350.00, New: 305.00
Stop Wavelength Changed: 8/19/2022 12:38:28 PM, Old: 340.00, New: 550.00
Zero Mode Changed: 8/19/2022 12:38:31 PM, Old:ON, New:Reading
Zero Mode Changed: 8/19/2022 12:38:31 PM, Old:Reading, New:ON
Scan Control Changed: 8/19/2022 12:39:12 PM, Old:Medium, New:Slow
Ave. time (s): Changed: 8/19/2022 12:39:12 PM, Old:0.10000, New:0.50000
Zero Mode Changed: 8/19/2022 12:39:14 PM, Old:ON, New:Reading
Zero Mode Changed: 8/19/2022 12:39:14 PM, Old:Reading, New:ON
Excitation Wavelength Changed: 8/19/2022 12:41:46 PM, Old: 295.00, New: 335.00
Emission Wavelength Changed: 8/19/2022 12:41:46 PM, Old: 305.00, New: 345.00
Stop Wavelength Changed: 8/19/2022 12:41:46 PM, Old: 550.00, New: 600.00
Zero Mode Changed: 8/19/2022 12:41:49 PM, Old:ON, New:Reading
Zero Mode Changed: 8/19/2022 12:41:50 PM, Old:Reading, New:ON
Scan mode: Changed: 8/19/2022 12:46:36 PM, Old:Emission, New:Excitation
Excitation Wavelength Changed: 8/19/2022 12:46:36 PM, Old: 335.00, New: 240.00
Emission Wavelength Changed: 8/19/2022 12:46:36 PM, Old: 345.00, New: 410.00
Stop Wavelength Changed: 8/19/2022 12:46:36 PM, Old: 600.00, New: 400.00
Zero Mode Changed: 8/19/2022 12:46:39 PM, Old:ON, New:Reading
Zero Mode Changed: 8/19/2022 12:46:40 PM, Old:Reading, New:ON
Scan Control Changed: 8/19/2022 12:50:26 PM, Old:Slow, New:Medium
Ave. time (s): Changed: 8/19/2022 12:50:26 PM, Old:0.50000, New:0.10000
Zero Mode Changed: 8/19/2022 12:50:27 PM, Old:ON, New:Reading
Zero Mode Changed: 8/19/2022 12:50:27 PM, Old:Reading, New:ON
Scan mode: Changed: 8/19/2022 12:51:32 PM, Old:Excitation, New:Emission
Excitation Wavelength Changed: 8/19/2022 12:51:32 PM, Old: 240.00, New: 337.00
Emission Wavelength Changed: 8/19/2022 12:51:32 PM, Old: 410.00, New: 347.00
Stop Wavelength Changed: 8/19/2022 12:51:32 PM, Old: 400.00, New: 600.00
Zero Mode Changed: 8/19/2022 12:51:34 PM, Old:ON, New:Reading
Zero Mode Changed: 8/19/2022 12:51:35 PM, Old:Reading, New:ON
Scan mode: Changed: 8/19/2022 12:52:30 PM, Old:Emission, New:Excitation
Excitation Wavelength Changed: 8/19/2022 12:52:30 PM, Old: 337.00, New: 240.00
Emission Wavelength Changed: 8/19/2022 12:52:30 PM, Old: 347.00, New: 415.00
Stop Wavelength Changed: 8/19/2022 12:52:30 PM, Old: 600.00, New: 400.00
Zero Mode Changed: 8/19/2022 12:52:33 PM, Old:ON, New:Reading
Zero Mode Changed: 8/19/2022 12:52:33 PM, Old:Reading, New:ON
Scan mode: Changed: 8/19/2022 12:53:13 PM, Old:Excitation, New:Emission
Excitation Wavelength Changed: 8/19/2022 12:53:13 PM, Old: 240.00, New: 340.00
Emission Wavelength Changed: 8/19/2022 12:53:13 PM, Old: 415.00, New: 350.00
Stop Wavelength Changed: 8/19/2022 12:53:13 PM, Old: 400.00, New: 600.00
Zero Mode Changed: 8/19/2022 12:53:15 PM, Old:ON, New:Reading
Zero Mode Changed: 8/19/2022 12:53:15 PM, Old:Reading, New:ON
Zero Mode Changed: 8/19/2022 12:54:45 PM, Old:ON, New:Reading
Zero Mode Changed: 8/19/2022 12:54:46 PM, Old:Reading, New:ON
Zero Mode Changed: 8/19/2022 12:54:49 PM, Old:ON, New:Reading
Zero Mode Changed: 8/19/2022 12:54:49 PM, Old:Reading, New:ON
Scan Control Changed: 8/19/2022 12:54:51 PM, Old:Medium, New:Slow
Ave. time (s): Changed: 8/19/2022 12:54:51 PM, Old:0.10000, New:0.50000
Zero Mode Changed: 8/19/2022 12:54:55 PM, Old:ON, New:Reading
Zero Mode Changed: 8/19/2022 12:54:56 PM, Old:Reading, New:ON
Scan mode: Changed: 8/19/2022 12:57:28 PM, Old:Emission, New:Excitation
Excitation Wavelength Changed: 8/19/2022 12:57:28 PM, Old: 340.00, New: 240.00
Emission Wavelength Changed: 8/19/2022 12:57:28 PM, Old: 350.00, New: 420.00
Stop Wavelength Changed: 8/19/2022 12:57:28 PM, Old: 600.00, New: 410.00
Zero Mode Changed: 8/19/2022 12:57:31 PM, Old:ON, New:Reading
Zero Mode Changed: 8/19/2022 12:57:31 PM, Old:Reading, New:ON
End Method Modifications

CdS sonochem 120min ex295,
CdS sonochem 120min ex295
Collection Time: 8/19/2022 12:59:53 PM
Operator Name  :
Scan Software Version: 1.1(132)
Parameter List :
Instrument                        Cary Eclipse
Instrument Serial Number          E08013467
Data mode                         Fluorescence
Scan mode                         Emission
X Mode                            Wavelength (nm)
Start (nm)                        305.00
Stop (nm)                         550.00
Ex. Wavelength (nm)               295.00
Ex. Slit (nm)                     5
Em. Slit (nm)                     5
Scan rate (nm/min)                600.00
Data interval (nm)                1.0000
Averaging Time (s)                0.1000
Excitation filter                 Auto
Emission filter                   Open
PMT voltage (V)                   Medium
Corrected spectra                 OFF
Method Log     :
Method Name    : Default
Date/Time stamp: 8/19/2022 12:23:28 PM
Method Modifications:
Overlayed Graphs Changed: 8/19/2022 12:24:53 PM, Old:OFF, New:ON
Y max Changed: 8/19/2022 12:24:53 PM, Old:  1000.0000, New:   300.0000
Excitation Wavelength Changed: 8/19/2022 12:27:20 PM, Old: 350.00, New: 300.00
Emission Wavelength Changed: 8/19/2022 12:27:20 PM, Old: 400.00, New: 310.00
Stop Wavelength Changed: 8/19/2022 12:27:20 PM, Old: 600.00, New: 500.00
Zero Mode Changed: 8/19/2022 12:27:22 PM, Old:OFF, New:Reading
Zero Mode Changed: 8/19/2022 12:27:22 PM, Old:Reading, New:ON
Scan mode: Changed: 8/19/2022 12:28:28 PM, Old:Emission, New:Excitation
Excitation Wavelength Changed: 8/19/2022 12:28:28 PM, Old: 300.00, New: 240.00
Emission Wavelength Changed: 8/19/2022 12:28:28 PM, Old: 310.00, New: 400.00
Stop Wavelength Changed: 8/19/2022 12:28:28 PM, Old: 500.00, New: 390.00
Zero Mode Changed: 8/19/2022 12:28:31 PM, Old:ON, New:Reading
Zero Mode Changed: 8/19/2022 12:28:31 PM, Old:Reading, New:ON
Scan mode: Changed: 8/19/2022 12:29:17 PM, Old:Excitation, New:Emission
Excitation Wavelength Changed: 8/19/2022 12:29:17 PM, Old: 240.00, New: 330.00
Emission Wavelength Changed: 8/19/2022 12:29:17 PM, Old: 400.00, New: 340.00
Stop Wavelength Changed: 8/19/2022 12:29:17 PM, Old: 390.00, New: 500.00
Zero Mode Changed: 8/19/2022 12:29:19 PM, Old:ON, New:Reading
Zero Mode Changed: 8/19/2022 12:29:19 PM, Old:Reading, New:ON
Scan mode: Changed: 8/19/2022 12:30:02 PM, Old:Emission, New:Excitation
Excitation Wavelength Changed: 8/19/2022 12:30:02 PM, Old: 330.00, New: 240.00
Emission Wavelength Changed: 8/19/2022 12:30:02 PM, Old: 340.00, New: 410.00
Stop Wavelength Changed: 8/19/2022 12:30:02 PM, Old: 500.00, New: 400.00
Zero Mode Changed: 8/19/2022 12:30:08 PM, Old:ON, New:Reading
Zero Mode Changed: 8/19/2022 12:30:08 PM, Old:Reading, New:ON
Scan mode: Changed: 8/19/2022 12:30:53 PM, Old:Excitation, New:Emission
Excitation Wavelength Changed: 8/19/2022 12:30:53 PM, Old: 240.00, New: 335.00
Emission Wavelength Changed: 8/19/2022 12:30:53 PM, Old: 410.00, New: 345.00
Stop Wavelength Changed: 8/19/2022 12:30:53 PM, Old: 400.00, New: 600.00
Zero Mode Changed: 8/19/2022 12:30:55 PM, Old:ON, New:Reading
Zero Mode Changed: 8/19/2022 12:30:55 PM, Old:Reading, New:ON
Zero Mode Changed: 8/19/2022 12:34:51 PM, Old:ON, New:Reading
Zero Mode Changed: 8/19/2022 12:34:51 PM, Old:Reading, New:ON
Scan mode: Changed: 8/19/2022 12:35:39 PM, Old:Emission, New:Excitation
Excitation Wavelength Changed: 8/19/2022 12:35:39 PM, Old: 335.00, New: 240.00
Emission Wavelength Changed: 8/19/2022 12:35:39 PM, Old: 345.00, New: 410.00
Stop Wavelength Changed: 8/19/2022 12:35:39 PM, Old: 600.00, New: 400.00
Zero Mode Changed: 8/19/2022 12:35:42 PM, Old:ON, New:Reading
Zero Mode Changed: 8/19/2022 12:35:43 PM, Old:Reading, New:ON
Scan mode: Changed: 8/19/2022 12:36:52 PM, Old:Excitation, New:Emission
Excitation Wavelength Changed: 8/19/2022 12:36:52 PM, Old: 240.00, New: 300.00
Emission Wavelength Changed: 8/19/2022 12:36:52 PM, Old: 410.00, New: 310.00
Stop Wavelength Changed: 8/19/2022 12:36:52 PM, Old: 400.00, New: 600.00
Zero Mode Changed: 8/19/2022 12:36:54 PM, Old:ON, New:Reading
Zero Mode Changed: 8/19/2022 12:36:54 PM, Old:Reading, New:ON
Scan mode: Changed: 8/19/2022 12:37:46 PM, Old:Emission, New:Excitation
Excitation Wavelength Changed: 8/19/2022 12:37:46 PM, Old: 300.00, New: 240.00
Emission Wavelength Changed: 8/19/2022 12:37:46 PM, Old: 310.00, New: 350.00
Stop Wavelength Changed: 8/19/2022 12:37:46 PM, Old: 600.00, New: 340.00
Zero Mode Changed: 8/19/2022 12:37:49 PM, Old:ON, New:Reading
Zero Mode Changed: 8/19/2022 12:37:49 PM, Old:Reading, New:ON
Scan mode: Changed: 8/19/2022 12:38:28 PM, Old:Excitation, New:Emission
Excitation Wavelength Changed: 8/19/2022 12:38:28 PM, Old: 240.00, New: 295.00
Emission Wavelength Changed: 8/19/2022 12:38:28 PM, Old: 350.00, New: 305.00
Stop Wavelength Changed: 8/19/2022 12:38:28 PM, Old: 340.00, New: 550.00
Zero Mode Changed: 8/19/2022 12:38:31 PM, Old:ON, New:Reading
Zero Mode Changed: 8/19/2022 12:38:31 PM, Old:Reading, New:ON
Scan Control Changed: 8/19/2022 12:39:12 PM, Old:Medium, New:Slow
Ave. time (s): Changed: 8/19/2022 12:39:12 PM, Old:0.10000, New:0.50000
Zero Mode Changed: 8/19/2022 12:39:14 PM, Old:ON, New:Reading
Zero Mode Changed: 8/19/2022 12:39:14 PM, Old:Reading, New:ON
Excitation Wavelength Changed: 8/19/2022 12:41:46 PM, Old: 295.00, New: 335.00
Emission Wavelength Changed: 8/19/2022 12:41:46 PM, Old: 305.00, New: 345.00
Stop Wavelength Changed: 8/19/2022 12:41:46 PM, Old: 550.00, New: 600.00
Zero Mode Changed: 8/19/2022 12:41:49 PM, Old:ON, New:Reading
Zero Mode Changed: 8/19/2022 12:41:50 PM, Old:Reading, New:ON
Scan mode: Changed: 8/19/2022 12:46:36 PM, Old:Emission, New:Excitation
Excitation Wavelength Changed: 8/19/2022 12:46:36 PM, Old: 335.00, New: 240.00
Emission Wavelength Changed: 8/19/2022 12:46:36 PM, Old: 345.00, New: 410.00
Stop Wavelength Changed: 8/19/2022 12:46:36 PM, Old: 600.00, New: 400.00
Zero Mode Changed: 8/19/2022 12:46:39 PM, Old:ON, New:Reading
Zero Mode Changed: 8/19/2022 12:46:40 PM, Old:Reading, New:ON
Scan Control Changed: 8/19/2022 12:50:26 PM, Old:Slow, New:Medium
Ave. time (s): Changed: 8/19/2022 12:50:26 PM, Old:0.50000, New:0.10000
Zero Mode Changed: 8/19/2022 12:50:27 PM, Old:ON, New:Reading
Zero Mode Changed: 8/19/2022 12:50:27 PM, Old:Reading, New:ON
Scan mode: Changed: 8/19/2022 12:51:32 PM, Old:Excitation, New:Emission
Excitation Wavelength Changed: 8/19/2022 12:51:32 PM, Old: 240.00, New: 337.00
Emission Wavelength Changed: 8/19/2022 12:51:32 PM, Old: 410.00, New: 347.00
Stop Wavelength Changed: 8/19/2022 12:51:32 PM, Old: 400.00, New: 600.00
Zero Mode Changed: 8/19/2022 12:51:34 PM, Old:ON, New:Reading
Zero Mode Changed: 8/19/2022 12:51:35 PM, Old:Reading, New:ON
Scan mode: Changed: 8/19/2022 12:52:30 PM, Old:Emission, New:Excitation
Excitation Wavelength Changed: 8/19/2022 12:52:30 PM, Old: 337.00, New: 240.00
Emission Wavelength Changed: 8/19/2022 12:52:30 PM, Old: 347.00, New: 415.00
Stop Wavelength Changed: 8/19/2022 12:52:30 PM, Old: 600.00, New: 400.00
Zero Mode Changed: 8/19/2022 12:52:33 PM, Old:ON, New:Reading
Zero Mode Changed: 8/19/2022 12:52:33 PM, Old:Reading, New:ON
Scan mode: Changed: 8/19/2022 12:53:13 PM, Old:Excitation, New:Emission
Excitation Wavelength Changed: 8/19/2022 12:53:13 PM, Old: 240.00, New: 340.00
Emission Wavelength Changed: 8/19/2022 12:53:13 PM, Old: 415.00, New: 350.00
Stop Wavelength Changed: 8/19/2022 12:53:13 PM, Old: 400.00, New: 600.00
Zero Mode Changed: 8/19/2022 12:53:15 PM, Old:ON, New:Reading
Zero Mode Changed: 8/19/2022 12:53:15 PM, Old:Reading, New:ON
Zero Mode Changed: 8/19/2022 12:54:45 PM, Old:ON, New:Reading
Zero Mode Changed: 8/19/2022 12:54:46 PM, Old:Reading, New:ON
Zero Mode Changed: 8/19/2022 12:54:49 PM, Old:ON, New:Reading
Zero Mode Changed: 8/19/2022 12:54:49 PM, Old:Reading, New:ON
Scan Control Changed: 8/19/2022 12:54:51 PM, Old:Medium, New:Slow
Ave. time (s): Changed: 8/19/2022 12:54:51 PM, Old:0.10000, New:0.50000
Zero Mode Changed: 8/19/2022 12:54:55 PM, Old:ON, New:Reading
Zero Mode Changed: 8/19/2022 12:54:56 PM, Old:Reading, New:ON
Scan mode: Changed: 8/19/2022 12:57:28 PM, Old:Emission, New:Excitation
Excitation Wavelength Changed: 8/19/2022 12:57:28 PM, Old: 340.00, New: 240.00
Emission Wavelength Changed: 8/19/2022 12:57:28 PM, Old: 350.00, New: 420.00
Stop Wavelength Changed: 8/19/2022 12:57:28 PM, Old: 600.00, New: 410.00
Zero Mode Changed: 8/19/2022 12:57:31 PM, Old:ON, New:Reading
Zero Mode Changed: 8/19/2022 12:57:31 PM, Old:Reading, New:ON
Scan mode: Changed: 8/19/2022 12:59:36 PM, Old:Excitation, New:Emission
Excitation Wavelength Changed: 8/19/2022 12:59:36 PM, Old: 240.00, New: 295.00
Emission Wavelength Changed: 8/19/2022 12:59:36 PM, Old: 420.00, New: 305.00
Stop Wavelength Changed: 8/19/2022 12:59:36 PM, Old: 410.00, New: 550.00
Scan Control Changed: 8/19/2022 12:59:41 PM, Old:Slow, New:Medium
Ave. time (s): Changed: 8/19/2022 12:59:41 PM, Old:0.50000, New:0.10000
Zero Mode Changed: 8/19/2022 12:59:44 PM, Old:ON, New:Reading
Zero Mode Changed: 8/19/2022 12:59:44 PM, Old:Reading, New:ON
End Method Modifications

CdS sonochem 120min em350,
CdS sonochem 120min em350
Collection Time: 8/19/2022 1:00:53 PM
Operator Name  :
Scan Software Version: 1.1(132)
Parameter List :
Instrument                        Cary Eclipse
Instrument Serial Number          E08013467
Data mode                         Fluorescence
Scan mode                         Excitation
X Mode                            Wavelength (nm)
Start (nm)                        240.00
Stop (nm)                         340.00
Em. Wavelength (nm)               350.00
Ex. Slit (nm)                     5
Em. Slit (nm)                     5
Scan rate (nm/min)                600.00
Data interval (nm)                1.0000
Averaging Time (s)                0.1000
Excitation filter                 Auto
Emission filter                   Open
PMT voltage (V)                   Medium
Corrected spectra                 OFF
Method Log     :
Method Name    : Default
Date/Time stamp: 8/19/2022 12:23:28 PM
Method Modifications:
Overlayed Graphs Changed: 8/19/2022 12:24:53 PM, Old:OFF, New:ON
Y max Changed: 8/19/2022 12:24:53 PM, Old:  1000.0000, New:   300.0000
Excitation Wavelength Changed: 8/19/2022 12:27:20 PM, Old: 350.00, New: 300.00
Emission Wavelength Changed: 8/19/2022 12:27:20 PM, Old: 400.00, New: 310.00
Stop Wavelength Changed: 8/19/2022 12:27:20 PM, Old: 600.00, New: 500.00
Zero Mode Changed: 8/19/2022 12:27:22 PM, Old:OFF, New:Reading
Zero Mode Changed: 8/19/2022 12:27:22 PM, Old:Reading, New:ON
Scan mode: Changed: 8/19/2022 12:28:28 PM, Old:Emission, New:Excitation
Excitation Wavelength Changed: 8/19/2022 12:28:28 PM, Old: 300.00, New: 240.00
Emission Wavelength Changed: 8/19/2022 12:28:28 PM, Old: 310.00, New: 400.00
Stop Wavelength Changed: 8/19/2022 12:28:28 PM, Old: 500.00, New: 390.00
Zero Mode Changed: 8/19/2022 12:28:31 PM, Old:ON, New:Reading
Zero Mode Changed: 8/19/2022 12:28:31 PM, Old:Reading, New:ON
Scan mode: Changed: 8/19/2022 12:29:17 PM, Old:Excitation, New:Emission
Excitation Wavelength Changed: 8/19/2022 12:29:17 PM, Old: 240.00, New: 330.00
Emission Wavelength Changed: 8/19/2022 12:29:17 PM, Old: 400.00, New: 340.00
Stop Wavelength Changed: 8/19/2022 12:29:17 PM, Old: 390.00, New: 500.00
Zero Mode Changed: 8/19/2022 12:29:19 PM, Old:ON, New:Reading
Zero Mode Changed: 8/19/2022 12:29:19 PM, Old:Reading, New:ON
Scan mode: Changed: 8/19/2022 12:30:02 PM, Old:Emission, New:Excitation
Excitation Wavelength Changed: 8/19/2022 12:30:02 PM, Old: 330.00, New: 240.00
Emission Wavelength Changed: 8/19/2022 12:30:02 PM, Old: 340.00, New: 410.00
Stop Wavelength Changed: 8/19/2022 12:30:02 PM, Old: 500.00, New: 400.00
Zero Mode Changed: 8/19/2022 12:30:08 PM, Old:ON, New:Reading
Zero Mode Changed: 8/19/2022 12:30:08 PM, Old:Reading, New:ON
Scan mode: Changed: 8/19/2022 12:30:53 PM, Old:Excitation, New:Emission
Excitation Wavelength Changed: 8/19/2022 12:30:53 PM, Old: 240.00, New: 335.00
Emission Wavelength Changed: 8/19/2022 12:30:53 PM, Old: 410.00, New: 345.00
Stop Wavelength Changed: 8/19/2022 12:30:53 PM, Old: 400.00, New: 600.00
Zero Mode Changed: 8/19/2022 12:30:55 PM, Old:ON, New:Reading
Zero Mode Changed: 8/19/2022 12:30:55 PM, Old:Reading, New:ON
Zero Mode Changed: 8/19/2022 12:34:51 PM, Old:ON, New:Reading
Zero Mode Changed: 8/19/2022 12:34:51 PM, Old:Reading, New:ON
Scan mode: Changed: 8/19/2022 12:35:39 PM, Old:Emission, New:Excitation
Excitation Wavelength Changed: 8/19/2022 12:35:39 PM, Old: 335.00, New: 240.00
Emission Wavelength Changed: 8/19/2022 12:35:39 PM, Old: 345.00, New: 410.00
Stop Wavelength Changed: 8/19/2022 12:35:39 PM, Old: 600.00, New: 400.00
Zero Mode Changed: 8/19/2022 12:35:42 PM, Old:ON, New:Reading
Zero Mode Changed: 8/19/2022 12:35:43 PM, Old:Reading, New:ON
Scan mode: Changed: 8/19/2022 12:36:52 PM, Old:Excitation, New:Emission
Excitation Wavelength Changed: 8/19/2022 12:36:52 PM, Old: 240.00, New: 300.00
Emission Wavelength Changed: 8/19/2022 12:36:52 PM, Old: 410.00, New: 310.00
Stop Wavelength Changed: 8/19/2022 12:36:52 PM, Old: 400.00, New: 600.00
Zero Mode Changed: 8/19/2022 12:36:54 PM, Old:ON, New:Reading
Zero Mode Changed: 8/19/2022 12:36:54 PM, Old:Reading, New:ON
Scan mode: Changed: 8/19/2022 12:37:46 PM, Old:Emission, New:Excitation
Excitation Wavelength Changed: 8/19/2022 12:37:46 PM, Old: 300.00, New: 240.00
Emission Wavelength Changed: 8/19/2022 12:37:46 PM, Old: 310.00, New: 350.00
Stop Wavelength Changed: 8/19/2022 12:37:46 PM, Old: 600.00, New: 340.00
Zero Mode Changed: 8/19/2022 12:37:49 PM, Old:ON, New:Reading
Zero Mode Changed: 8/19/2022 12:37:49 PM, Old:Reading, New:ON
Scan mode: Changed: 8/19/2022 12:38:28 PM, Old:Excitation, New:Emission
Excitation Wavelength Changed: 8/19/2022 12:38:28 PM, Old: 240.00, New: 295.00
Emission Wavelength Changed: 8/19/2022 12:38:28 PM, Old: 350.00, New: 305.00
Stop Wavelength Changed: 8/19/2022 12:38:28 PM, Old: 340.00, New: 550.00
Zero Mode Changed: 8/19/2022 12:38:31 PM, Old:ON, New:Reading
Zero Mode Changed: 8/19/2022 12:38:31 PM, Old:Reading, New:ON
Scan Control Changed: 8/19/2022 12:39:12 PM, Old:Medium, New:Slow
Ave. time (s): Changed: 8/19/2022 12:39:12 PM, Old:0.10000, New:0.50000
Zero Mode Changed: 8/19/2022 12:39:14 PM, Old:ON, New:Reading
Zero Mode Changed: 8/19/2022 12:39:14 PM, Old:Reading, New:ON
Excitation Wavelength Changed: 8/19/2022 12:41:46 PM, Old: 295.00, New: 335.00
Emission Wavelength Changed: 8/19/2022 12:41:46 PM, Old: 305.00, New: 345.00
Stop Wavelength Changed: 8/19/2022 12:41:46 PM, Old: 550.00, New: 600.00
Zero Mode Changed: 8/19/2022 12:41:49 PM, Old:ON, New:Reading
Zero Mode Changed: 8/19/2022 12:41:50 PM, Old:Reading, New:ON
Scan mode: Changed: 8/19/2022 12:46:36 PM, Old:Emission, New:Excitation
Excitation Wavelength Changed: 8/19/2022 12:46:36 PM, Old: 335.00, New: 240.00
Emission Wavelength Changed: 8/19/2022 12:46:36 PM, Old: 345.00, New: 410.00
Stop Wavelength Changed: 8/19/2022 12:46:36 PM, Old: 600.00, New: 400.00
Zero Mode Changed: 8/19/2022 12:46:39 PM, Old:ON, New:Reading
Zero Mode Changed: 8/19/2022 12:46:40 PM, Old:Reading, New:ON
Scan Control Changed: 8/19/2022 12:50:26 PM, Old:Slow, New:Medium
Ave. time (s): Changed: 8/19/2022 12:50:26 PM, Old:0.50000, New:0.10000
Zero Mode Changed: 8/19/2022 12:50:27 PM, Old:ON, New:Reading
Zero Mode Changed: 8/19/2022 12:50:27 PM, Old:Reading, New:ON
Scan mode: Changed: 8/19/2022 12:51:32 PM, Old:Excitation, New:Emission
Excitation Wavelength Changed: 8/19/2022 12:51:32 PM, Old: 240.00, New: 337.00
Emission Wavelength Changed: 8/19/2022 12:51:32 PM, Old: 410.00, New: 347.00
Stop Wavelength Changed: 8/19/2022 12:51:32 PM, Old: 400.00, New: 600.00
Zero Mode Changed: 8/19/2022 12:51:34 PM, Old:ON, New:Reading
Zero Mode Changed: 8/19/2022 12:51:35 PM, Old:Reading, New:ON
Scan mode: Changed: 8/19/2022 12:52:30 PM, Old:Emission, New:Excitation
Excitation Wavelength Changed: 8/19/2022 12:52:30 PM, Old: 337.00, New: 240.00
Emission Wavelength Changed: 8/19/2022 12:52:30 PM, Old: 347.00, New: 415.00
Stop Wavelength Changed: 8/19/2022 12:52:30 PM, Old: 600.00, New: 400.00
Zero Mode Changed: 8/19/2022 12:52:33 PM, Old:ON, New:Reading
Zero Mode Changed: 8/19/2022 12:52:33 PM, Old:Reading, New:ON
Scan mode: Changed: 8/19/2022 12:53:13 PM, Old:Excitation, New:Emission
Excitation Wavelength Changed: 8/19/2022 12:53:13 PM, Old: 240.00, New: 340.00
Emission Wavelength Changed: 8/19/2022 12:53:13 PM, Old: 415.00, New: 350.00
Stop Wavelength Changed: 8/19/2022 12:53:13 PM, Old: 400.00, New: 600.00
Zero Mode Changed: 8/19/2022 12:53:15 PM, Old:ON, New:Reading
Zero Mode Changed: 8/19/2022 12:53:15 PM, Old:Reading, New:ON
Zero Mode Changed: 8/19/2022 12:54:45 PM, Old:ON, New:Reading
Zero Mode Changed: 8/19/2022 12:54:46 PM, Old:Reading, New:ON
Zero Mode Changed: 8/19/2022 12:54:49 PM, Old:ON, New:Reading
Zero Mode Changed: 8/19/2022 12:54:49 PM, Old:Reading, New:ON
Scan Control Changed: 8/19/2022 12:54:51 PM, Old:Medium, New:Slow
Ave. time (s): Changed: 8/19/2022 12:54:51 PM, Old:0.10000, New:0.50000
Zero Mode Changed: 8/19/2022 12:54:55 PM, Old:ON, New:Reading
Zero Mode Changed: 8/19/2022 12:54:56 PM, Old:Reading, New:ON
Scan mode: Changed: 8/19/2022 12:57:28 PM, Old:Emission, New:Excitation
Excitation Wavelength Changed: 8/19/2022 12:57:28 PM, Old: 340.00, New: 240.00
Emission Wavelength Changed: 8/19/2022 12:57:28 PM, Old: 350.00, New: 420.00
Stop Wavelength Changed: 8/19/2022 12:57:28 PM, Old: 600.00, New: 410.00
Zero Mode Changed: 8/19/2022 12:57:31 PM, Old:ON, New:Reading
Zero Mode Changed: 8/19/2022 12:57:31 PM, Old:Reading, New:ON
Scan mode: Changed: 8/19/2022 12:59:36 PM, Old:Excitation, New:Emission
Excitation Wavelength Changed: 8/19/2022 12:59:36 PM, Old: 240.00, New: 295.00
Emission Wavelength Changed: 8/19/2022 12:59:36 PM, Old: 420.00, New: 305.00
Stop Wavelength Changed: 8/19/2022 12:59:36 PM, Old: 410.00, New: 550.00
Scan Control Changed: 8/19/2022 12:59:41 PM, Old:Slow, New:Medium
Ave. time (s): Changed: 8/19/2022 12:59:41 PM, Old:0.50000, New:0.10000
Zero Mode Changed: 8/19/2022 12:59:44 PM, Old:ON, New:Reading
Zero Mode Changed: 8/19/2022 12:59:44 PM, Old:Reading, New:ON
Scan mode: Changed: 8/19/2022 1:00:36 PM, Old:Emission, New:Excitation
Excitation Wavelength Changed: 8/19/2022 1:00:36 PM, Old: 295.00, New: 240.00
Emission Wavelength Changed: 8/19/2022 1:00:36 PM, Old: 305.00, New: 350.00
Stop Wavelength Changed: 8/19/2022 1:00:36 PM, Old: 550.00, New: 340.00
Zero Mode Changed: 8/19/2022 1:00:45 PM, Old:ON, New:Reading
Zero Mode Changed: 8/19/2022 1:00:45 PM, Old:Reading, New:ON
End Method Modifications

