CdS 30sec uv( ex245 nm),,CdS 30sec uv( em385 nm),,CdS 30sec uv( ex310 nm),,CdS 30sec uv( em375 nm),,CdS 30sec uv( ex305 nm),
Wavelength (nm),Intensity (a.u.),Wavelength (nm),Intensity (a.u.),Wavelength (nm),Intensity (a.u.),Wavelength (nm),Intensity (a.u.),Wavelength (nm),Intensity (a.u.)
255,-0.153909117,245,0.511550903,320,-0.652378082,245,0.288955689,314.9200134,-0.103967667
255.9299927,0.077556878,245.9299927,4.572235107,320.9299927,0.976770401,245.9299927,2.801368713,315.8399963,0.61028862
257.0299988,0.06891498,247.0299988,7.930976868,322.0299988,3.311975479,247.0299988,7.263515472,316.9200134,3.391176224
257.9599915,0.043683976,247.9600067,12.06103897,322.9599915,5.740690231,247.9600067,9.897735596,317.8399963,4.87229538
259.0599976,0.276137203,249.0599976,14.56325912,324.0599976,8.167251587,249.0599976,12.56492615,318.9200134,7.055433273
260,0.094954878,250,17.62244797,325,9.56291008,250,16.79013824,319.8399963,8.474533081
260.9299927,0.106005758,250.9299927,19.09000397,325.9299927,11.63574791,250.9299927,19.41353226,320.9299927,10.90990257
262.0299988,0.380720466,252.0299988,24.20222092,327.0299988,15.33063889,252.0299988,23.64000702,321.8699951,13.52685928
262.9599915,0.681144118,252.9600067,27.48353958,327.9599915,16.87218094,252.9600067,27.55291748,322.9599915,16.39010239
264.0599976,0.89688611,254.0599976,32.13027573,329.0599976,20.38095093,254.0599976,32.220047,323.8999939,17.81782532
265,1.526979327,255,32.68059921,330,23.63682556,255,32.84268951,324.8399963,20.44004059
265.9299927,2.434397459,255.9299927,36.7152977,331.0700073,26.58782578,255.9299927,36.10942078,325.9299927,23.79076004
267.0299988,4.640520096,257.0299988,37.75047684,332,31.4015274,257.0299988,38.95194244,326.8699951,26.42135239
267.9599915,7.511479855,257.9599915,39.24951553,333.0700073,36.78171158,257.9599915,39.91120911,327.9599915,30.7545166
269.0599976,11.81219196,259.0599976,39.55215073,334,42.85843658,259.0599976,41.87174988,328.8999939,33.27941895
270,16.58517456,260,40.68017197,335.0700073,48.86069107,260,40.85191345,329.8399963,35.90284729
270.9299927,21.44364357,260.9299927,39.44183731,336,57.10846329,260.9299927,41.46679688,330.9200134,41.14776611
272.0299988,26.8980217,262.0299988,39.06030655,337.0700073,66.00364685,262.0299988,43.65000916,331.8399963,44.74966812
272.9599915,33.6438942,262.9599915,41.46804428,338,73.36523438,262.9599915,43.36239624,332.9200134,52.80577469
274.0599976,40.3822937,264.0599976,44.78982162,339.0700073,85.04272461,264.0599976,46.67279816,333.8399963,58.81277084
275,47.20105362,265,52.1793251,340,93.87440491,265,53.09545135,334.9200134,65.48442078
275.9299927,51.17856979,265.9299927,55.7100563,341.0700073,106.0092316,265.9299927,57.52523804,335.8399963,71.40052795
277.0299988,59.5150528,267.0299988,56.73120499,342,113.5536957,267.0299988,59.29145813,336.9200134,77.33602905
277.9599915,61.16888046,267.9599915,63.34202194,343.0700073,124.5518646,267.9599915,62.7279129,337.8399963,87.59275818
279.0599976,65.3792572,269.0599976,65.77616882,344,133.1654053,269.0599976,69.99013519,338.9200134,94.90699768
280,67.97916412,270,74.2043457,345.0700073,142.9226074,270,77.86850739,339.8399963,103.694809
280.9299927,70.0189209,271.0700073,86.30627441,346,147.5467834,271.0700073,89.14826965,340.9200134,110.5913696
282.0299988,71.34737396,272,93.68565369,347.0700073,158.0684052,272,98.1309967,341.8399963,118.7523956
282.9599915,71.52857208,273.0700073,104.4267426,348,162.5983429,273.0700073,108.4924011,342.9200134,128.618454
284.0599976,74.21562958,274,110.8423157,349.0700073,172.0180054,274,115.9418182,343.8399963,137.7360077
285,75.38294983,275.0700073,119.0566559,350,179.8742828,275.0700073,126.4421387,344.9200134,146.4179382
285.9299927,75.22150421,276,126.5263062,351.0700073,188.0332031,276,132.5361938,345.8399963,153.6295166
287.0299988,74.56723022,277.0700073,133.1258087,352,194.2195587,277.0700073,140.8887482,346.9200134,161.8326416
287.9599915,74.78794098,278,140.3709412,353.0700073,201.6091461,278,146.5882874,347.8399963,171.2503052
289.0599976,71.57735443,279.0700073,145.6572876,354,210.7592468,279.0700073,157.77034,348.9200134,175.8572235
290,71.74660492,280,144.0691986,355.0700073,215.7747345,280,157.1553192,349.8399963,183.4103699
291.0700073,67.95783997,280.9299927,153.5004883,356,227.7762604,280.9299927,161.8861237,350.9200134,189.6481323
292,67.58538055,282.0299988,159.1572266,357.0700073,232.8758545,282.0299988,174.0058594,351.8399963,196.6176758
293.0700073,65.42033386,282.9599915,165.2199554,358,242.047821,282.9599915,174.9506989,352.9200134,205.7425842
294,65.61818695,284.0599976,174.0292511,359.0700073,253.7506104,284.0599976,183.0447998,353.8399963,210.8362885
295.0700073,61.56951141,285,181.5044708,360,259.948822,285,190.1026764,354.9200134,220.8441772
296,59.36969757,285.9299927,186.748764,361.0700073,268.4796143,285.9299927,194.6208954,355.8399963,229.8486023
297.0700073,55.2899437,287.0299988,193.5990295,362,275.7120667,287.0299988,201.9119873,356.9200134,235.3705139
298,52.87290192,287.9599915,194.2294922,363.0700073,280.3862,287.9599915,208.5196228,357.8399963,242.8366089
299.0700073,50.58724594,289.0599976,207.1394043,364,286.8594055,289.0599976,215.5039063,358.9200134,253.8834839
300,48.43691254,290,211.6028442,365.0700073,289.4340515,290,226.0766144,359.8399963,260.5796204
300.9299927,47.06040573,290.9299927,219.1108551,366,296.9638062,290.9299927,229.6877899,360.9200134,265.7281494
302.0299988,43.94460678,292.0299988,226.9434052,367.0700073,303.3706665,292.0299988,239.8584747,361.8399963,271.3416443
302.9599915,41.61509323,292.9599915,233.6277618,368,299.3034058,292.9599915,241.2075958,362.9200134,275.5456848
304.0599976,40.23898315,294.0599976,237.3735199,369.0700073,305.7579651,294.0599976,247.1891327,363.8399963,281.8738403
305,37.54492188,295,244.3733673,370,305.5574951,295,255.0775909,364.9200134,286.7415771
305.9299927,36.83523178,295.9299927,249.1421051,371.0700073,304.6106567,295.9299927,263.234436,365.8399963,291.8490295
307.0299988,35.04516983,297.0299988,251.0478973,372,300.6513977,297.0299988,263.5437012,366.9200134,293.9159241
307.9599915,33.36339569,297.9599915,256.8046875,373.0700073,299.9040222,297.9599915,268.3304443,367.8399963,294.0119629
309.0599976,30.7444973,299.0599976,260.5510864,374,303.2104492,299.0599976,271.6483154,368.9200134,297.4537354
310,31.77251434,300,262.9281006,375.0700073,302.6486511,300,268.8257446,369.8399963,293.2213135
311.0700073,29.09777451,301.0700073,264.5058289,376,305.7209473,301.0700073,273.1132202,370.9200134,297.7363892
312,27.96662712,302,264.1894531,377.0700073,303.2828369,302,272.8646851,371.8399963,293.9157715
313.0700073,27.96041489,303.0700073,267.4780884,378,305.9612732,303.0700073,273.7566528,372.9200134,296.2267456
314,27.10429573,304,272.299408,379.0700073,303.92099,304,275.7123413,373.8399963,295.7312927
315.0700073,26.03870392,305.0700073,273.8985291,380,301.3786621,305.0700073,276.8703613,374.9200134,293.0359192
316,25.70171356,306,271.2255859,381.0700073,301.9541321,306,275.9204102,375.8399963,295.892334
317.0700073,25.51638985,307.0700073,274.2831726,382,300.908783,307.0700073,278.3902588,376.9200134,294.2492065
318,23.83682632,308,280.3265686,383.0700073,297.9068909,308,277.4884644,377.8399963,290.2806396
319.0700073,25.68556404,309.0700073,278.8682556,384,296.8880005,309.0700073,279.2507324,378.9200134,294.8839722
320,23.61058998,310,281.137085,385.0700073,297.9847107,310,282.2472534,379.8399963,290.4563293
320.9299927,23.76252174,311.0700073,284.3874512,386,297.0865784,311.0700073,281.7235718,380.9200134,288.9210815
322.0299988,23.73720741,312,282.4222107,387.0700073,294.3536377,312,283.1716919,381.8399963,290.8382263
322.9599915,22.53386879,313.0700073,279.3028259,388,292.4143982,313.0700073,278.5754395,382.9200134,288.4983215
324.0599976,22.54270744,314,276.7677307,389.0700073,288.3160095,314,274.9283447,383.8399963,285.2582397
325,24.09457779,315.0700073,276.8177795,390,286.1978149,315.0700073,269.4060059,384.9200134,279.79953
325.9299927,23.75815964,316,270.5722656,391.0700073,281.8053284,316,259.9877319,385.8399963,284.4291077
327.0299988,23.46658897,317.0700073,266.3016968,392,280.1651917,317.0700073,257.612854,386.9200134,278.7909851
327.9599915,22.66286278,318,267.903595,393.0700073,274.3485107,318,255.0739594,387.8399963,279.0897217
329.0599976,24.07040405,319.0700073,258.0326538,394,270.4455566,319.0700073,243.5219574,388.9200134,276.8783569
330,24.54130363,320,252.5897675,395.0700073,264.6561279,320,235.347702,389.8399963,270.5075989
331.0700073,24.23249626,320.9299927,249.1060944,396,263.6463928,320.9299927,231.1369476,390.9200134,268.4187012
332,25.2825222,322.0299988,237.500351,397.0700073,256.967804,322.0299988,219.4637604,391.8399963,260.5369568
333.0700073,24.75839806,322.9599915,234.9214935,398,252.3605042,322.9599915,214.4996643,392.9200134,258.4096985
334,24.56214142,324.0599976,233.6902008,399.0700073,248.2618103,324.0599976,210.4163513,393.8399963,255.4777527
335.0700073,25.45057869,325,226.4576263,400,247.2359924,325,208.1551208,394.9200134,252.2905273
336,26.61444473,325.9299927,225.5908966,401.0700073,240.3804016,325.9299927,200.2365723,395.8399963,249.9398499
337.0700073,27.59195709,327.0299988,215.3318634,402,238.2637024,327.0299988,196.2425537,396.9200134,242.203064
338,26.60046577,327.9599915,212.3445129,403.0700073,237.1742859,327.9599915,189.0430756,397.8399963,237.6980896
339.0700073,26.91951942,329.0599976,207.9343262,404,231.2315216,329.0599976,177.286377,398.9200134,238.4692078
340,28.15911865,330,196.3665466,405.0700073,231.4849548,330,169.7066193,399.8399963,233.1339874
341.0700073,28.39961624,331.0700073,190.2407532,406,225.6513519,331.0700073,158.3697815,400.9200134,229.2602386
342,27.78180504,332,178.8801575,407.0700073,222.2709808,332,150.7230377,401.8399963,226.8515778
343.0700073,28.78399467,333.0700073,169.7086792,408,219.9473724,333.0700073,144.3657684,402.9200134,221.8978424
344,29.17367172,334,164.3813934,409.0700073,215.8534088,334,134.2320251,403.8399963,220.2643433
345.0700073,30.29962158,335.0700073,153.6233215,410,209.0895691,335.0700073,122.151947,404.9200134,212.8945465
346,30.03528023,336,145.4299011,411.0599976,208.274292,336,112.7211456,405.8399963,210.6289825
347.0700073,29.85176659,337.0700073,135.8569336,411.9599915,202.9738312,337.0700073,106.4784546,406.9200134,208.9577942
348,31.44259834,338,129.0661011,413.0299988,197.9374695,338,92.10168457,407.8399963,208.0773468
349.0700073,31.38429642,339.0700073,117.9772949,413.9299927,196.4955902,339.0700073,84.12398529,408.9200134,200.3324127
350,31.68038177,340,109.934967,415,191.4297333,340,74.9363327,409.8399963,198.0768127
351.0700073,32.42428589,341.0700073,101.4498596,416.0599976,189.2578125,341.0700073,66.6971817,410.8999939,195.2078247
352,33.79514694,342,97.00863647,416.9599915,186.516571,342,58.56678009,411.9599915,193.3356628
353.0700073,33.8152771,343.0700073,93.36906433,418.0299988,181.3850555,343.0700073,53.8318634,412.8699951,189.2629395
354,34.26917267,344,90.47468567,418.9299927,178.7863312,344,46.2588501,413.9299927,184.6183929
355.0700073,32.72768402,345.0700073,82.75485229,420,176.1052704,345.0700073,43.14444733,414.8399963,181.2346344
356,33.21492767,346,83.80422974,421.0700073,174.594162,346,37.91958618,415.8999939,178.1404419
357.0700073,34.32162094,347.0700073,74.60925293,422,172.94133,347.0700073,32.98130798,416.9599915,175.4942322
358,34.47057343,348,72.88623047,423.0700073,165.7889404,348,29.49065399,417.8699951,171.7663727
359.0700073,35.89016342,349.0700073,65.35998535,424,162.085022,349.0700073,27.05615997,418.9299927,168.9734497
360,36.66310501,350,60.82597733,425.0700073,157.9025269,350,24.80309296,419.8399963,164.9085236
361.0700073,35.99666977,351.0700073,54.2902565,426,153.3896332,351.0700073,20.19589233,420.9200134,161.8247223
362,36.41646576,352,51.02061081,427.0700073,150.8908539,352,15.95560074,421.8399963,160.4768829
363.0700073,36.72118759,353.0700073,47.82586288,428,151.9126434,353.0700073,12.70732498,422.9200134,155.4831085
364,36.59662247,354,43.65777206,429.0700073,145.4928741,354,11.82411194,423.8399963,152.8223877
365.0700073,36.21541595,355.0700073,41.4977684,430,141.8066406,355.0700073,7.735958099,424.9200134,150.364975
366,37.50823212,356,37.13695145,431.0599976,139.8279114,356,6.481174469,425.8399963,146.7090607
367.0700073,37.9597168,357.0700073,33.23601151,431.9599915,140.4823914,357.0700073,2.71918869,426.9200134,145.7403412
368,36.63238907,358,30.32001114,433.0299988,137.1679688,358,-0.034603119,427.8399963,142.6609039
369.0700073,37.27292252,359.0700073,26.49819565,433.9299927,132.9657593,359.0700073,-2.060817719,428.9200134,138.4137878
370,36.40511322,360,25.10010529,435,128.5771332,360,-3.826927185,429.8399963,138.3692932
371.0700073,39.0118866,361.0700073,20.34876251,436.0599976,127.340271,361.0700073,-5.564002991,430.8999939,133.361145
372,38.25065613,362,18.04515457,436.9599915,126.5746002,362,-7.140073776,431.9599915,133.415741
373.0700073,37.51377487,363.0700073,15.45269775,438.0299988,123.9648743,363.0700073,-9.517507553,432.8699951,132.46698
374,37.16781616,364,14.66782379,438.9299927,121.9272003,364,-11.61816025,433.9299927,126.9988251
375.0700073,37.89819336,365.0700073,10.80257034,440,118.8974915,365.0700073,-13.33170128,434.8399963,123.3666229
376,37.35939407,366,8.807479858,441.0599976,116.7850037,,,435.8999939,122.0570679
377.0700073,37.62427902,367.0700073,5.437274933,441.9599915,114.4455261,,,436.9599915,118.0447235
378,37.9615097,368,2.436462402,443.0299988,111.787262,,,437.8699951,114.1738434
379.0700073,37.43690872,369.0700073,-0.941551209,443.9299927,111.5364838,,,438.9299927,115.7514801
380,38.18095016,370,-3.03799057,445,108.1858063,,,439.8399963,113.8474426
381.0700073,37.7828331,371.0700073,-6.382488251,446.0599976,106.8780212,,,440.8999939,110.3969116
382,39.05708694,372,-7.626371384,446.9599915,105.4489288,,,441.9599915,110.2001343
383.0700073,37.28246689,373.0700073,-10.31655884,448.0299988,104.360733,,,442.8699951,106.5999451
384,38.06007004,374,-12.66352272,448.9299927,103.204834,,,443.9299927,103.6358032
385.0700073,38.63061905,375.0700073,-13.71576691,450,100.7832031,,,444.8399963,106.0084076
386,38.51952744,,,451.0599976,100.241333,,,445.8999939,103.0734711
387.0700073,38.26206589,,,451.9599915,100.5975952,,,446.9599915,101.6804504
388,38.58243561,,,453.0299988,101.4322968,,,447.8699951,99.58215332
389.0700073,37.79948425,,,453.9299927,99.55705261,,,448.9299927,100.1736298
390,38.56040955,,,455,98.60774231,,,449.8399963,100.1443787
391.0700073,39.4341011,,,456.0599976,94.87811279,,,450.8999939,97.58261108
392,37.23711395,,,456.9599915,95.36595154,,,451.9599915,97.17037964
393.0700073,38.25382233,,,458.0299988,93.80433655,,,452.8699951,95.47637939
394,36.90977097,,,458.9299927,91.92698669,,,453.9299927,94.54180908
395.0700073,37.05896378,,,460,92.83726501,,,454.8399963,92.47285461
396,37.04935837,,,461.0599976,88.98757935,,,455.8999939,92.61473083
397.0700073,37.09770203,,,461.9599915,90.03340149,,,456.9599915,89.19792175
398,36.66523361,,,463.0299988,89.43920898,,,457.8699951,91.46257019
399.0700073,37.21014404,,,463.9299927,86.75114441,,,458.9299927,91.21589661
400,38.15356827,,,465,88.76379395,,,459.8399963,89.41641235
401.0700073,38.3671875,,,466.0599976,84.85694885,,,460.8999939,87.56544495
402,35.79410934,,,466.9599915,84.40098572,,,461.9599915,88.99836731
403.0700073,37.07841873,,,468.0299988,84.36982727,,,462.8699951,87.84512329
404,37.33745193,,,468.9299927,82.82225037,,,463.9299927,87.44476318
405.0700073,36.27679825,,,470,80.7474823,,,464.8399963,83.66435242
406,36.69626999,,,471.0599976,80.62812805,,,465.8999939,82.00158691
407.0700073,35.74987793,,,471.9599915,82.03266907,,,466.9599915,83.25514221
408,35.92079926,,,473.0299988,77.93968201,,,467.8699951,83.23551941
409.0700073,35.83369827,,,473.9299927,76.58514404,,,468.9299927,81.76237488
410,35.37780762,,,475,76.59446716,,,469.8399963,81.16390991
411.0599976,36.89959717,,,476.0599976,75.98117065,,,470.8999939,80.66763306
411.9599915,36.36926651,,,476.9599915,74.80384827,,,471.9599915,78.5065918
413.0299988,34.97274017,,,478.0299988,74.62905884,,,472.8699951,77.57763672
413.9299927,36.07046509,,,478.9299927,72.76554871,,,473.9299927,77.82998657
415,35.80082321,,,480,71.53240967,,,474.8399963,76.27302551
416.0599976,35.59349442,,,481.0599976,72.68363953,,,475.8999939,73.64790344
416.9599915,35.14036942,,,481.9599915,72.37001038,,,476.9599915,75.41647339
418.0299988,35.33612823,,,483.0299988,72.16346741,,,477.8699951,74.61903381
418.9299927,36.59872818,,,483.9299927,69.59532166,,,478.9299927,72.51681519
420,36.25667572,,,485,67.60726929,,,479.8399963,72.80583191
421.0700073,36.2261467,,,486.0599976,69.29058838,,,480.8999939,71.76657104
422,34.75150681,,,486.9599915,67.79977417,,,481.9599915,69.73147583
423.0700073,35.4903183,,,488.0299988,65.70625305,,,482.8699951,69.25567627
424,34.74825287,,,488.9299927,64.19038391,,,483.9299927,70.99147034
425.0700073,34.53892136,,,490,63.58670425,,,484.8399963,69.36714172
426,34.80038452,,,491.0400085,64.00288391,,,485.8999939,65.97285461
427.0700073,33.87885284,,,491.9400024,63.27277756,,,486.9599915,65.52267456
428,34.01630783,,,492.980011,61.65785599,,,487.8699951,64.88835144
429.0700073,34.05234528,,,494.019989,61.84226608,,,488.9299927,64.85299683
430,34.02645874,,,495.0700073,61.03316879,,,489.8399963,64.78627014
431.0599976,31.8282814,,,495.9700012,59.38581467,,,490.8900146,61.86219406
431.9599915,32.48091888,,,497.0100098,59.10248184,,,491.9400024,62.81412125
433.0299988,32.52193069,,,498.0499878,57.27832413,,,492.980011,62.7560463
433.9299927,33.27696228,,,498.9500122,58.59626389,,,493.8800049,60.73358536
435,31.88402176,,,500,57.19247818,,,494.9200134,58.85729599
436.0599976,33.08682632,,,501.0400085,56.21175766,,,495.9700012,59.3555336
436.9599915,31.89184952,,,501.9400024,54.65039444,,,496.8599854,60.93820572
438.0299988,32.45415878,,,502.980011,55.04661942,,,497.9100037,56.63723373
438.9299927,31.93753052,,,504.019989,52.56120682,,,498.9500122,57.97517776
440,31.78673172,,,505.0700073,53.52659225,,,499.8500061,56.9060173
441.0599976,31.48688126,,,505.9700012,52.58678818,,,500.8900146,56.18593216
441.9599915,31.54977798,,,507.0100098,51.24317551,,,501.9400024,56.8572731
443.0299988,31.09047318,,,508.0499878,50.99641037,,,502.980011,54.66890335
443.9299927,30.77765656,,,508.9500122,50.27464676,,,503.8800049,53.020298
445,30.50531769,,,510,50.06112289,,,504.9200134,53.39813614
446.0599976,31.2158165,,,511.0599976,47.96253586,,,505.9700012,52.60770035
446.9599915,31.79267502,,,511.9599915,49.89435959,,,506.8599854,51.9790535
448.0299988,29.97694397,,,513.0300293,47.26206589,,,507.9100037,51.24978256
448.9299927,31.2921257,,,513.9299927,48.27912521,,,508.9500122,50.05816269
450,30.39986992,,,515,46.83677292,,,509.8500061,49.72529984
451.0599976,30.48145676,,,516.0599976,46.73318863,,,510.8999939,49.66199112
451.9599915,30.21644592,,,516.960022,45.60485458,,,511.9599915,48.63978958
453.0299988,31.0003643,,,518.0300293,44.1696434,,,512.8699951,48.36118698
453.9299927,30.59833145,,,518.9299927,44.45565033,,,513.9299927,46.81513596
455,30.2357769,,,520,42.28013992,,,514.8400269,47.00261307
456.0599976,30.62701797,,,521.039978,43.26531219,,,515.9000244,45.69672012
456.9599915,30.33191299,,,521.9400024,42.37314987,,,516.960022,44.67238998
458.0299988,31.04426765,,,522.9799805,40.53194809,,,517.8699951,44.4140892
458.9299927,30.445858,,,524.0200195,41.76241302,,,518.9299927,43.77417755
460,30.10372543,,,525.0700073,39.70166016,,,519.8400269,42.85655594
461.0599976,29.6415329,,,525.9699707,40.81297302,,,520.8900146,41.66186905
461.9599915,30.19248199,,,527.0100098,38.98950958,,,521.9400024,41.71351624
463.0299988,30.88636017,,,528.0499878,39.08140182,,,522.9799805,41.88155365
463.9299927,28.91156769,,,528.9500122,38.06846619,,,523.8800049,40.83993912
465,29.07068825,,,530,37.26353073,,,524.9199829,39.57452774
466.0599976,29.67592049,,,531.039978,36.14918518,,,525.9699707,39.36304855
466.9599915,29.57930183,,,531.9400024,35.05583572,,,526.8599854,39.61560822
468.0299988,29.01029396,,,532.9799805,33.76173782,,,527.9099731,38.41177368
468.9299927,28.94787979,,,534.0200195,34.93287659,,,528.9500122,37.3580513
470,29.27946281,,,535.0700073,32.23693848,,,529.8499756,36.57643509
471.0599976,29.27259254,,,535.9699707,33.90856552,,,530.8900146,36.75838852
471.9599915,29.18738937,,,537.0100098,33.66177368,,,531.9400024,35.30472946
473.0299988,28.66140366,,,538.0499878,31.57571411,,,532.9799805,35.52667236
473.9299927,28.6686573,,,538.9500122,31.28794098,,,533.8800049,34.33111191
475,27.4896965,,,540,30.20489883,,,534.9199829,34.32432556
476.0599976,28.47294044,,,541.0200195,31.74215698,,,535.9699707,32.28602219
476.9599915,26.96451569,,,542.0499878,30.18358994,,,536.8599854,31.75716019
478.0299988,27.70111275,,,542.9400024,29.94243622,,,537.9099731,33.11050415
478.9299927,28.27407074,,,543.9699707,28.11426926,,,538.9500122,32.43451691
480,27.82025528,,,545,27.77749252,,,539.8499756,31.22425461
481.0599976,27.11559105,,,546.0200195,26.87420273,,,540.8800049,30.19687271
481.9599915,26.91874886,,,547.0499878,27.70960617,,,541.9099731,30.15375137
483.0299988,27.77964973,,,547.9400024,26.36138916,,,542.9400024,28.81755829
483.9299927,28.22907829,,,548.9699707,24.90661621,,,543.9699707,27.65962219
485,28.30875015,,,550,26.0019722,,,544.8499756,27.51574707
486.0599976,27.72844315,,,,,,,545.8800049,27.42236328
486.9599915,27.8696022,,,,,,,546.9099731,26.69473267
488.0299988,28.84201241,,,,,,,547.9400024,27.12347794
488.9299927,28.62977028,,,,,,,548.9699707,25.37220001
490,29.3894062,,,,,,,549.8499756,25.24336243
491.0400085,30.14993858,,,,,,,550.8900146,24.85806274
491.9400024,30.32237434,,,,,,,,
492.980011,31.58148575,,,,,,,,
494.019989,32.56293106,,,,,,,,
495.0700073,32.79237366,,,,,,,,
495.9700012,31.5630722,,,,,,,,
497.0100098,30.4600811,,,,,,,,
498.0499878,29.10624123,,,,,,,,
498.9500122,27.4012413,,,,,,,,
500,25.25648117,,,,,,,,
,,,,,,,,,
CdS 30sec uv(ex245 nm),,,,,,,,,
CdS 30sec uv(ex245 nm),,,,,,,,,
Collection Time: 8/19/2022 1:10:01 PM,,,,,,,,,
Operator Name  :,,,,,,,,,
Scan Software Version: 1.1(132),,,,,,,,,
Parameter List :,,,,,,,,,
Instrument                        Cary Eclipse,,,,,,,,,
Instrument Serial Number          E08013467,,,,,,,,,
Data mode                         Fluorescence,,,,,,,,,
Scan mode                         Emission,,,,,,,,,
X Mode                            Wavelength (nm),,,,,,,,,
Start (nm)                        255.00,,,,,,,,,
Stop (nm)                         500.00,,,,,,,,,
Ex. Wavelength (nm)               245.00,,,,,,,,,
Ex. Slit (nm)                     5,,,,,,,,,
Em. Slit (nm)                     5,,,,,,,,,
Scan rate (nm/min)                600.00,,,,,,,,,
Data interval (nm)                1.0000,,,,,,,,,
Averaging Time (s)                0.1000,,,,,,,,,
Excitation filter                 Auto,,,,,,,,,
Emission filter                   Open,,,,,,,,,
PMT voltage (V)                   Medium,,,,,,,,,
Corrected spectra                 OFF,,,,,,,,,
Method Log     :,,,,,,,,,
Method Name    : Default,,,,,,,,,
Date/Time stamp: 8/19/2022 12:22:35 PM,,,,,,,,,
Method Modifications:,,,,,,,,,
Scan mode: Changed: 8/19/2022 12:43:15 PM, Old:Emission, New:Excitation,,,,,,,
User Delta Stop Changed: 8/19/2022 12:43:15 PM, Old: 450.00, New: 678.00,,,,,,,
User Delta Increment Changed: 8/19/2022 12:43:15 PM, Old:  10.00, New:   0.15,,,,,,,
Excitation Wavelength Changed: 8/19/2022 12:43:15 PM, Old: 350.00, New: 255.00,,,,,,,
Emission Wavelength Changed: 8/19/2022 12:43:15 PM, Old: 400.00, New: 420.00,,,,,,,
Stop Wavelength Changed: 8/19/2022 12:43:15 PM, Old: 600.00, New: 400.00,,,,,,,
Zero Mode Changed: 8/19/2022 12:43:34 PM, Old:OFF, New:Reading,,,,,,,
Zero Mode Changed: 8/19/2022 12:43:34 PM, Old:Reading, New:ON,,,,,,,
Zero Mode Changed: 8/19/2022 12:48:51 PM, Old:ON, New:Reading,,,,,,,
Zero Mode Changed: 8/19/2022 12:48:51 PM, Old:Reading, New:ON,,,,,,,
Emission Wavelength Changed: 8/19/2022 12:49:41 PM, Old: 420.00, New: 520.00,,,,,,,
Stop Wavelength Changed: 8/19/2022 12:49:41 PM, Old: 400.00, New: 500.00,,,,,,,
Scan mode: Changed: 8/19/2022 1:09:03 PM, Old:Excitation, New:Emission,,,,,,,
Excitation Wavelength Changed: 8/19/2022 1:09:03 PM, Old: 255.00, New: 245.00,,,,,,,
Emission Wavelength Changed: 8/19/2022 1:09:03 PM, Old: 520.00, New: 255.00,,,,,,,
Zero Mode Changed: 8/19/2022 1:09:38 PM, Old:ON, New:Reading,,,,,,,
Zero Mode Changed: 8/19/2022 1:09:38 PM, Old:Reading, New:ON,,,,,,,
End Method Modifications,,,,,,,,,
,,,,,,,,,
CdS 30sec uv(em385 nm),,,,,,,,,
CdS 30sec uv(em385 nm),,,,,,,,,
Collection Time: 8/19/2022 1:12:02 PM,,,,,,,,,
Operator Name  :,,,,,,,,,
Scan Software Version: 1.1(132),,,,,,,,,
Parameter List :,,,,,,,,,
Instrument                        Cary Eclipse,,,,,,,,,
Instrument Serial Number          E08013467,,,,,,,,,
Data mode                         Fluorescence,,,,,,,,,
Scan mode                         Excitation,,,,,,,,,
X Mode                            Wavelength (nm),,,,,,,,,
Start (nm)                        245.00,,,,,,,,,
Stop (nm)                         375.00,,,,,,,,,
Em. Wavelength (nm)               385.00,,,,,,,,,
Ex. Slit (nm)                     5,,,,,,,,,
Em. Slit (nm)                     5,,,,,,,,,
Scan rate (nm/min)                600.00,,,,,,,,,
Data interval (nm)                1.0000,,,,,,,,,
Averaging Time (s)                0.1000,,,,,,,,,
Excitation filter                 Auto,,,,,,,,,
Emission filter                   Open,,,,,,,,,
PMT voltage (V)                   Medium,,,,,,,,,
Corrected spectra                 OFF,,,,,,,,,
Method Log     :,,,,,,,,,
Method Name    : Default,,,,,,,,,
Date/Time stamp: 8/19/2022 12:22:35 PM,,,,,,,,,
Method Modifications:,,,,,,,,,
Scan mode: Changed: 8/19/2022 12:43:15 PM, Old:Emission, New:Excitation,,,,,,,
User Delta Stop Changed: 8/19/2022 12:43:15 PM, Old: 450.00, New: 678.00,,,,,,,
User Delta Increment Changed: 8/19/2022 12:43:15 PM, Old:  10.00, New:   0.15,,,,,,,
Excitation Wavelength Changed: 8/19/2022 12:43:15 PM, Old: 350.00, New: 255.00,,,,,,,
Emission Wavelength Changed: 8/19/2022 12:43:15 PM, Old: 400.00, New: 420.00,,,,,,,
Stop Wavelength Changed: 8/19/2022 12:43:15 PM, Old: 600.00, New: 400.00,,,,,,,
Zero Mode Changed: 8/19/2022 12:43:34 PM, Old:OFF, New:Reading,,,,,,,
Zero Mode Changed: 8/19/2022 12:43:34 PM, Old:Reading, New:ON,,,,,,,
Zero Mode Changed: 8/19/2022 12:48:51 PM, Old:ON, New:Reading,,,,,,,
Zero Mode Changed: 8/19/2022 12:48:51 PM, Old:Reading, New:ON,,,,,,,
Emission Wavelength Changed: 8/19/2022 12:49:41 PM, Old: 420.00, New: 520.00,,,,,,,
Stop Wavelength Changed: 8/19/2022 12:49:41 PM, Old: 400.00, New: 500.00,,,,,,,
Scan mode: Changed: 8/19/2022 1:09:03 PM, Old:Excitation, New:Emission,,,,,,,
Excitation Wavelength Changed: 8/19/2022 1:09:03 PM, Old: 255.00, New: 245.00,,,,,,,
Emission Wavelength Changed: 8/19/2022 1:09:03 PM, Old: 520.00, New: 255.00,,,,,,,
Zero Mode Changed: 8/19/2022 1:09:38 PM, Old:ON, New:Reading,,,,,,,
Zero Mode Changed: 8/19/2022 1:09:38 PM, Old:Reading, New:ON,,,,,,,
Scan mode: Changed: 8/19/2022 1:11:43 PM, Old:Emission, New:Excitation,,,,,,,
Emission Wavelength Changed: 8/19/2022 1:11:43 PM, Old: 255.00, New: 385.00,,,,,,,
Stop Wavelength Changed: 8/19/2022 1:11:43 PM, Old: 500.00, New: 375.00,,,,,,,
Zero Mode Changed: 8/19/2022 1:11:46 PM, Old:ON, New:Reading,,,,,,,
Zero Mode Changed: 8/19/2022 1:11:46 PM, Old:Reading, New:ON,,,,,,,
End Method Modifications,,,,,,,,,
,,,,,,,,,
CdS 30sec uv(ex310 nm),,,,,,,,,
CdS 30sec uv(ex310 nm),,,,,,,,,
Collection Time: 8/19/2022 1:14:23 PM,,,,,,,,,
Operator Name  :,,,,,,,,,
Scan Software Version: 1.1(132),,,,,,,,,
Parameter List :,,,,,,,,,
Instrument                        Cary Eclipse,,,,,,,,,
Instrument Serial Number          E08013467,,,,,,,,,
Data mode                         Fluorescence,,,,,,,,,
Scan mode                         Emission,,,,,,,,,
X Mode                            Wavelength (nm),,,,,,,,,
Start (nm)                        320.00,,,,,,,,,
Stop (nm)                         550.00,,,,,,,,,
Ex. Wavelength (nm)               310.00,,,,,,,,,
Ex. Slit (nm)                     5,,,,,,,,,
Em. Slit (nm)                     5,,,,,,,,,
Scan rate (nm/min)                600.00,,,,,,,,,
Data interval (nm)                1.0000,,,,,,,,,
Averaging Time (s)                0.1000,,,,,,,,,
Excitation filter                 Auto,,,,,,,,,
Emission filter                   Open,,,,,,,,,
PMT voltage (V)                   Medium,,,,,,,,,
Corrected spectra                 OFF,,,,,,,,,
Method Log     :,,,,,,,,,
Method Name    : Default,,,,,,,,,
Date/Time stamp: 8/19/2022 12:22:35 PM,,,,,,,,,
Method Modifications:,,,,,,,,,
Scan mode: Changed: 8/19/2022 12:43:15 PM, Old:Emission, New:Excitation,,,,,,,
User Delta Stop Changed: 8/19/2022 12:43:15 PM, Old: 450.00, New: 678.00,,,,,,,
User Delta Increment Changed: 8/19/2022 12:43:15 PM, Old:  10.00, New:   0.15,,,,,,,
Excitation Wavelength Changed: 8/19/2022 12:43:15 PM, Old: 350.00, New: 255.00,,,,,,,
Emission Wavelength Changed: 8/19/2022 12:43:15 PM, Old: 400.00, New: 420.00,,,,,,,
Stop Wavelength Changed: 8/19/2022 12:43:15 PM, Old: 600.00, New: 400.00,,,,,,,
Zero Mode Changed: 8/19/2022 12:43:34 PM, Old:OFF, New:Reading,,,,,,,
Zero Mode Changed: 8/19/2022 12:43:34 PM, Old:Reading, New:ON,,,,,,,
Zero Mode Changed: 8/19/2022 12:48:51 PM, Old:ON, New:Reading,,,,,,,
Zero Mode Changed: 8/19/2022 12:48:51 PM, Old:Reading, New:ON,,,,,,,
Emission Wavelength Changed: 8/19/2022 12:49:41 PM, Old: 420.00, New: 520.00,,,,,,,
Stop Wavelength Changed: 8/19/2022 12:49:41 PM, Old: 400.00, New: 500.00,,,,,,,
Scan mode: Changed: 8/19/2022 1:09:03 PM, Old:Excitation, New:Emission,,,,,,,
Excitation Wavelength Changed: 8/19/2022 1:09:03 PM, Old: 255.00, New: 245.00,,,,,,,
Emission Wavelength Changed: 8/19/2022 1:09:03 PM, Old: 520.00, New: 255.00,,,,,,,
Zero Mode Changed: 8/19/2022 1:09:38 PM, Old:ON, New:Reading,,,,,,,
Zero Mode Changed: 8/19/2022 1:09:38 PM, Old:Reading, New:ON,,,,,,,
Scan mode: Changed: 8/19/2022 1:11:43 PM, Old:Emission, New:Excitation,,,,,,,
Emission Wavelength Changed: 8/19/2022 1:11:43 PM, Old: 255.00, New: 385.00,,,,,,,
Stop Wavelength Changed: 8/19/2022 1:11:43 PM, Old: 500.00, New: 375.00,,,,,,,
Zero Mode Changed: 8/19/2022 1:11:46 PM, Old:ON, New:Reading,,,,,,,
Zero Mode Changed: 8/19/2022 1:11:46 PM, Old:Reading, New:ON,,,,,,,
Scan mode: Changed: 8/19/2022 1:14:05 PM, Old:Excitation, New:Emission,,,,,,,
Excitation Wavelength Changed: 8/19/2022 1:14:05 PM, Old: 245.00, New: 310.00,,,,,,,
Emission Wavelength Changed: 8/19/2022 1:14:05 PM, Old: 385.00, New: 320.00,,,,,,,
Stop Wavelength Changed: 8/19/2022 1:14:05 PM, Old: 375.00, New: 550.00,,,,,,,
Zero Mode Changed: 8/19/2022 1:14:10 PM, Old:ON, New:Reading,,,,,,,
Zero Mode Changed: 8/19/2022 1:14:10 PM, Old:Reading, New:ON,,,,,,,
End Method Modifications,,,,,,,,,
,,,,,,,,,
CdS 30sec uv(em375 nm),,,,,,,,,
CdS 30sec uv(em375 nm),,,,,,,,,
Collection Time: 8/19/2022 1:17:19 PM,,,,,,,,,
Operator Name  :,,,,,,,,,
Scan Software Version: 1.1(132),,,,,,,,,
Parameter List :,,,,,,,,,
Instrument                        Cary Eclipse,,,,,,,,,
Instrument Serial Number          E08013467,,,,,,,,,
Data mode                         Fluorescence,,,,,,,,,
Scan mode                         Excitation,,,,,,,,,
X Mode                            Wavelength (nm),,,,,,,,,
Start (nm)                        245.00,,,,,,,,,
Stop (nm)                         365.00,,,,,,,,,
Em. Wavelength (nm)               375.00,,,,,,,,,
Ex. Slit (nm)                     5,,,,,,,,,
Em. Slit (nm)                     5,,,,,,,,,
Scan rate (nm/min)                600.00,,,,,,,,,
Data interval (nm)                1.0000,,,,,,,,,
Averaging Time (s)                0.1000,,,,,,,,,
Excitation filter                 Auto,,,,,,,,,
Emission filter                   Open,,,,,,,,,
PMT voltage (V)                   Medium,,,,,,,,,
Corrected spectra                 OFF,,,,,,,,,
Method Log     :,,,,,,,,,
Method Name    : Default,,,,,,,,,
Date/Time stamp: 8/19/2022 12:22:35 PM,,,,,,,,,
Method Modifications:,,,,,,,,,
Scan mode: Changed: 8/19/2022 12:43:15 PM, Old:Emission, New:Excitation,,,,,,,
User Delta Stop Changed: 8/19/2022 12:43:15 PM, Old: 450.00, New: 678.00,,,,,,,
User Delta Increment Changed: 8/19/2022 12:43:15 PM, Old:  10.00, New:   0.15,,,,,,,
Excitation Wavelength Changed: 8/19/2022 12:43:15 PM, Old: 350.00, New: 255.00,,,,,,,
Emission Wavelength Changed: 8/19/2022 12:43:15 PM, Old: 400.00, New: 420.00,,,,,,,
Stop Wavelength Changed: 8/19/2022 12:43:15 PM, Old: 600.00, New: 400.00,,,,,,,
Zero Mode Changed: 8/19/2022 12:43:34 PM, Old:OFF, New:Reading,,,,,,,
Zero Mode Changed: 8/19/2022 12:43:34 PM, Old:Reading, New:ON,,,,,,,
Zero Mode Changed: 8/19/2022 12:48:51 PM, Old:ON, New:Reading,,,,,,,
Zero Mode Changed: 8/19/2022 12:48:51 PM, Old:Reading, New:ON,,,,,,,
Emission Wavelength Changed: 8/19/2022 12:49:41 PM, Old: 420.00, New: 520.00,,,,,,,
Stop Wavelength Changed: 8/19/2022 12:49:41 PM, Old: 400.00, New: 500.00,,,,,,,
Scan mode: Changed: 8/19/2022 1:09:03 PM, Old:Excitation, New:Emission,,,,,,,
Excitation Wavelength Changed: 8/19/2022 1:09:03 PM, Old: 255.00, New: 245.00,,,,,,,
Emission Wavelength Changed: 8/19/2022 1:09:03 PM, Old: 520.00, New: 255.00,,,,,,,
Zero Mode Changed: 8/19/2022 1:09:38 PM, Old:ON, New:Reading,,,,,,,
Zero Mode Changed: 8/19/2022 1:09:38 PM, Old:Reading, New:ON,,,,,,,
Scan mode: Changed: 8/19/2022 1:11:43 PM, Old:Emission, New:Excitation,,,,,,,
Emission Wavelength Changed: 8/19/2022 1:11:43 PM, Old: 255.00, New: 385.00,,,,,,,
Stop Wavelength Changed: 8/19/2022 1:11:43 PM, Old: 500.00, New: 375.00,,,,,,,
Zero Mode Changed: 8/19/2022 1:11:46 PM, Old:ON, New:Reading,,,,,,,
Zero Mode Changed: 8/19/2022 1:11:46 PM, Old:Reading, New:ON,,,,,,,
Scan mode: Changed: 8/19/2022 1:14:05 PM, Old:Excitation, New:Emission,,,,,,,
Excitation Wavelength Changed: 8/19/2022 1:14:05 PM, Old: 245.00, New: 310.00,,,,,,,
Emission Wavelength Changed: 8/19/2022 1:14:05 PM, Old: 385.00, New: 320.00,,,,,,,
Stop Wavelength Changed: 8/19/2022 1:14:05 PM, Old: 375.00, New: 550.00,,,,,,,
Zero Mode Changed: 8/19/2022 1:14:10 PM, Old:ON, New:Reading,,,,,,,
Zero Mode Changed: 8/19/2022 1:14:10 PM, Old:Reading, New:ON,,,,,,,
Scan mode: Changed: 8/19/2022 1:16:56 PM, Old:Emission, New:Excitation,,,,,,,
Excitation Wavelength Changed: 8/19/2022 1:16:56 PM, Old: 310.00, New: 245.00,,,,,,,
Emission Wavelength Changed: 8/19/2022 1:16:56 PM, Old: 320.00, New: 375.00,,,,,,,
Stop Wavelength Changed: 8/19/2022 1:16:56 PM, Old: 550.00, New: 365.00,,,,,,,
Zero Mode Changed: 8/19/2022 1:17:03 PM, Old:ON, New:Reading,,,,,,,
Zero Mode Changed: 8/19/2022 1:17:03 PM, Old:Reading, New:ON,,,,,,,
End Method Modifications,,,,,,,,,
,,,,,,,,,
CdS 30sec uv(ex305 nm),,,,,,,,,
CdS 30sec uv(ex305 nm),,,,,,,,,
Collection Time: 8/19/2022 1:20:15 PM,,,,,,,,,
Operator Name  :,,,,,,,,,
Scan Software Version: 1.1(132),,,,,,,,,
Parameter List :,,,,,,,,,
Instrument                        Cary Eclipse,,,,,,,,,
Instrument Serial Number          E08013467,,,,,,,,,
Data mode                         Fluorescence,,,,,,,,,
Scan mode                         Emission,,,,,,,,,
X Mode                            Wavelength (nm),,,,,,,,,
Start (nm)                        315.00,,,,,,,,,
Stop (nm)                         550.00,,,,,,,,,
Ex. Wavelength (nm)               305.00,,,,,,,,,
Ex. Slit (nm)                     5,,,,,,,,,
Em. Slit (nm)                     5,,,,,,,,,
Scan rate (nm/min)                600.00,,,,,,,,,
Data interval (nm)                1.0000,,,,,,,,,
Averaging Time (s)                0.1000,,,,,,,,,
Excitation filter                 Auto,,,,,,,,,
Emission filter                   Open,,,,,,,,,
PMT voltage (V)                   Medium,,,,,,,,,
Corrected spectra                 OFF,,,,,,,,,
Method Log     :,,,,,,,,,
Method Name    : Default,,,,,,,,,
Date/Time stamp: 8/19/2022 12:22:35 PM,,,,,,,,,
Method Modifications:,,,,,,,,,
Scan mode: Changed: 8/19/2022 12:43:15 PM, Old:Emission, New:Excitation,,,,,,,
User Delta Stop Changed: 8/19/2022 12:43:15 PM, Old: 450.00, New: 678.00,,,,,,,
User Delta Increment Changed: 8/19/2022 12:43:15 PM, Old:  10.00, New:   0.15,,,,,,,
Excitation Wavelength Changed: 8/19/2022 12:43:15 PM, Old: 350.00, New: 255.00,,,,,,,
Emission Wavelength Changed: 8/19/2022 12:43:15 PM, Old: 400.00, New: 420.00,,,,,,,
Stop Wavelength Changed: 8/19/2022 12:43:15 PM, Old: 600.00, New: 400.00,,,,,,,
Zero Mode Changed: 8/19/2022 12:43:34 PM, Old:OFF, New:Reading,,,,,,,
Zero Mode Changed: 8/19/2022 12:43:34 PM, Old:Reading, New:ON,,,,,,,
Zero Mode Changed: 8/19/2022 12:48:51 PM, Old:ON, New:Reading,,,,,,,
Zero Mode Changed: 8/19/2022 12:48:51 PM, Old:Reading, New:ON,,,,,,,
Emission Wavelength Changed: 8/19/2022 12:49:41 PM, Old: 420.00, New: 520.00,,,,,,,
Stop Wavelength Changed: 8/19/2022 12:49:41 PM, Old: 400.00, New: 500.00,,,,,,,
Scan mode: Changed: 8/19/2022 1:09:03 PM, Old:Excitation, New:Emission,,,,,,,
Excitation Wavelength Changed: 8/19/2022 1:09:03 PM, Old: 255.00, New: 245.00,,,,,,,
Emission Wavelength Changed: 8/19/2022 1:09:03 PM, Old: 520.00, New: 255.00,,,,,,,
Zero Mode Changed: 8/19/2022 1:09:38 PM, Old:ON, New:Reading,,,,,,,
Zero Mode Changed: 8/19/2022 1:09:38 PM, Old:Reading, New:ON,,,,,,,
Scan mode: Changed: 8/19/2022 1:11:43 PM, Old:Emission, New:Excitation,,,,,,,
Emission Wavelength Changed: 8/19/2022 1:11:43 PM, Old: 255.00, New: 385.00,,,,,,,
Stop Wavelength Changed: 8/19/2022 1:11:43 PM, Old: 500.00, New: 375.00,,,,,,,
Zero Mode Changed: 8/19/2022 1:11:46 PM, Old:ON, New:Reading,,,,,,,
Zero Mode Changed: 8/19/2022 1:11:46 PM, Old:Reading, New:ON,,,,,,,
Scan mode: Changed: 8/19/2022 1:14:05 PM, Old:Excitation, New:Emission,,,,,,,
Excitation Wavelength Changed: 8/19/2022 1:14:05 PM, Old: 245.00, New: 310.00,,,,,,,
Emission Wavelength Changed: 8/19/2022 1:14:05 PM, Old: 385.00, New: 320.00,,,,,,,
Stop Wavelength Changed: 8/19/2022 1:14:05 PM, Old: 375.00, New: 550.00,,,,,,,
Zero Mode Changed: 8/19/2022 1:14:10 PM, Old:ON, New:Reading,,,,,,,
Zero Mode Changed: 8/19/2022 1:14:10 PM, Old:Reading, New:ON,,,,,,,
Scan mode: Changed: 8/19/2022 1:16:56 PM, Old:Emission, New:Excitation,,,,,,,
Excitation Wavelength Changed: 8/19/2022 1:16:56 PM, Old: 310.00, New: 245.00,,,,,,,
Emission Wavelength Changed: 8/19/2022 1:16:56 PM, Old: 320.00, New: 375.00,,,,,,,
Stop Wavelength Changed: 8/19/2022 1:16:56 PM, Old: 550.00, New: 365.00,,,,,,,
Zero Mode Changed: 8/19/2022 1:17:03 PM, Old:ON, New:Reading,,,,,,,
Zero Mode Changed: 8/19/2022 1:17:03 PM, Old:Reading, New:ON,,,,,,,
Scan mode: Changed: 8/19/2022 1:20:00 PM, Old:Excitation, New:Emission,,,,,,,
Excitation Wavelength Changed: 8/19/2022 1:20:00 PM, Old: 245.00, New: 305.00,,,,,,,
Emission Wavelength Changed: 8/19/2022 1:20:00 PM, Old: 375.00, New: 315.00,,,,,,,
Stop Wavelength Changed: 8/19/2022 1:20:00 PM, Old: 365.00, New: 550.00,,,,,,,
Zero Mode Changed: 8/19/2022 1:20:02 PM, Old:ON, New:Reading,,,,,,,
Zero Mode Changed: 8/19/2022 1:20:03 PM, Old:Reading, New:ON,,,,,,,
End Method Modifications,,,,,,,,,
